#
# A fatal error has been detected by the Java Runtime Environment:
#
#  SIGSEGV (0xb) at pc=0x00007922e59d8f03, pid=27718, tid=27735
#
# JRE version: OpenJDK Runtime Environment Temurin-21.0.11+10 (21.0.11+10) (build 21.0.11+10-LTS)
# Java VM: OpenJDK 64-Bit Server VM Temurin-21.0.11+10 (21.0.11+10-LTS, mixed mode, sharing, tiered, compressed oops, compressed class ptrs, g1 gc, linux-amd64)
# Problematic frame:
# V  [libjvm.so+0xbd8f03]  PhaseIdealLoop::build_loop_late(VectorSet&, Node_List&, Node_Stack&)+0xf3
#
# Core dump will be written. Default location: Core dumps may be processed with "/usr/share/apport/apport -p%p -s%s -c%c -d%d -P%P -u%u -g%g -F%F -- %E" (or dumping to /home/achille/AndroidStudioProjects/SwissGrades/core.27718)
#
# If you would like to submit a bug report, please visit:
#   https://github.com/adoptium/adoptium-support/issues
#

---------------  S U M M A R Y ------------

Command Line: --add-opens=java.base/java.lang=ALL-UNNAMED --add-opens=java.base/java.lang.invoke=ALL-UNNAMED --add-opens=java.base/java.util=ALL-UNNAMED --add-opens=java.prefs/java.util.prefs=ALL-UNNAMED --add-exports=jdk.compiler/com.sun.tools.javac.api=ALL-UNNAMED --add-exports=jdk.compiler/com.sun.tools.javac.util=ALL-UNNAMED --add-opens=java.base/java.util=ALL-UNNAMED --add-opens=java.prefs/java.util.prefs=ALL-UNNAMED --add-opens=java.base/java.nio.charset=ALL-UNNAMED --add-opens=java.base/java.net=ALL-UNNAMED --add-opens=java.base/java.util.concurrent.atomic=ALL-UNNAMED --add-opens=java.xml/javax.xml.namespace=ALL-UNNAMED -Xmx2048m -Dfile.encoding=UTF-8 -Duser.country -Duser.language=en -Duser.variant -javaagent:/home/achille/.gradle/wrapper/dists/gradle-8.13-bin/5xuhj0ry160q40clulazy9h7d/gradle-8.13/lib/agents/gradle-instrumentation-agent-8.13.jar org.gradle.launcher.daemon.bootstrap.GradleDaemon 8.13

Host: 13th Gen Intel(R) Core(TM) i9-13900KS, 32 cores, 125G, Ubuntu 26.04 LTS
Time: Mon May  4 21:00:43 2026 CEST elapsed time: 93.383377 seconds (0d 0h 1m 33s)

---------------  T H R E A D  ---------------

Current thread (0x00007922e084cde0):  JavaThread "C2 CompilerThread0" daemon [_thread_in_native, id=27735, stack(0x00007922b4500000,0x00007922b4600000) (1024K)]


Current CompileTask:
C2:93383 44879       4       java.lang.Class::getMethodsRecursive (99 bytes)

Stack: [0x00007922b4500000,0x00007922b4600000],  sp=0x00007922b45fb300,  free space=1004k
Native frames: (J=compiled Java code, j=interpreted, Vv=VM code, C=native code)
V  [libjvm.so+0xbd8f03]  PhaseIdealLoop::build_loop_late(VectorSet&, Node_List&, Node_Stack&)+0xf3
V  [libjvm.so+0xbd9880]  PhaseIdealLoop::build_and_optimize()+0x740
V  [libjvm.so+0x676486]  PhaseIdealLoop::optimize(PhaseIterGVN&, LoopOptsMode)+0x216
V  [libjvm.so+0x674880]  Compile::Optimize()+0x1330
V  [libjvm.so+0x675c12]  Compile::Compile(ciEnv*, ciMethod*, int, Options, DirectiveSet*)+0xed2
V  [libjvm.so+0x59af3b]  C2Compiler::compile_method(ciEnv*, ciMethod*, int, bool, DirectiveSet*)+0x18b
V  [libjvm.so+0x67c05e]  CompileBroker::invoke_compiler_on_method(CompileTask*)+0xc9e
V  [libjvm.so+0x67f398]  CompileBroker::compiler_thread_loop()+0x738
V  [libjvm.so+0x92fca8]  JavaThread::thread_main_inner()+0x1d8
V  [libjvm.so+0xf9d138]  Thread::call_run()+0xa8
V  [libjvm.so+0xd0eeda]  thread_native_entry(Thread*)+0xda
C  [libc.so.6+0xa40da]

siginfo: si_signo: 11 (SIGSEGV), si_code: 2 (SEGV_ACCERR), si_addr: 0x00007921c4c3a2a8

Registers:
RAX=0x0000792240b4a270, RBX=0x0000792240b4e840, RCX=0x0000000000000075, RDX=0x0000000000000007
RSP=0x00007922b45fb300, RBP=0x00007922b45fb370, RSI=0x000079224086e6e0, RDI=0x00007922b45fb400
R8 =0x00000000000007ed, R9 =0x000079224086e6e0, R10=0x0000792240b4e808, R11=0x000000000000000e
R12=0x0000000000000001, R13=0x00007922b45fb6d0, R14=0x00007922b45fb420, R15=0x00007922b45fb3e0
RIP=0x00007922e59d8f03, EFLAGS=0x0000000000010246, CSGSFS=0x002b000000000033, ERR=0x0000000000000006
  TRAPNO=0x000000000000000e

XMM[0]=0x6e7500706172745f 0x6e6f6d6d6f636e75
XMM[1]=0xffff00ffffffffff 0xffffffffffffffff
XMM[2]=0x0000ff0000000000 0x0000000000000000
XMM[3]=0x00007920c42404c0 0x00007920c423f400
XMM[4]=0x0000792240138098 0x000079223c0212d0
XMM[5]=0x000079223c021070 0x00007920c46807d0
XMM[6]=0x00007920c467d520 0x00007920c467c768
XMM[7]=0x00007920c467a4b0 0x0000791e70319ba8
XMM[8]=0x000079223c01c088 0x000079223c01bfb0
XMM[9]=0x0000000000000000 0x4008000000000000
XMM[10]=0x0000000000000000 0x46293e5939a08cea
XMM[11]=0x0000000000000000 0x4376345785d8a000
XMM[12]=0x0000792240c419f0 0x0000792240c41990
XMM[13]=0x0000000000000000 0x0000792240c41e70
XMM[14]=0x0000000000000000 0x0000792240c41f30
XMM[15]=0x0000000000000000 0x0000000000000000
  MXCSR=0x00001fa2


Register to memory mapping:

RAX=0x0000792240b4a270 points into unknown readable memory: 0x00007922e62e6a98 | 98 6a 2e e6 22 79 00 00
RBX=0x0000792240b4e840 points into unknown readable memory: 0x0000000000000000 | 00 00 00 00 00 00 00 00
RCX=0x0000000000000075 is an unknown value
RDX=0x0000000000000007 is an unknown value
RSP=0x00007922b45fb300 is pointing into the stack for thread: 0x00007922e084cde0
RBP=0x00007922b45fb370 is pointing into the stack for thread: 0x00007922e084cde0
RSI=0x000079224086e6e0 points into unknown readable memory: 0x00007920c463baf8 | f8 ba 63 c4 20 79 00 00
RDI=0x00007922b45fb400 is pointing into the stack for thread: 0x00007922e084cde0
R8 =0x00000000000007ed is an unknown value
R9 =0x000079224086e6e0 points into unknown readable memory: 0x00007920c463baf8 | f8 ba 63 c4 20 79 00 00
R10=0x0000792240b4e808 points into unknown readable memory: 0x00007922e6303248 | 48 32 30 e6 22 79 00 00
R11=0x000000000000000e is an unknown value
R12=0x0000000000000001 is an unknown value
R13=0x00007922b45fb6d0 is pointing into the stack for thread: 0x00007922e084cde0
R14=0x00007922b45fb420 is pointing into the stack for thread: 0x00007922e084cde0
R15=0x00007922b45fb3e0 is pointing into the stack for thread: 0x00007922e084cde0

Top of Stack: (sp=0x00007922b45fb300)
0x00007922b45fb300:   00007922b45fb370 0000791e70269d58   p._."y..X.&p.y..
0x00007922b45fb310:   0000792000000001 00007922b45fb738   .... y..8._."y..
0x00007922b45fb320:   00000001b45fb348 00007922b45fb400   H._......._."y..
0x00007922b45fb330:   0000792200000001 0000792240b4dd50   ...."y..P..@"y..
0x00007922b45fb340:   00007922b45fb778 0000000000000005   x._."y..........
0x00007922b45fb350:   00007922b45fb3e0 0000000000000006   .._."y..........
0x00007922b45fb360:   00007922b45fb420 00007922b45fb6d0    ._."y...._."y..
0x00007922b45fb370:   00007922b45fb690 00007922e59d9880   .._."y......"y..
0x00007922b45fb380:   0000000000000000 000079219cd40630   ........0...!y..
0x00007922b45fb390:   00007922000007ee 00007922000007ed   ...."y......"y..
0x00007922b45fb3a0:   00007922b45fb400 00007922e5554dec   .._."y...MU."y..
0x00007922b45fb3b0:   0000000000000000 0000000080009382   ................
0x00007922b45fb3c0:   00007922e0005570 0000792240137d40   pU.."y..@}.@"y..
0x00007922b45fb3d0:   000000007fffffff 00007920c435efe0   ..........5. y..
0x00007922b45fb3e0:   0000792200000040 000079224082e510   @..."y.....@"y..
0x00007922b45fb3f0:   0000792200000040 00007922e084b260   @..."y..`..."y..
0x00007922b45fb400:   000079224082c6a0 000079224082e490   ...@"y.....@"y..
0x00007922b45fb410:   000079224082c6a0 00007922e084b260   ...@"y..`..."y..
0x00007922b45fb420:   00007922e084b260 0000792000000080   `..."y...... y..
0x00007922b45fb430:   0000792240c41750 0000792100000008   P..@"y......!y..
0x00007922b45fb440:   00007922e084b260 0000792200000004   `..."y......"y..
0x00007922b45fb450:   000079224082c680 0000792200000000   ...@"y......"y..
0x00007922b45fb460:   0000000000000000 00007922e55c17d9   ..........\."y..
0x00007922b45fb470:   00007920c435efe0 0000000000000020   ..5. y.. .......
0x00007922b45fb480:   000000007fffffff 00007920c423f508   ..........#. y..
0x00007922b45fb490:   00007922b45fba70 00007920c423f508   p._."y....#. y..
0x00007922b45fb4a0:   00007922b45fba70 00007920c423f508   p._."y....#. y..
0x00007922b45fb4b0:   0000792240138030 00007920c423f4b0   0..@"y....#. y..
0x00007922b45fb4c0:   00007922b45fb540 00007922e5a720b9   @._."y... .."y..
0x00007922b45fb4d0:   00007920c435d950 00007920c423f508   P.5. y....#. y..
0x00007922b45fb4e0:   00007920c423da10 0000792200000002   ..#. y......"y..
0x00007922b45fb4f0:   00007920c435d950 0000000000000000   P.5. y..........

Instructions: (pc=0x00007922e59d8f03)
0x00007922e59d8e03:   00 00 e9 c6 f7 ff ff 66 0f 1f 44 00 00 55 48 8d
0x00007922e59d8e13:   47 68 48 89 e5 41 57 49 89 f7 41 56 49 89 d6 41
0x00007922e59d8e23:   55 49 89 fd 41 54 41 bc 01 00 00 00 53 48 83 ec
0x00007922e59d8e33:   48 48 89 4d b8 48 89 45 a8 41 8b 46 18 85 c0 0f
0x00007922e59d8e43:   84 3e 01 00 00 49 8b 56 10 83 e8 01 41 89 46 18
0x00007922e59d8e53:   48 8b 1c c2 8b 4b 28 89 c8 c1 e8 05 41 3b 07 0f
0x00007922e59d8e63:   83 30 01 00 00 44 89 e2 d3 e2 49 8b 4f 08 89 d6
0x00007922e59d8e73:   48 8d 0c 81 8b 01 09 c6 89 31 85 c2 75 bb 44 8b
0x00007922e59d8e83:   5b 20 31 d2 41 39 d3 0f 86 d0 00 00 00 48 8b 43
0x00007922e59d8e93:   10 89 d1 83 c2 01 4c 8b 14 c8 41 8b 4a 28 41 3b
0x00007922e59d8ea3:   4d 20 0f 83 25 01 00 00 49 8b 75 28 89 c8 48 83
0x00007922e59d8eb3:   3c c6 00 0f 84 14 01 00 00 49 8b 42 08 48 83 38
0x00007922e59d8ec3:   00 74 3b 49 8b 02 89 55 b4 4c 89 d7 44 89 5d c0
0x00007922e59d8ed3:   4c 89 55 c8 ff 50 10 4c 8b 55 c8 44 8b 5d c0 84
0x00007922e59d8ee3:   c0 8b 55 b4 0f 85 1b 01 00 00 41 8b 42 2c 83 e0
0x00007922e59d8ef3:   0f 83 f8 0c 0f 84 0b 01 00 00 41 8b 4a 28 89 c8
0x00007922e59d8f03:   c1 e8 05 41 3b 07 0f 83 d1 01 00 00 49 8b 77 08
0x00007922e59d8f13:   44 89 e7 d3 e7 48 8d 34 86 89 f9 8b 06 09 c7 89
0x00007922e59d8f23:   3e 85 c1 0f 85 5b ff ff ff 48 8b 7d b8 48 8b 07
0x00007922e59d8f33:   48 89 45 c8 48 83 c0 10 48 89 07 48 3b 47 08 0f
0x00007922e59d8f43:   83 d0 01 00 00 48 89 18 4c 89 d3 89 50 08 45 8b
0x00007922e59d8f53:   5a 20 31 d2 41 39 d3 0f 87 30 ff ff ff ba 01 00
0x00007922e59d8f63:   00 00 48 89 de 4c 89 ef e8 60 f6 ff ff 49 8b 45
0x00007922e59d8f73:   10 48 8b 90 68 01 00 00 48 83 7a 58 00 0f 84 ca
0x00007922e59d8f83:   00 00 00 48 83 c4 48 5b 41 5c 41 5d 41 5e 41 5f
0x00007922e59d8f93:   5d c3 0f 1f 00 89 c6 4c 89 ff 89 4d c0 89 45 c8
0x00007922e59d8fa3:   e8 38 24 42 00 8b 4d c0 44 89 e2 8b 45 c8 d3 e2
0x00007922e59d8fb3:   49 8b 4f 08 48 8d 0c 81 8b 01 89 c6 09 d6 89 31
0x00007922e59d8fc3:   85 d0 0f 85 71 fe ff ff e9 b1 fe ff ff 49 83 7a
0x00007922e59d8fd3:   10 00 0f 84 e1 fe ff ff 41 8b 85 80 00 00 00 8d
0x00007922e59d8fe3:   48 01 41 89 8d 80 00 00 00 41 3b 45 70 0f 83 ba
0x00007922e59d8ff3:   00 00 00 49 8b 4d 78 4c 89 14 c1 e9 84 fe ff ff


Stack slot to memory mapping:

stack at sp + 0 slots: 0x00007922b45fb370 is pointing into the stack for thread: 0x00007922e084cde0
stack at sp + 1 slots: 0x0000791e70269d58 points into unknown readable memory: 0x00007922e62e2180 | 80 21 2e e6 22 79 00 00
stack at sp + 2 slots: 0x0000792000000001 points into unknown readable memory: 00 00 00 20 79 00 00
stack at sp + 3 slots: 0x00007922b45fb738 is pointing into the stack for thread: 0x00007922e084cde0
stack at sp + 4 slots: 0x00000001b45fb348 is an unknown value
stack at sp + 5 slots: 0x00007922b45fb400 is pointing into the stack for thread: 0x00007922e084cde0
stack at sp + 6 slots: 0x0000792200000001 points into unknown readable memory: 00 00 00 22 79 00 00
stack at sp + 7 slots: 0x0000792240b4dd50 points into unknown readable memory: 0x00007922e62ee290 | 90 e2 2e e6 22 79 00 00


---------------  P R O C E S S  ---------------

Threads class SMR info:
_java_thread_list=0x00007920d00e2740, length=418, elements={
0x00007922e002e8e0, 0x00007922e08459e0, 0x00007922e0846f50, 0x00007922e08486e0,
0x00007922e0849d20, 0x00007922e084b2c0, 0x00007922e084cde0, 0x00007922e084e4a0,
0x00007922e0895260, 0x00007922e08e81e0, 0x00007922e1a5e800, 0x00007922e1ad33a0,
0x00007922e1b0ec60, 0x0000792210015230, 0x000079220800a760, 0x000079219c2368c0,
0x000079219c2408a0, 0x000079219c257410, 0x000079219cfaedb0, 0x000079219cfb1610,
0x000079219d586580, 0x000079219e79d640, 0x0000791f98068170, 0x0000791f980fa260,
0x0000791f98107390, 0x0000791f9811b0d0, 0x0000791f9811c140, 0x00007922a8001970,
0x0000791f480077e0, 0x0000791e94008f50, 0x0000791e9000deb0, 0x0000791e9c002560,
0x0000791e980117f0, 0x0000791ea400b880, 0x0000791ea0005b60, 0x0000791ea8009ba0,
0x0000791eb400ef30, 0x0000791eb40134f0, 0x0000791ebc00a230, 0x000079220800bb40,
0x000079219de61510, 0x000079219c616500, 0x0000792208010a00, 0x0000792208004390,
0x000079219c00cda0, 0x000079219dea5100, 0x000079219ce90b80, 0x000079219de63f60,
0x000079219f590810, 0x000079219de95010, 0x000079219de76bc0, 0x000079219deb0f70,
0x000079223c6071e0, 0x000079219de73270, 0x000079219dec61e0, 0x000079219debb7e0,
0x000079219de60690, 0x000079219deba2d0, 0x000079219de67760, 0x000079219ce98ec0,
0x000079219de6f9d0, 0x000079219deccfc0, 0x000079219de77f70, 0x000079219decf6a0,
0x000079219c00f720, 0x000079219de59e50, 0x000079219deb3c60, 0x000079219c003d60,
0x000079219d4beef0, 0x000079219de9bf70, 0x000079219dedb160, 0x000079219dee0730,
0x000079219d68d2c0, 0x000079219de93e00, 0x000079219de5e070, 0x000079219de7be20,
0x000079219deb9120, 0x000079219de9eb30, 0x000079219d64d8d0, 0x000079219ded63b0,
0x000079219de986f0, 0x000079219de68ab0, 0x000079219ded0be0, 0x000079219f58e860,
0x000079219deafae0, 0x000079219dead450, 0x000079219de51020, 0x000079219de65290,
0x000079219deac120, 0x000079219deb5ef0, 0x000079219de6c110, 0x000079219dece690,
0x000079219de5bbc0, 0x000079219de662a0, 0x000079219de5abe0, 0x000079219de59450,
0x000079219dea9960, 0x000079219dea0140, 0x000079219dea82c0, 0x000079219c613ee0,
0x000079219c612d30, 0x000079219de6afe0, 0x000079219de4e610, 0x000079219ded4880,
0x000079219f58abf0, 0x000079219cb87810, 0x000079219cb88220, 0x000079219deead40,
0x000079219cb826c0, 0x000079219c3d03a0, 0x000079219c6d1740, 0x000079219c6d28c0,
0x000079219ccd4d40, 0x000079219ccd5680, 0x000079219ccd6430, 0x000079219ccd8150,
0x000079223c25f290, 0x000079219c70e3e0, 0x0000791fa4002f80, 0x0000791fa4003e00,
0x0000791fa4004f70, 0x0000791fa4006190, 0x0000791fa40073b0, 0x0000791fa400b0c0,
0x0000791fa400c040, 0x0000791fa400ce60, 0x0000791fa400dc80, 0x000079206c0010a0,
0x0000791fa400eab0, 0x0000791fa400f610, 0x0000791fa4010700, 0x0000791fa4011520,
0x0000791fa4012340, 0x0000791fa4013170, 0x0000791fa4013fa0, 0x0000791fa4014dc0,
0x0000791fa4015be0, 0x0000791fa4016a10, 0x0000791fa4017840, 0x0000791fa40188e0,
0x0000791fa4019700, 0x0000791fa401a530, 0x0000791fa401b750, 0x0000791fa401c960,
0x0000791fa401d780, 0x0000791fa401e5a0, 0x0000791fa401f3c0, 0x0000791fa40201e0,
0x0000791fa40213f0, 0x0000791fa4022220, 0x0000792134001d40, 0x0000792134003ae0,
0x000079213401af30, 0x0000792134004930, 0x0000792134005550, 0x0000792134006a60,
0x0000792134008110, 0x0000792134008ed0, 0x000079213400a080, 0x000079213400b240,
0x000079213400c000, 0x000079213400d210, 0x000079213400e420, 0x000079213400f250,
0x0000792134010520, 0x00007921340116d0, 0x00007921340124d0, 0x00007921340136d0,
0x00007921340144e0, 0x0000792134015300, 0x00007921340164f0, 0x0000792134017980,
0x0000792134018b90, 0x0000792134019da0, 0x000079213401cf10, 0x000079213401dd30,
0x000079213401ee20, 0x0000792134020030, 0x0000792134021240, 0x0000792134022080,
0x0000792134023450, 0x0000792134026f10, 0x0000792134027c10, 0x0000792134028920,
0x0000792134029780, 0x000079213402a5f0, 0x000079213402b460, 0x000079213402c410,
0x000079213402d5b0, 0x000079213402e7d0, 0x000079213402f660, 0x0000792134030820,
0x0000792134031a30, 0x0000792134032c40, 0x0000792134033e50, 0x0000792134035070,
0x0000792134036290, 0x0000792134037490, 0x0000792134038360, 0x00007921340390f0,
0x000079213403a2f0, 0x000079213403b500, 0x000079213403c710, 0x000079213403dbb0,
0x000079213403edd0, 0x000079213403fce0, 0x0000792134040e10, 0x0000792134041c30,
0x0000792134042a50, 0x0000792134043c60, 0x0000792134044a90, 0x0000792134045cb0,
0x000079206c0022e0, 0x000079206c003b90, 0x000079206c004990, 0x000079206c0057a0,
0x000079206c0065b0, 0x000079206c0073d0, 0x000079206c006cc0, 0x000079206c007ae0,
0x000079206c008f00, 0x000079206c00a110, 0x000079206c00b320, 0x000079206c00c150,
0x000079206c00cf60, 0x000079206c00dd80, 0x000079206c00ef90, 0x000079206c00fdc0,
0x000079206c010bd0, 0x000079206c0119f0, 0x000079206c012810, 0x000079206c013a60,
0x000079206c014870, 0x000079206c0156c0, 0x000079206c0164e0, 0x000079206c017310,
0x000079206c0183a0, 0x000079206c0195b0, 0x000079206c01a3d0, 0x000079206c01b200,
0x000079206c01c400, 0x000079206c01d220, 0x000079206c01e040, 0x0000792044001b60,
0x0000792044003260, 0x0000792044002270, 0x0000792044006b50, 0x0000792044007940,
0x0000792044008b40, 0x0000792044009960, 0x000079204400ab70, 0x000079204400bd90,
0x000079204400d210, 0x000079204400e420, 0x000079204400f620, 0x0000792044010830,
0x0000792044011a40, 0x0000792044012c60, 0x0000792044013a70, 0x0000792044014c80,
0x0000792044015e90, 0x00007920440170b0, 0x00007920440182d0, 0x00007920440194e0,
0x000079204401a6c0, 0x000079204401b8d0, 0x000079204401cad0, 0x000079204401d8f0,
0x000079204401ed80, 0x000079204401fbb0, 0x0000792044020db0, 0x0000792044021fc0,
0x00007920440231d0, 0x00007920440243f0, 0x00007920440255f0, 0x0000792044026870,
0x0000792044027a10, 0x0000792044028850, 0x0000792044029640, 0x000079204402a460,
0x000079204402b670, 0x000079204402c890, 0x000079204402d6a0, 0x000079204402e8b0,
0x000079204402f940, 0x0000792044030760, 0x0000792044031970, 0x0000792044032b90,
0x0000792044033d90, 0x0000792044034fa0, 0x00007920440361b0, 0x00007920440373d0,
0x00007920440385f0, 0x0000792044039800, 0x000079204403a9e0, 0x000079204403bbf0,
0x000079204403ce00, 0x000079204403dc30, 0x000079204403ea30, 0x000079204403fc30,
0x00007920440410c0, 0x0000792044041ef0, 0x00007920440430f0, 0x0000792044044300,
0x0000792044045510, 0x0000792044046340, 0x00007920440477b0, 0x00007920440483d0,
0x00007920440493b0, 0x000079204404a200, 0x000079204404b010, 0x000079204404be30,
0x000079204404d040, 0x000079204404e260, 0x000079204404f460, 0x00007920440508f0,
0x0000792044052170, 0x0000792044052e00, 0x0000792044054210, 0x0000792044055430,
0x0000792044056630, 0x0000792044057840, 0x0000792044058a50, 0x0000792044059c70,
0x000079204405ae90, 0x000079204405c0a0, 0x000079204405d280, 0x000079204405e0a0,
0x000079204405f2b0, 0x00007920440604d0, 0x00007920440616d0, 0x00007920440628e0,
0x0000792044066600, 0x0000792044067820, 0x0000792044068a20, 0x0000792044069c30,
0x000079204406ae40, 0x000079204406bc70, 0x000079204406ce90, 0x000079204406e0a0,
0x000079204406eec0, 0x00007920440700d0, 0x00007920440712d0, 0x00007920440724e0,
0x00007920440736f0, 0x0000792044074520, 0x0000792044075720, 0x0000792044076930,
0x0000792044077db0, 0x0000792044078fc0, 0x000079204407a1d0, 0x000079204407b000,
0x000079204407c200, 0x000079204407d020, 0x000079204407de40, 0x000079204407f050,
0x0000792044080260, 0x0000792044081480, 0x0000792044082290, 0x00007920440834a0,
0x00007920440846b0, 0x00007920440854e0, 0x00007920440866e0, 0x00007920440878e0,
0x0000792044088d70, 0x0000792044089ba0, 0x000079204408ada0, 0x000079204408bfb0,
0x000079204408d1c0, 0x00007921fc331e70, 0x000079204408f1f0, 0x00007920440941d0,
0x00007920440935f0, 0x0000792044094e30, 0x0000792044095c40, 0x0000792044096a60,
0x0000792044097880, 0x00007920440986b0, 0x00007920440994c0, 0x000079204409a300,
0x000079204409b3a0, 0x000079204409c2c0, 0x000079204409d030, 0x000079204409dde0,
0x000079204409ebd0, 0x000079204409fde0, 0x00007920440a0c00, 0x00007920440a1a30,
0x00007920440a2c20, 0x00007920440a3e20, 0x00007920440a5020, 0x00007920440a6230,
0x00007920440a7430, 0x00007920440a8640, 0x00007920440a9850, 0x00007920440aaa70,
0x00007920440abb20, 0x00007920440acd10, 0x00007920440adf20, 0x00007920440af140,
0x00007920440b0340, 0x00007920440b1a00, 0x00007920440b2760, 0x00007920440b38e0,
0x00007920440b4720, 0x00007920440b5550, 0x00007920440b6380, 0x00007920440b71c0,
0x00007920440b8000, 0x00007920a0007b30, 0x0000792110004640, 0x0000791fa801dc60,
0x00007920d0123eb0, 0x00007921c8006670, 0x0000792248781f50, 0x00007922480bdc40,
0x00007920d00ddb20, 0x00007920d00e1ed0
}

Java Threads: ( => current thread )
  0x00007922e002e8e0 JavaThread "main"                              [_thread_blocked, id=27719, stack(0x00007922e4bda000,0x00007922e4cda000) (1024K)]
  0x00007922e08459e0 JavaThread "Reference Handler"          daemon [_thread_blocked, id=27730, stack(0x00007922b4ff1000,0x00007922b50f1000) (1024K)]
  0x00007922e0846f50 JavaThread "Finalizer"                  daemon [_thread_blocked, id=27731, stack(0x00007922b4900000,0x00007922b4a00000) (1024K)]
  0x00007922e08486e0 JavaThread "Signal Dispatcher"          daemon [_thread_blocked, id=27732, stack(0x00007922b4800000,0x00007922b4900000) (1024K)]
  0x00007922e0849d20 JavaThread "Service Thread"             daemon [_thread_blocked, id=27733, stack(0x00007922b4700000,0x00007922b4800000) (1024K)]
  0x00007922e084b2c0 JavaThread "Monitor Deflation Thread"   daemon [_thread_blocked, id=27734, stack(0x00007922b4600000,0x00007922b4700000) (1024K)]
=>0x00007922e084cde0 JavaThread "C2 CompilerThread0"         daemon [_thread_in_native, id=27735, stack(0x00007922b4500000,0x00007922b4600000) (1024K)]
  0x00007922e084e4a0 JavaThread "C1 CompilerThread0"         daemon [_thread_in_native, id=27736, stack(0x00007922b4400000,0x00007922b4500000) (1024K)]
  0x00007922e0895260 JavaThread "Common-Cleaner"             daemon [_thread_blocked, id=27741, stack(0x0000792262f00000,0x0000792263000000) (1024K)]
  0x00007922e08e81e0 JavaThread "Notification Thread"        daemon [_thread_blocked, id=27742, stack(0x0000792262e00000,0x0000792262f00000) (1024K)]
  0x00007922e1a5e800 JavaThread "Daemon health stats"               [_thread_blocked, id=27784, stack(0x0000792262500000,0x0000792262600000) (1024K)]
  0x00007922e1ad33a0 JavaThread "Incoming local TCP Connector on port 43591"        [_thread_in_native, id=27785, stack(0x0000792262400000,0x0000792262500000) (1024K)]
  0x00007922e1b0ec60 JavaThread "Daemon periodic checks"            [_thread_blocked, id=27786, stack(0x0000792262300000,0x0000792262400000) (1024K)]
  0x0000792210015230 JavaThread "Daemon"                            [_thread_blocked, id=27787, stack(0x0000792262200000,0x0000792262300000) (1024K)]
  0x000079220800a760 JavaThread "Daemon worker"                     [_thread_blocked, id=27812, stack(0x00007922608ea000,0x00007922609ea000) (1024K)]
  0x000079219c2368c0 JavaThread "Cache worker for journal cache (/home/achille/.gradle/caches/journal-1)"        [_thread_blocked, id=27825, stack(0x00007922604ea000,0x00007922605ea000) (1024K)]
  0x000079219c2408a0 JavaThread "File lock request listener"        [_thread_in_native, id=27826, stack(0x00007922603ea000,0x00007922604ea000) (1024K)]
  0x000079219c257410 JavaThread "Cache worker for file hash cache (/home/achille/.gradle/caches/8.13/fileHashes)"        [_thread_blocked, id=27828, stack(0x00007922602ea000,0x00007922603ea000) (1024K)]
  0x000079219cfaedb0 JavaThread "File watcher server"        daemon [_thread_in_native, id=27836, stack(0x00007921839fd000,0x0000792183afd000) (1024K)]
  0x000079219cfb1610 JavaThread "File watcher consumer"      daemon [_thread_in_vm, id=27837, stack(0x00007921838fd000,0x00007921839fd000) (1024K)]
  0x000079219d586580 JavaThread "Cache worker for file content cache (/home/achille/.gradle/caches/8.13/fileContent)"        [_thread_blocked, id=27845, stack(0x00007921835fd000,0x00007921836fd000) (1024K)]
  0x000079219e79d640 JavaThread "Memory manager"                    [_thread_blocked, id=28046, stack(0x000079207d200000,0x000079207d300000) (1024K)]
  0x0000791f98068170 JavaThread "process reaper (pid 28630)" daemon [_thread_in_native, id=28631, stack(0x00007922e6640000,0x00007922e6662000) (136K)]
  0x0000791f980fa260 JavaThread "RMI Scheduler(0)"           daemon [_thread_blocked, id=28659, stack(0x0000791e74b00000,0x0000791e74c00000) (1024K)]
  0x0000791f98107390 JavaThread "RMI GC Daemon"              daemon [_thread_blocked, id=28661, stack(0x0000791e60037000,0x0000791e60137000) (1024K)]
  0x0000791f9811b0d0 JavaThread "RMI TCP Accept-0"           daemon [_thread_in_native, id=28663, stack(0x0000791e5adc6000,0x0000791e5aec6000) (1024K)]
  0x0000791f9811c140 JavaThread "RMI Reaper"                        [_thread_blocked, id=28664, stack(0x0000791e5acc6000,0x0000791e5adc6000) (1024K)]
  0x00007922a8001970 JavaThread "RMI TCP Connection(2)-127.0.0.1" daemon [_thread_in_native, id=28666, stack(0x0000791e5abc6000,0x0000791e5acc6000) (1024K)]
  0x0000791f480077e0 JavaThread "ForkJoinPool.commonPool-worker-1" daemon [_thread_blocked, id=28711, stack(0x0000791e60137000,0x0000791e60237000) (1024K)]
  0x0000791e94008f50 JavaThread "ForkJoinPool.commonPool-worker-2" daemon [_thread_blocked, id=28712, stack(0x0000791e5a9c6000,0x0000791e5aac6000) (1024K)]
  0x0000791e9000deb0 JavaThread "ForkJoinPool.commonPool-worker-3" daemon [_thread_blocked, id=28713, stack(0x0000791e5a8c6000,0x0000791e5a9c6000) (1024K)]
  0x0000791e9c002560 JavaThread "ForkJoinPool.commonPool-worker-4" daemon [_thread_blocked, id=28714, stack(0x0000791e5a7c6000,0x0000791e5a8c6000) (1024K)]
  0x0000791e980117f0 JavaThread "ForkJoinPool.commonPool-worker-5" daemon [_thread_blocked, id=28715, stack(0x0000791e5a6c6000,0x0000791e5a7c6000) (1024K)]
  0x0000791ea400b880 JavaThread "ForkJoinPool.commonPool-worker-6" daemon [_thread_blocked, id=28716, stack(0x0000791e5a5c6000,0x0000791e5a6c6000) (1024K)]
  0x0000791ea0005b60 JavaThread "ForkJoinPool.commonPool-worker-7" daemon [_thread_blocked, id=28717, stack(0x0000791e5a4c6000,0x0000791e5a5c6000) (1024K)]
  0x0000791ea8009ba0 JavaThread "ForkJoinPool.commonPool-worker-9" daemon [_thread_blocked, id=28719, stack(0x0000791e5a2c6000,0x0000791e5a3c6000) (1024K)]
  0x0000791eb400ef30 JavaThread "ForkJoinPool.commonPool-worker-10" daemon [_thread_blocked, id=28720, stack(0x0000791e5a1c6000,0x0000791e5a2c6000) (1024K)]
  0x0000791eb40134f0 JavaThread "ForkJoinPool.commonPool-worker-11" daemon [_thread_blocked, id=28722, stack(0x0000791e583dd000,0x0000791e584dd000) (1024K)]
  0x0000791ebc00a230 JavaThread "ForkJoinPool.commonPool-worker-12" daemon [_thread_blocked, id=28723, stack(0x0000791e582dd000,0x0000791e583dd000) (1024K)]
  0x000079220800bb40 JavaThread "VFS cleanup"                       [_thread_blocked, id=28724, stack(0x00007922607ea000,0x00007922608ea000) (1024K)]
  0x000079219de61510 JavaThread "included builds"                   [_thread_blocked, id=29131, stack(0x00007921807fd000,0x00007921808fd000) (1024K)]
  0x000079219c616500 JavaThread "included builds"                   [_thread_blocked, id=29354, stack(0x000079207fd00000,0x000079207fe00000) (1024K)]
  0x0000792208010a00 JavaThread "Handler for socket connection from /127.0.0.1:43591 to /127.0.0.1:40472"        [_thread_in_native, id=29803, stack(0x000079207d300000,0x000079207d400000) (1024K)]
  0x0000792208004390 JavaThread "Cancel handler"                    [_thread_blocked, id=29804, stack(0x0000791e5a3c6000,0x0000791e5a4c6000) (1024K)]
  0x000079219c00cda0 JavaThread "Asynchronous log dispatcher for DefaultDaemonConnection: socket connection from /127.0.0.1:43591 to /127.0.0.1:40472"        [_thread_blocked, id=29805, stack(0x00007921837fd000,0x00007921838fd000) (1024K)]
  0x000079219dea5100 JavaThread "Stdin handler"                     [_thread_blocked, id=29806, stack(0x000079207d700000,0x000079207d800000) (1024K)]
  0x000079219ce90b80 JavaThread "Daemon client event forwarder"        [_thread_blocked, id=29807, stack(0x0000791e6a700000,0x0000791e6a800000) (1024K)]
  0x000079219de63f60 JavaThread "Cache worker for file hash cache (/home/achille/AndroidStudioProjects/SwissGrades/.gradle/8.13/fileHashes)"        [_thread_blocked, id=29808, stack(0x0000792262c00000,0x0000792262d00000) (1024K)]
  0x000079219f590810 JavaThread "Cache worker for Build Output Cleanup Cache (/home/achille/AndroidStudioProjects/SwissGrades/.gradle/buildOutputCleanup)"        [_thread_blocked, id=29809, stack(0x0000792182dfd000,0x0000792182efd000) (1024K)]
  0x000079219de95010 JavaThread "Cache worker for checksums cache (/home/achille/AndroidStudioProjects/SwissGrades/.gradle/8.13/checksums)"        [_thread_blocked, id=29811, stack(0x0000791e75400000,0x0000791e75500000) (1024K)]
  0x000079219de76bc0 JavaThread "Cache worker for cache directory md-supplier (/home/achille/.gradle/caches/8.13/md-supplier)"        [_thread_blocked, id=29812, stack(0x0000792182cfd000,0x0000792182dfd000) (1024K)]
  0x000079219deb0f70 JavaThread "Cache worker for cache directory md-rule (/home/achille/.gradle/caches/8.13/md-rule)"        [_thread_blocked, id=29813, stack(0x00007922b4200000,0x00007922b4300000) (1024K)]
  0x000079223c6071e0 JavaThread "C1 CompilerThread1"         daemon [_thread_in_native, id=29815, stack(0x0000791f7a200000,0x0000791f7a300000) (1024K)]
  0x000079219de73270 JavaThread "Unconstrained build operations"        [_thread_blocked, id=29820, stack(0x00007921815fd000,0x00007921816fd000) (1024K)]
  0x000079219dec61e0 JavaThread "Unconstrained build operations Thread 2"        [_thread_blocked, id=29821, stack(0x0000792181cfd000,0x0000792181dfd000) (1024K)]
  0x000079219debb7e0 JavaThread "Unconstrained build operations Thread 3"        [_thread_blocked, id=29822, stack(0x0000792180ffd000,0x00007921810fd000) (1024K)]
  0x000079219de60690 JavaThread "Unconstrained build operations Thread 4"        [_thread_blocked, id=29823, stack(0x00007921812fd000,0x00007921813fd000) (1024K)]
  0x000079219deba2d0 JavaThread "Unconstrained build operations Thread 5"        [_thread_blocked, id=29824, stack(0x00007921800fd000,0x00007921801fd000) (1024K)]
  0x000079219de67760 JavaThread "Unconstrained build operations Thread 6"        [_thread_blocked, id=29825, stack(0x0000792180bfd000,0x0000792180cfd000) (1024K)]
  0x000079219ce98ec0 JavaThread "Unconstrained build operations Thread 7"        [_thread_blocked, id=29826, stack(0x0000792180efd000,0x0000792180ffd000) (1024K)]
  0x000079219de6f9d0 JavaThread "Unconstrained build operations Thread 8"        [_thread_blocked, id=29827, stack(0x00007921824fd000,0x00007921825fd000) (1024K)]
  0x000079219deccfc0 JavaThread "Unconstrained build operations Thread 9"        [_thread_blocked, id=29828, stack(0x00007921805fd000,0x00007921806fd000) (1024K)]
  0x000079219de77f70 JavaThread "Unconstrained build operations Thread 10"        [_thread_blocked, id=29829, stack(0x0000792182bfd000,0x0000792182cfd000) (1024K)]
  0x000079219decf6a0 JavaThread "Unconstrained build operations Thread 11"        [_thread_blocked, id=29830, stack(0x00007921831fd000,0x00007921832fd000) (1024K)]
  0x000079219c00f720 JavaThread "Unconstrained build operations Thread 12"        [_thread_blocked, id=29831, stack(0x0000792181bfd000,0x0000792181cfd000) (1024K)]
  0x000079219de59e50 JavaThread "Unconstrained build operations Thread 13"        [_thread_blocked, id=29832, stack(0x00007921830fd000,0x00007921831fd000) (1024K)]
  0x000079219deb3c60 JavaThread "Unconstrained build operations Thread 14"        [_thread_blocked, id=29833, stack(0x0000792181dfd000,0x0000792181efd000) (1024K)]
  0x000079219c003d60 JavaThread "Unconstrained build operations Thread 15"        [_thread_blocked, id=29834, stack(0x0000792180afd000,0x0000792180bfd000) (1024K)]
  0x000079219d4beef0 JavaThread "Unconstrained build operations Thread 16"        [_thread_blocked, id=29835, stack(0x00007921809fd000,0x0000792180afd000) (1024K)]
  0x000079219de9bf70 JavaThread "Unconstrained build operations Thread 17"        [_thread_blocked, id=29836, stack(0x0000792181ffd000,0x00007921820fd000) (1024K)]
  0x000079219dedb160 JavaThread "Unconstrained build operations Thread 18"        [_thread_blocked, id=29837, stack(0x0000792182ffd000,0x00007921830fd000) (1024K)]
  0x000079219dee0730 JavaThread "Unconstrained build operations Thread 19"        [_thread_blocked, id=29838, stack(0x00007921818fd000,0x00007921819fd000) (1024K)]
  0x000079219d68d2c0 JavaThread "Unconstrained build operations Thread 20"        [_thread_blocked, id=29839, stack(0x00007921814fd000,0x00007921815fd000) (1024K)]
  0x000079219de93e00 JavaThread "Unconstrained build operations Thread 21"        [_thread_blocked, id=29840, stack(0x0000791e77300000,0x0000791e77400000) (1024K)]
  0x000079219de5e070 JavaThread "Unconstrained build operations Thread 22"        [_thread_blocked, id=29841, stack(0x00007921808fd000,0x00007921809fd000) (1024K)]
  0x000079219de7be20 JavaThread "Unconstrained build operations Thread 23"        [_thread_blocked, id=29842, stack(0x00007922b4100000,0x00007922b4200000) (1024K)]
  0x000079219deb9120 JavaThread "Unconstrained build operations Thread 24"        [_thread_blocked, id=29843, stack(0x00007922b4000000,0x00007922b4100000) (1024K)]
  0x000079219de9eb30 JavaThread "Unconstrained build operations Thread 25"        [_thread_blocked, id=29844, stack(0x0000792262b00000,0x0000792262c00000) (1024K)]
  0x000079219d64d8d0 JavaThread "Unconstrained build operations Thread 26"        [_thread_blocked, id=29845, stack(0x0000792262a00000,0x0000792262b00000) (1024K)]
  0x000079219ded63b0 JavaThread "Unconstrained build operations Thread 27"        [_thread_blocked, id=29846, stack(0x0000792262000000,0x0000792262100000) (1024K)]
  0x000079219de986f0 JavaThread "Unconstrained build operations Thread 28"        [_thread_blocked, id=29847, stack(0x00007922606ea000,0x00007922607ea000) (1024K)]
  0x000079219de68ab0 JavaThread "Unconstrained build operations Thread 29"        [_thread_blocked, id=29848, stack(0x0000792183bfd000,0x0000792183cfd000) (1024K)]
  0x000079219ded0be0 JavaThread "Unconstrained build operations Thread 30"        [_thread_blocked, id=29849, stack(0x0000792183afd000,0x0000792183bfd000) (1024K)]
  0x000079219f58e860 JavaThread "Unconstrained build operations Thread 31"        [_thread_blocked, id=29850, stack(0x00007921836fd000,0x00007921837fd000) (1024K)]
  0x000079219deafae0 JavaThread "Unconstrained build operations Thread 32"        [_thread_blocked, id=29851, stack(0x00007921834fd000,0x00007921835fd000) (1024K)]
  0x000079219dead450 JavaThread "Unconstrained build operations Thread 33"        [_thread_blocked, id=29852, stack(0x00007921833fd000,0x00007921834fd000) (1024K)]
  0x000079219de51020 JavaThread "Unconstrained build operations Thread 34"        [_thread_blocked, id=29853, stack(0x00007921832fd000,0x00007921833fd000) (1024K)]
  0x000079219de65290 JavaThread "Unconstrained build operations Thread 35"        [_thread_blocked, id=29854, stack(0x0000792182efd000,0x0000792182ffd000) (1024K)]
  0x000079219deac120 JavaThread "Unconstrained build operations Thread 36"        [_thread_blocked, id=29855, stack(0x0000792182afd000,0x0000792182bfd000) (1024K)]
  0x000079219deb5ef0 JavaThread "Unconstrained build operations Thread 37"        [_thread_blocked, id=29856, stack(0x00007921829fd000,0x0000792182afd000) (1024K)]
  0x000079219de6c110 JavaThread "Unconstrained build operations Thread 38"        [_thread_blocked, id=29857, stack(0x00007921828fd000,0x00007921829fd000) (1024K)]
  0x000079219dece690 JavaThread "Unconstrained build operations Thread 39"        [_thread_blocked, id=29858, stack(0x00007921827fd000,0x00007921828fd000) (1024K)]
  0x000079219de5bbc0 JavaThread "Unconstrained build operations Thread 40"        [_thread_blocked, id=29859, stack(0x00007921826fd000,0x00007921827fd000) (1024K)]
  0x000079219de662a0 JavaThread "Unconstrained build operations Thread 41"        [_thread_blocked, id=29860, stack(0x00007921825fd000,0x00007921826fd000) (1024K)]
  0x000079219de5abe0 JavaThread "Unconstrained build operations Thread 42"        [_thread_blocked, id=29861, stack(0x00007921823fd000,0x00007921824fd000) (1024K)]
  0x000079219de59450 JavaThread "Unconstrained build operations Thread 43"        [_thread_blocked, id=29862, stack(0x00007921822fd000,0x00007921823fd000) (1024K)]
  0x000079219dea9960 JavaThread "Unconstrained build operations Thread 44"        [_thread_blocked, id=29863, stack(0x00007921821fd000,0x00007921822fd000) (1024K)]
  0x000079219dea0140 JavaThread "Unconstrained build operations Thread 45"        [_thread_blocked, id=29864, stack(0x00007921820fd000,0x00007921821fd000) (1024K)]
  0x000079219dea82c0 JavaThread "Unconstrained build operations Thread 46"        [_thread_blocked, id=29865, stack(0x0000792181efd000,0x0000792181ffd000) (1024K)]
  0x000079219c613ee0 JavaThread "Unconstrained build operations Thread 47"        [_thread_blocked, id=29866, stack(0x0000792181afd000,0x0000792181bfd000) (1024K)]
  0x000079219c612d30 JavaThread "Unconstrained build operations Thread 48"        [_thread_blocked, id=29867, stack(0x00007921819fd000,0x0000792181afd000) (1024K)]
  0x000079219de6afe0 JavaThread "Unconstrained build operations Thread 49"        [_thread_blocked, id=29868, stack(0x00007921817fd000,0x00007921818fd000) (1024K)]
  0x000079219de4e610 JavaThread "Unconstrained build operations Thread 50"        [_thread_blocked, id=29869, stack(0x00007921816fd000,0x00007921817fd000) (1024K)]
  0x000079219ded4880 JavaThread "Unconstrained build operations Thread 51"        [_thread_blocked, id=29870, stack(0x00007921813fd000,0x00007921814fd000) (1024K)]
  0x000079219f58abf0 JavaThread "Unconstrained build operations Thread 52"        [_thread_blocked, id=29871, stack(0x00007921811fd000,0x00007921812fd000) (1024K)]
  0x000079219cb87810 JavaThread "Unconstrained build operations Thread 53"        [_thread_blocked, id=29872, stack(0x00007921810fd000,0x00007921811fd000) (1024K)]
  0x000079219cb88220 JavaThread "Unconstrained build operations Thread 54"        [_thread_blocked, id=29873, stack(0x0000792180dfd000,0x0000792180efd000) (1024K)]
  0x000079219deead40 JavaThread "Unconstrained build operations Thread 55"        [_thread_blocked, id=29874, stack(0x0000792180cfd000,0x0000792180dfd000) (1024K)]
  0x000079219cb826c0 JavaThread "Unconstrained build operations Thread 56"        [_thread_blocked, id=29875, stack(0x00007921806fd000,0x00007921807fd000) (1024K)]
  0x000079219c3d03a0 JavaThread "Unconstrained build operations Thread 57"        [_thread_blocked, id=29876, stack(0x00007921804fd000,0x00007921805fd000) (1024K)]
  0x000079219c6d1740 JavaThread "Unconstrained build operations Thread 58"        [_thread_blocked, id=29877, stack(0x00007921803fd000,0x00007921804fd000) (1024K)]
  0x000079219c6d28c0 JavaThread "Unconstrained build operations Thread 59"        [_thread_blocked, id=29878, stack(0x00007921802fd000,0x00007921803fd000) (1024K)]
  0x000079219ccd4d40 JavaThread "Unconstrained build operations Thread 60"        [_thread_blocked, id=29879, stack(0x00007921801fd000,0x00007921802fd000) (1024K)]
  0x000079219ccd5680 JavaThread "Unconstrained build operations Thread 61"        [_thread_blocked, id=29880, stack(0x000079207ff00000,0x0000792080000000) (1024K)]
  0x000079219ccd6430 JavaThread "Unconstrained build operations Thread 62"        [_thread_blocked, id=29881, stack(0x000079207fe00000,0x000079207ff00000) (1024K)]
  0x000079219ccd8150 JavaThread "build event listener"              [_thread_blocked, id=29882, stack(0x000079207fc00000,0x000079207fd00000) (1024K)]
  0x000079223c25f290 JavaThread "C1 CompilerThread2"         daemon [_thread_in_native, id=29883, stack(0x000079207fb00000,0x000079207fc00000) (1024K)]
  0x000079219c70e3e0 JavaThread "included builds"                   [_thread_blocked, id=29884, stack(0x000079207fa00000,0x000079207fb00000) (1024K)]
  0x0000791fa4002f80 JavaThread "Execution worker"                  [_thread_blocked, id=29885, stack(0x000079207f900000,0x000079207fa00000) (1024K)]
  0x0000791fa4003e00 JavaThread "Execution worker Thread 2"         [_thread_blocked, id=29886, stack(0x000079207f800000,0x000079207f900000) (1024K)]
  0x0000791fa4004f70 JavaThread "Execution worker Thread 3"         [_thread_blocked, id=29887, stack(0x000079207f700000,0x000079207f800000) (1024K)]
  0x0000791fa4006190 JavaThread "Execution worker Thread 4"         [_thread_blocked, id=29888, stack(0x000079207f600000,0x000079207f700000) (1024K)]
  0x0000791fa40073b0 JavaThread "Execution worker Thread 5"         [_thread_blocked, id=29889, stack(0x000079207f500000,0x000079207f600000) (1024K)]
  0x0000791fa400b0c0 JavaThread "Execution worker Thread 6"         [_thread_blocked, id=29890, stack(0x000079207f400000,0x000079207f500000) (1024K)]
  0x0000791fa400c040 JavaThread "Execution worker Thread 7"         [_thread_blocked, id=29891, stack(0x000079207f300000,0x000079207f400000) (1024K)]
  0x0000791fa400ce60 JavaThread "Execution worker Thread 8"         [_thread_blocked, id=29892, stack(0x000079207f200000,0x000079207f300000) (1024K)]
  0x0000791fa400dc80 JavaThread "Execution worker Thread 9"         [_thread_blocked, id=29893, stack(0x000079207f100000,0x000079207f200000) (1024K)]
  0x000079206c0010a0 JavaThread "Cache worker for execution history cache (/home/achille/AndroidStudioProjects/SwissGrades/.gradle/8.13/executionHistory)"        [_thread_blocked, id=29894, stack(0x000079207f000000,0x000079207f100000) (1024K)]
  0x0000791fa400eab0 JavaThread "Execution worker Thread 10"        [_thread_blocked, id=29895, stack(0x000079207ef00000,0x000079207f000000) (1024K)]
  0x0000791fa400f610 JavaThread "Execution worker Thread 11"        [_thread_blocked, id=29896, stack(0x000079207ee00000,0x000079207ef00000) (1024K)]
  0x0000791fa4010700 JavaThread "Execution worker Thread 12"        [_thread_blocked, id=29897, stack(0x000079207ed00000,0x000079207ee00000) (1024K)]
  0x0000791fa4011520 JavaThread "Execution worker Thread 13"        [_thread_blocked, id=29898, stack(0x000079207ec00000,0x000079207ed00000) (1024K)]
  0x0000791fa4012340 JavaThread "Execution worker Thread 14"        [_thread_blocked, id=29899, stack(0x000079207eb00000,0x000079207ec00000) (1024K)]
  0x0000791fa4013170 JavaThread "Execution worker Thread 15"        [_thread_blocked, id=29900, stack(0x000079207ea00000,0x000079207eb00000) (1024K)]
  0x0000791fa4013fa0 JavaThread "Execution worker Thread 16"        [_thread_blocked, id=29901, stack(0x000079207e900000,0x000079207ea00000) (1024K)]
  0x0000791fa4014dc0 JavaThread "Execution worker Thread 17"        [_thread_blocked, id=29902, stack(0x000079207e800000,0x000079207e900000) (1024K)]
  0x0000791fa4015be0 JavaThread "Execution worker Thread 18"        [_thread_blocked, id=29903, stack(0x000079207e700000,0x000079207e800000) (1024K)]
  0x0000791fa4016a10 JavaThread "Execution worker Thread 19"        [_thread_blocked, id=29904, stack(0x000079207e600000,0x000079207e700000) (1024K)]
  0x0000791fa4017840 JavaThread "Execution worker Thread 20"        [_thread_blocked, id=29905, stack(0x000079207e500000,0x000079207e600000) (1024K)]
  0x0000791fa40188e0 JavaThread "Execution worker Thread 21"        [_thread_blocked, id=29906, stack(0x000079207e400000,0x000079207e500000) (1024K)]
  0x0000791fa4019700 JavaThread "Execution worker Thread 22"        [_thread_blocked, id=29907, stack(0x000079207e300000,0x000079207e400000) (1024K)]
  0x0000791fa401a530 JavaThread "Execution worker Thread 23"        [_thread_blocked, id=29908, stack(0x000079207e200000,0x000079207e300000) (1024K)]
  0x0000791fa401b750 JavaThread "Execution worker Thread 24"        [_thread_blocked, id=29909, stack(0x000079207e100000,0x000079207e200000) (1024K)]
  0x0000791fa401c960 JavaThread "Execution worker Thread 25"        [_thread_blocked, id=29910, stack(0x000079207e000000,0x000079207e100000) (1024K)]
  0x0000791fa401d780 JavaThread "Execution worker Thread 26"        [_thread_blocked, id=29911, stack(0x000079207df00000,0x000079207e000000) (1024K)]
  0x0000791fa401e5a0 JavaThread "Execution worker Thread 27"        [_thread_blocked, id=29912, stack(0x000079207de00000,0x000079207df00000) (1024K)]
  0x0000791fa401f3c0 JavaThread "Execution worker Thread 28"        [_thread_blocked, id=29913, stack(0x000079207dd00000,0x000079207de00000) (1024K)]
  0x0000791fa40201e0 JavaThread "Execution worker Thread 29"        [_thread_blocked, id=29914, stack(0x000079207dc00000,0x000079207dd00000) (1024K)]
  0x0000791fa40213f0 JavaThread "Execution worker Thread 30"        [_thread_blocked, id=29915, stack(0x000079207db00000,0x000079207dc00000) (1024K)]
  0x0000791fa4022220 JavaThread "Execution worker Thread 31"        [_thread_blocked, id=29916, stack(0x000079207da00000,0x000079207db00000) (1024K)]
  0x0000792134001d40 JavaThread "Unconstrained build operations Thread 63"        [_thread_blocked, id=29917, stack(0x000079207d900000,0x000079207da00000) (1024K)]
  0x0000792134003ae0 JavaThread "Unconstrained build operations Thread 64"        [_thread_blocked, id=29918, stack(0x000079207d800000,0x000079207d900000) (1024K)]
  0x000079213401af30 JavaThread "Unconstrained build operations Thread 65"        [_thread_blocked, id=29919, stack(0x000079207d600000,0x000079207d700000) (1024K)]
  0x0000792134004930 JavaThread "Unconstrained build operations Thread 66"        [_thread_blocked, id=29920, stack(0x000079207d500000,0x000079207d600000) (1024K)]
  0x0000792134005550 JavaThread "Unconstrained build operations Thread 67"        [_thread_blocked, id=29921, stack(0x000079207d100000,0x000079207d200000) (1024K)]
  0x0000792134006a60 JavaThread "Unconstrained build operations Thread 68"        [_thread_blocked, id=29922, stack(0x000079207d000000,0x000079207d100000) (1024K)]
  0x0000792134008110 JavaThread "Unconstrained build operations Thread 69"        [_thread_blocked, id=29923, stack(0x000079207cf00000,0x000079207d000000) (1024K)]
  0x0000792134008ed0 JavaThread "Unconstrained build operations Thread 70"        [_thread_blocked, id=29924, stack(0x000079207ce00000,0x000079207cf00000) (1024K)]
  0x000079213400a080 JavaThread "Unconstrained build operations Thread 71"        [_thread_blocked, id=29925, stack(0x000079207cd00000,0x000079207ce00000) (1024K)]
  0x000079213400b240 JavaThread "Unconstrained build operations Thread 72"        [_thread_blocked, id=29926, stack(0x000079207cc00000,0x000079207cd00000) (1024K)]
  0x000079213400c000 JavaThread "Unconstrained build operations Thread 73"        [_thread_blocked, id=29927, stack(0x000079207cb00000,0x000079207cc00000) (1024K)]
  0x000079213400d210 JavaThread "Unconstrained build operations Thread 74"        [_thread_blocked, id=29928, stack(0x000079207ca00000,0x000079207cb00000) (1024K)]
  0x000079213400e420 JavaThread "Unconstrained build operations Thread 75"        [_thread_blocked, id=29929, stack(0x000079207c900000,0x000079207ca00000) (1024K)]
  0x000079213400f250 JavaThread "Unconstrained build operations Thread 76"        [_thread_blocked, id=29930, stack(0x000079207c800000,0x000079207c900000) (1024K)]
  0x0000792134010520 JavaThread "Unconstrained build operations Thread 77"        [_thread_blocked, id=29931, stack(0x000079207c700000,0x000079207c800000) (1024K)]
  0x00007921340116d0 JavaThread "Unconstrained build operations Thread 78"        [_thread_blocked, id=29932, stack(0x000079207c600000,0x000079207c700000) (1024K)]
  0x00007921340124d0 JavaThread "Unconstrained build operations Thread 79"        [_thread_blocked, id=29933, stack(0x000079207c500000,0x000079207c600000) (1024K)]
  0x00007921340136d0 JavaThread "Unconstrained build operations Thread 80"        [_thread_blocked, id=29934, stack(0x000079207c400000,0x000079207c500000) (1024K)]
  0x00007921340144e0 JavaThread "Unconstrained build operations Thread 81"        [_thread_blocked, id=29935, stack(0x000079207c300000,0x000079207c400000) (1024K)]
  0x0000792134015300 JavaThread "Unconstrained build operations Thread 82"        [_thread_blocked, id=29936, stack(0x000079207c200000,0x000079207c300000) (1024K)]
  0x00007921340164f0 JavaThread "Unconstrained build operations Thread 83"        [_thread_blocked, id=29937, stack(0x000079207c100000,0x000079207c200000) (1024K)]
  0x0000792134017980 JavaThread "Unconstrained build operations Thread 84"        [_thread_blocked, id=29938, stack(0x000079207c000000,0x000079207c100000) (1024K)]
  0x0000792134018b90 JavaThread "Unconstrained build operations Thread 85"        [_thread_blocked, id=29939, stack(0x0000791f7bf00000,0x0000791f7c000000) (1024K)]
  0x0000792134019da0 JavaThread "Unconstrained build operations Thread 86"        [_thread_blocked, id=29940, stack(0x0000791f7be00000,0x0000791f7bf00000) (1024K)]
  0x000079213401cf10 JavaThread "Unconstrained build operations Thread 87"        [_thread_blocked, id=29941, stack(0x0000791f7bd00000,0x0000791f7be00000) (1024K)]
  0x000079213401dd30 JavaThread "Unconstrained build operations Thread 88"        [_thread_blocked, id=29942, stack(0x0000791f7bc00000,0x0000791f7bd00000) (1024K)]
  0x000079213401ee20 JavaThread "Unconstrained build operations Thread 89"        [_thread_blocked, id=29943, stack(0x0000791f7bb00000,0x0000791f7bc00000) (1024K)]
  0x0000792134020030 JavaThread "Unconstrained build operations Thread 90"        [_thread_blocked, id=29944, stack(0x0000791f7ba00000,0x0000791f7bb00000) (1024K)]
  0x0000792134021240 JavaThread "Unconstrained build operations Thread 91"        [_thread_blocked, id=29945, stack(0x0000791f7b900000,0x0000791f7ba00000) (1024K)]
  0x0000792134022080 JavaThread "Unconstrained build operations Thread 92"        [_thread_blocked, id=29946, stack(0x0000791f7b800000,0x0000791f7b900000) (1024K)]
  0x0000792134023450 JavaThread "Unconstrained build operations Thread 93"        [_thread_blocked, id=29947, stack(0x0000791f7b700000,0x0000791f7b800000) (1024K)]
  0x0000792134026f10 JavaThread "Unconstrained build operations Thread 94"        [_thread_blocked, id=29948, stack(0x0000791f7b600000,0x0000791f7b700000) (1024K)]
  0x0000792134027c10 JavaThread "Unconstrained build operations Thread 95"        [_thread_blocked, id=29949, stack(0x0000791f7b500000,0x0000791f7b600000) (1024K)]
  0x0000792134028920 JavaThread "Unconstrained build operations Thread 96"        [_thread_blocked, id=29950, stack(0x0000791f7b400000,0x0000791f7b500000) (1024K)]
  0x0000792134029780 JavaThread "Unconstrained build operations Thread 97"        [_thread_blocked, id=29951, stack(0x0000791f7b300000,0x0000791f7b400000) (1024K)]
  0x000079213402a5f0 JavaThread "Unconstrained build operations Thread 98"        [_thread_blocked, id=29952, stack(0x0000791f7b200000,0x0000791f7b300000) (1024K)]
  0x000079213402b460 JavaThread "Unconstrained build operations Thread 99"        [_thread_blocked, id=29953, stack(0x0000791f7b100000,0x0000791f7b200000) (1024K)]
  0x000079213402c410 JavaThread "Unconstrained build operations Thread 100"        [_thread_blocked, id=29954, stack(0x0000791f7b000000,0x0000791f7b100000) (1024K)]
  0x000079213402d5b0 JavaThread "Unconstrained build operations Thread 101"        [_thread_blocked, id=29955, stack(0x0000791f7af00000,0x0000791f7b000000) (1024K)]
  0x000079213402e7d0 JavaThread "Unconstrained build operations Thread 102"        [_thread_blocked, id=29956, stack(0x0000791f7ae00000,0x0000791f7af00000) (1024K)]
  0x000079213402f660 JavaThread "Unconstrained build operations Thread 103"        [_thread_blocked, id=29957, stack(0x0000791f7ad00000,0x0000791f7ae00000) (1024K)]
  0x0000792134030820 JavaThread "Unconstrained build operations Thread 104"        [_thread_blocked, id=29958, stack(0x0000791f7ac00000,0x0000791f7ad00000) (1024K)]
  0x0000792134031a30 JavaThread "Unconstrained build operations Thread 105"        [_thread_blocked, id=29959, stack(0x0000791f7ab00000,0x0000791f7ac00000) (1024K)]
  0x0000792134032c40 JavaThread "Unconstrained build operations Thread 106"        [_thread_blocked, id=29960, stack(0x0000791f7aa00000,0x0000791f7ab00000) (1024K)]
  0x0000792134033e50 JavaThread "Unconstrained build operations Thread 107"        [_thread_blocked, id=29961, stack(0x0000791f7a900000,0x0000791f7aa00000) (1024K)]
  0x0000792134035070 JavaThread "Unconstrained build operations Thread 108"        [_thread_blocked, id=29962, stack(0x0000791f7a800000,0x0000791f7a900000) (1024K)]
  0x0000792134036290 JavaThread "Unconstrained build operations Thread 109"        [_thread_blocked, id=29963, stack(0x0000791f7a700000,0x0000791f7a800000) (1024K)]
  0x0000792134037490 JavaThread "Unconstrained build operations Thread 110"        [_thread_blocked, id=29964, stack(0x0000791f7a600000,0x0000791f7a700000) (1024K)]
  0x0000792134038360 JavaThread "Unconstrained build operations Thread 111"        [_thread_blocked, id=29965, stack(0x0000791f7a500000,0x0000791f7a600000) (1024K)]
  0x00007921340390f0 JavaThread "Unconstrained build operations Thread 112"        [_thread_blocked, id=29966, stack(0x0000791f7a400000,0x0000791f7a500000) (1024K)]
  0x000079213403a2f0 JavaThread "Unconstrained build operations Thread 113"        [_thread_blocked, id=29967, stack(0x0000791f7a300000,0x0000791f7a400000) (1024K)]
  0x000079213403b500 JavaThread "Unconstrained build operations Thread 114"        [_thread_blocked, id=29968, stack(0x0000791f7a100000,0x0000791f7a200000) (1024K)]
  0x000079213403c710 JavaThread "Unconstrained build operations Thread 115"        [_thread_blocked, id=29969, stack(0x0000791f7a000000,0x0000791f7a100000) (1024K)]
  0x000079213403dbb0 JavaThread "Unconstrained build operations Thread 116"        [_thread_blocked, id=29970, stack(0x0000791f79f00000,0x0000791f7a000000) (1024K)]
  0x000079213403edd0 JavaThread "Unconstrained build operations Thread 117"        [_thread_blocked, id=29971, stack(0x0000791f79e00000,0x0000791f79f00000) (1024K)]
  0x000079213403fce0 JavaThread "Unconstrained build operations Thread 118"        [_thread_blocked, id=29972, stack(0x0000791f79d00000,0x0000791f79e00000) (1024K)]
  0x0000792134040e10 JavaThread "Unconstrained build operations Thread 119"        [_thread_blocked, id=29973, stack(0x0000791f79c00000,0x0000791f79d00000) (1024K)]
  0x0000792134041c30 JavaThread "Unconstrained build operations Thread 120"        [_thread_blocked, id=29974, stack(0x0000791f79b00000,0x0000791f79c00000) (1024K)]
  0x0000792134042a50 JavaThread "Unconstrained build operations Thread 121"        [_thread_blocked, id=29975, stack(0x0000791f79a00000,0x0000791f79b00000) (1024K)]
  0x0000792134043c60 JavaThread "Unconstrained build operations Thread 122"        [_thread_blocked, id=29976, stack(0x0000791f79900000,0x0000791f79a00000) (1024K)]
  0x0000792134044a90 JavaThread "Unconstrained build operations Thread 123"        [_thread_blocked, id=29977, stack(0x0000791f79800000,0x0000791f79900000) (1024K)]
  0x0000792134045cb0 JavaThread "Unconstrained build operations Thread 124"        [_thread_blocked, id=29978, stack(0x0000791f79700000,0x0000791f79800000) (1024K)]
  0x000079206c0022e0 JavaThread "Unconstrained build operations Thread 125"        [_thread_blocked, id=29979, stack(0x0000791f79600000,0x0000791f79700000) (1024K)]
  0x000079206c003b90 JavaThread "Unconstrained build operations Thread 126"        [_thread_blocked, id=29980, stack(0x0000791f79500000,0x0000791f79600000) (1024K)]
  0x000079206c004990 JavaThread "Unconstrained build operations Thread 127"        [_thread_blocked, id=29981, stack(0x0000791f79400000,0x0000791f79500000) (1024K)]
  0x000079206c0057a0 JavaThread "Unconstrained build operations Thread 128"        [_thread_blocked, id=29982, stack(0x0000791f79300000,0x0000791f79400000) (1024K)]
  0x000079206c0065b0 JavaThread "Unconstrained build operations Thread 129"        [_thread_blocked, id=29983, stack(0x0000791f79200000,0x0000791f79300000) (1024K)]
  0x000079206c0073d0 JavaThread "Unconstrained build operations Thread 130"        [_thread_blocked, id=29984, stack(0x0000791f79100000,0x0000791f79200000) (1024K)]
  0x000079206c006cc0 JavaThread "Unconstrained build operations Thread 131"        [_thread_blocked, id=29985, stack(0x0000791f79000000,0x0000791f79100000) (1024K)]
  0x000079206c007ae0 JavaThread "Unconstrained build operations Thread 132"        [_thread_blocked, id=29986, stack(0x0000791f78f00000,0x0000791f79000000) (1024K)]
  0x000079206c008f00 JavaThread "Unconstrained build operations Thread 133"        [_thread_blocked, id=29987, stack(0x0000791f78e00000,0x0000791f78f00000) (1024K)]
  0x000079206c00a110 JavaThread "Unconstrained build operations Thread 134"        [_thread_blocked, id=29988, stack(0x0000791f78d00000,0x0000791f78e00000) (1024K)]
  0x000079206c00b320 JavaThread "Unconstrained build operations Thread 135"        [_thread_blocked, id=29989, stack(0x0000791f78c00000,0x0000791f78d00000) (1024K)]
  0x000079206c00c150 JavaThread "Unconstrained build operations Thread 136"        [_thread_blocked, id=29990, stack(0x0000791f78b00000,0x0000791f78c00000) (1024K)]
  0x000079206c00cf60 JavaThread "Unconstrained build operations Thread 137"        [_thread_blocked, id=29991, stack(0x0000791f78a00000,0x0000791f78b00000) (1024K)]
  0x000079206c00dd80 JavaThread "Unconstrained build operations Thread 138"        [_thread_blocked, id=29992, stack(0x0000791f78900000,0x0000791f78a00000) (1024K)]
  0x000079206c00ef90 JavaThread "Unconstrained build operations Thread 139"        [_thread_blocked, id=29993, stack(0x0000791f78800000,0x0000791f78900000) (1024K)]
  0x000079206c00fdc0 JavaThread "Unconstrained build operations Thread 140"        [_thread_blocked, id=29994, stack(0x0000791f78700000,0x0000791f78800000) (1024K)]
  0x000079206c010bd0 JavaThread "Unconstrained build operations Thread 141"        [_thread_blocked, id=29995, stack(0x0000791f78600000,0x0000791f78700000) (1024K)]
  0x000079206c0119f0 JavaThread "Unconstrained build operations Thread 142"        [_thread_blocked, id=29996, stack(0x0000791f78500000,0x0000791f78600000) (1024K)]
  0x000079206c012810 JavaThread "Unconstrained build operations Thread 143"        [_thread_blocked, id=29997, stack(0x0000791f78400000,0x0000791f78500000) (1024K)]
  0x000079206c013a60 JavaThread "Unconstrained build operations Thread 144"        [_thread_blocked, id=29998, stack(0x0000791f78300000,0x0000791f78400000) (1024K)]
  0x000079206c014870 JavaThread "Unconstrained build operations Thread 145"        [_thread_blocked, id=29999, stack(0x0000791f78200000,0x0000791f78300000) (1024K)]
  0x000079206c0156c0 JavaThread "Unconstrained build operations Thread 146"        [_thread_blocked, id=30000, stack(0x0000791f78100000,0x0000791f78200000) (1024K)]
  0x000079206c0164e0 JavaThread "Unconstrained build operations Thread 147"        [_thread_blocked, id=30001, stack(0x0000791f78000000,0x0000791f78100000) (1024K)]
  0x000079206c017310 JavaThread "Unconstrained build operations Thread 148"        [_thread_blocked, id=30002, stack(0x0000791e77f00000,0x0000791e78000000) (1024K)]
  0x000079206c0183a0 JavaThread "Unconstrained build operations Thread 149"        [_thread_blocked, id=30003, stack(0x0000791e77e00000,0x0000791e77f00000) (1024K)]
  0x000079206c0195b0 JavaThread "Unconstrained build operations Thread 150"        [_thread_blocked, id=30004, stack(0x0000791e77d00000,0x0000791e77e00000) (1024K)]
  0x000079206c01a3d0 JavaThread "Unconstrained build operations Thread 151"        [_thread_blocked, id=30005, stack(0x0000791e77c00000,0x0000791e77d00000) (1024K)]
  0x000079206c01b200 JavaThread "Unconstrained build operations Thread 152"        [_thread_blocked, id=30006, stack(0x0000791e77b00000,0x0000791e77c00000) (1024K)]
  0x000079206c01c400 JavaThread "Unconstrained build operations Thread 153"        [_thread_blocked, id=30007, stack(0x0000791e77a00000,0x0000791e77b00000) (1024K)]
  0x000079206c01d220 JavaThread "Unconstrained build operations Thread 154"        [_thread_blocked, id=30008, stack(0x0000791e77900000,0x0000791e77a00000) (1024K)]
  0x000079206c01e040 JavaThread "Unconstrained build operations Thread 155"        [_thread_blocked, id=30009, stack(0x0000791e77800000,0x0000791e77900000) (1024K)]
  0x0000792044001b60 JavaThread "Unconstrained build operations Thread 156"        [_thread_blocked, id=30010, stack(0x0000791e77700000,0x0000791e77800000) (1024K)]
  0x0000792044003260 JavaThread "Unconstrained build operations Thread 157"        [_thread_blocked, id=30011, stack(0x0000791e77600000,0x0000791e77700000) (1024K)]
  0x0000792044002270 JavaThread "Unconstrained build operations Thread 158"        [_thread_blocked, id=30012, stack(0x0000791e77500000,0x0000791e77600000) (1024K)]
  0x0000792044006b50 JavaThread "Unconstrained build operations Thread 159"        [_thread_blocked, id=30013, stack(0x0000791e77400000,0x0000791e77500000) (1024K)]
  0x0000792044007940 JavaThread "Unconstrained build operations Thread 160"        [_thread_blocked, id=30014, stack(0x0000791e77200000,0x0000791e77300000) (1024K)]
  0x0000792044008b40 JavaThread "Unconstrained build operations Thread 161"        [_thread_blocked, id=30015, stack(0x0000791e77100000,0x0000791e77200000) (1024K)]
  0x0000792044009960 JavaThread "Unconstrained build operations Thread 162"        [_thread_blocked, id=30016, stack(0x0000791e77000000,0x0000791e77100000) (1024K)]
  0x000079204400ab70 JavaThread "Unconstrained build operations Thread 163"        [_thread_blocked, id=30017, stack(0x0000791e76f00000,0x0000791e77000000) (1024K)]
  0x000079204400bd90 JavaThread "Unconstrained build operations Thread 164"        [_thread_blocked, id=30018, stack(0x0000791e76e00000,0x0000791e76f00000) (1024K)]
  0x000079204400d210 JavaThread "Unconstrained build operations Thread 165"        [_thread_blocked, id=30019, stack(0x0000791e76d00000,0x0000791e76e00000) (1024K)]
  0x000079204400e420 JavaThread "Unconstrained build operations Thread 166"        [_thread_blocked, id=30020, stack(0x0000791e76c00000,0x0000791e76d00000) (1024K)]
  0x000079204400f620 JavaThread "Unconstrained build operations Thread 167"        [_thread_blocked, id=30021, stack(0x0000791e76b00000,0x0000791e76c00000) (1024K)]
  0x0000792044010830 JavaThread "Unconstrained build operations Thread 168"        [_thread_blocked, id=30022, stack(0x0000791e76a00000,0x0000791e76b00000) (1024K)]
  0x0000792044011a40 JavaThread "Unconstrained build operations Thread 169"        [_thread_blocked, id=30023, stack(0x0000791e76900000,0x0000791e76a00000) (1024K)]
  0x0000792044012c60 JavaThread "Unconstrained build operations Thread 170"        [_thread_blocked, id=30024, stack(0x0000791e76800000,0x0000791e76900000) (1024K)]
  0x0000792044013a70 JavaThread "Unconstrained build operations Thread 171"        [_thread_blocked, id=30025, stack(0x0000791e76700000,0x0000791e76800000) (1024K)]
  0x0000792044014c80 JavaThread "Unconstrained build operations Thread 172"        [_thread_blocked, id=30026, stack(0x0000791e76600000,0x0000791e76700000) (1024K)]
  0x0000792044015e90 JavaThread "Unconstrained build operations Thread 173"        [_thread_blocked, id=30027, stack(0x0000791e76500000,0x0000791e76600000) (1024K)]
  0x00007920440170b0 JavaThread "Unconstrained build operations Thread 174"        [_thread_blocked, id=30028, stack(0x0000791e76400000,0x0000791e76500000) (1024K)]
  0x00007920440182d0 JavaThread "Unconstrained build operations Thread 175"        [_thread_blocked, id=30029, stack(0x0000791e76300000,0x0000791e76400000) (1024K)]
  0x00007920440194e0 JavaThread "Unconstrained build operations Thread 176"        [_thread_blocked, id=30030, stack(0x0000791e76200000,0x0000791e76300000) (1024K)]
  0x000079204401a6c0 JavaThread "Unconstrained build operations Thread 177"        [_thread_blocked, id=30031, stack(0x0000791e76100000,0x0000791e76200000) (1024K)]
  0x000079204401b8d0 JavaThread "Unconstrained build operations Thread 178"        [_thread_blocked, id=30032, stack(0x0000791e76000000,0x0000791e76100000) (1024K)]
  0x000079204401cad0 JavaThread "Unconstrained build operations Thread 179"        [_thread_blocked, id=30033, stack(0x0000791e75f00000,0x0000791e76000000) (1024K)]
  0x000079204401d8f0 JavaThread "Unconstrained build operations Thread 180"        [_thread_blocked, id=30034, stack(0x0000791e75e00000,0x0000791e75f00000) (1024K)]
  0x000079204401ed80 JavaThread "Unconstrained build operations Thread 181"        [_thread_blocked, id=30035, stack(0x0000791e75d00000,0x0000791e75e00000) (1024K)]
  0x000079204401fbb0 JavaThread "Unconstrained build operations Thread 182"        [_thread_blocked, id=30036, stack(0x0000791e75c00000,0x0000791e75d00000) (1024K)]
  0x0000792044020db0 JavaThread "Unconstrained build operations Thread 183"        [_thread_blocked, id=30037, stack(0x0000791e75b00000,0x0000791e75c00000) (1024K)]
  0x0000792044021fc0 JavaThread "Unconstrained build operations Thread 184"        [_thread_blocked, id=30038, stack(0x0000791e75a00000,0x0000791e75b00000) (1024K)]
  0x00007920440231d0 JavaThread "Unconstrained build operations Thread 185"        [_thread_blocked, id=30039, stack(0x0000791e75900000,0x0000791e75a00000) (1024K)]
  0x00007920440243f0 JavaThread "Unconstrained build operations Thread 186"        [_thread_blocked, id=30040, stack(0x0000791e75800000,0x0000791e75900000) (1024K)]
  0x00007920440255f0 JavaThread "Unconstrained build operations Thread 187"        [_thread_blocked, id=30041, stack(0x0000791e75700000,0x0000791e75800000) (1024K)]
  0x0000792044026870 JavaThread "Unconstrained build operations Thread 188"        [_thread_blocked, id=30042, stack(0x0000791e75600000,0x0000791e75700000) (1024K)]
  0x0000792044027a10 JavaThread "Unconstrained build operations Thread 189"        [_thread_blocked, id=30043, stack(0x0000791e75500000,0x0000791e75600000) (1024K)]
  0x0000792044028850 JavaThread "Unconstrained build operations Thread 190"        [_thread_blocked, id=30044, stack(0x0000791e75300000,0x0000791e75400000) (1024K)]
  0x0000792044029640 JavaThread "Unconstrained build operations Thread 191"        [_thread_blocked, id=30045, stack(0x0000791e75200000,0x0000791e75300000) (1024K)]
  0x000079204402a460 JavaThread "Unconstrained build operations Thread 192"        [_thread_blocked, id=30046, stack(0x0000791e75100000,0x0000791e75200000) (1024K)]
  0x000079204402b670 JavaThread "Unconstrained build operations Thread 193"        [_thread_blocked, id=30047, stack(0x0000791e75000000,0x0000791e75100000) (1024K)]
  0x000079204402c890 JavaThread "Unconstrained build operations Thread 194"        [_thread_blocked, id=30048, stack(0x0000791e74f00000,0x0000791e75000000) (1024K)]
  0x000079204402d6a0 JavaThread "Unconstrained build operations Thread 195"        [_thread_blocked, id=30049, stack(0x0000791e74e00000,0x0000791e74f00000) (1024K)]
  0x000079204402e8b0 JavaThread "Unconstrained build operations Thread 196"        [_thread_blocked, id=30050, stack(0x0000791e74d00000,0x0000791e74e00000) (1024K)]
  0x000079204402f940 JavaThread "Unconstrained build operations Thread 197"        [_thread_blocked, id=30051, stack(0x0000791e74c00000,0x0000791e74d00000) (1024K)]
  0x0000792044030760 JavaThread "Unconstrained build operations Thread 198"        [_thread_blocked, id=30052, stack(0x0000791e74a00000,0x0000791e74b00000) (1024K)]
  0x0000792044031970 JavaThread "Unconstrained build operations Thread 199"        [_thread_blocked, id=30053, stack(0x0000791e74900000,0x0000791e74a00000) (1024K)]
  0x0000792044032b90 JavaThread "Unconstrained build operations Thread 200"        [_thread_blocked, id=30054, stack(0x0000791e74800000,0x0000791e74900000) (1024K)]
  0x0000792044033d90 JavaThread "Unconstrained build operations Thread 201"        [_thread_blocked, id=30055, stack(0x0000791e74700000,0x0000791e74800000) (1024K)]
  0x0000792044034fa0 JavaThread "Unconstrained build operations Thread 202"        [_thread_blocked, id=30056, stack(0x0000791e74600000,0x0000791e74700000) (1024K)]
  0x00007920440361b0 JavaThread "Unconstrained build operations Thread 203"        [_thread_blocked, id=30057, stack(0x0000791e74500000,0x0000791e74600000) (1024K)]
  0x00007920440373d0 JavaThread "Unconstrained build operations Thread 204"        [_thread_blocked, id=30058, stack(0x0000791e74400000,0x0000791e74500000) (1024K)]
  0x00007920440385f0 JavaThread "Unconstrained build operations Thread 205"        [_thread_blocked, id=30059, stack(0x0000791e74300000,0x0000791e74400000) (1024K)]
  0x0000792044039800 JavaThread "Unconstrained build operations Thread 206"        [_thread_blocked, id=30060, stack(0x0000791e74200000,0x0000791e74300000) (1024K)]
  0x000079204403a9e0 JavaThread "Unconstrained build operations Thread 207"        [_thread_blocked, id=30061, stack(0x0000791e74100000,0x0000791e74200000) (1024K)]
  0x000079204403bbf0 JavaThread "Unconstrained build operations Thread 208"        [_thread_blocked, id=30062, stack(0x0000791e74000000,0x0000791e74100000) (1024K)]
  0x000079204403ce00 JavaThread "Unconstrained build operations Thread 209"        [_thread_blocked, id=30063, stack(0x0000791e6bf00000,0x0000791e6c000000) (1024K)]
  0x000079204403dc30 JavaThread "Unconstrained build operations Thread 210"        [_thread_blocked, id=30064, stack(0x0000791e6be00000,0x0000791e6bf00000) (1024K)]
  0x000079204403ea30 JavaThread "Unconstrained build operations Thread 211"        [_thread_blocked, id=30065, stack(0x0000791e6bd00000,0x0000791e6be00000) (1024K)]
  0x000079204403fc30 JavaThread "Unconstrained build operations Thread 212"        [_thread_blocked, id=30066, stack(0x0000791e6bc00000,0x0000791e6bd00000) (1024K)]
  0x00007920440410c0 JavaThread "Unconstrained build operations Thread 213"        [_thread_blocked, id=30067, stack(0x0000791e6bb00000,0x0000791e6bc00000) (1024K)]
  0x0000792044041ef0 JavaThread "Unconstrained build operations Thread 214"        [_thread_blocked, id=30068, stack(0x0000791e6ba00000,0x0000791e6bb00000) (1024K)]
  0x00007920440430f0 JavaThread "Unconstrained build operations Thread 215"        [_thread_blocked, id=30069, stack(0x0000791e6b900000,0x0000791e6ba00000) (1024K)]
  0x0000792044044300 JavaThread "Unconstrained build operations Thread 216"        [_thread_blocked, id=30070, stack(0x0000791e6b800000,0x0000791e6b900000) (1024K)]
  0x0000792044045510 JavaThread "Unconstrained build operations Thread 217"        [_thread_blocked, id=30071, stack(0x0000791e6b700000,0x0000791e6b800000) (1024K)]
  0x0000792044046340 JavaThread "Unconstrained build operations Thread 218"        [_thread_blocked, id=30072, stack(0x0000791e6b600000,0x0000791e6b700000) (1024K)]
  0x00007920440477b0 JavaThread "Unconstrained build operations Thread 219"        [_thread_blocked, id=30073, stack(0x0000791e6b500000,0x0000791e6b600000) (1024K)]
  0x00007920440483d0 JavaThread "Unconstrained build operations Thread 220"        [_thread_blocked, id=30074, stack(0x0000791e6b400000,0x0000791e6b500000) (1024K)]
  0x00007920440493b0 JavaThread "Unconstrained build operations Thread 221"        [_thread_blocked, id=30075, stack(0x0000791e6b300000,0x0000791e6b400000) (1024K)]
  0x000079204404a200 JavaThread "Unconstrained build operations Thread 222"        [_thread_blocked, id=30076, stack(0x0000791e6b200000,0x0000791e6b300000) (1024K)]
  0x000079204404b010 JavaThread "Unconstrained build operations Thread 223"        [_thread_blocked, id=30077, stack(0x0000791e6b100000,0x0000791e6b200000) (1024K)]
  0x000079204404be30 JavaThread "Unconstrained build operations Thread 224"        [_thread_blocked, id=30078, stack(0x0000791e6b000000,0x0000791e6b100000) (1024K)]
  0x000079204404d040 JavaThread "Unconstrained build operations Thread 225"        [_thread_blocked, id=30079, stack(0x0000791e6af00000,0x0000791e6b000000) (1024K)]
  0x000079204404e260 JavaThread "Unconstrained build operations Thread 226"        [_thread_blocked, id=30080, stack(0x0000791e6ae00000,0x0000791e6af00000) (1024K)]
  0x000079204404f460 JavaThread "Unconstrained build operations Thread 227"        [_thread_blocked, id=30081, stack(0x0000791e6ad00000,0x0000791e6ae00000) (1024K)]
  0x00007920440508f0 JavaThread "Unconstrained build operations Thread 228"        [_thread_blocked, id=30082, stack(0x0000791e6ac00000,0x0000791e6ad00000) (1024K)]
  0x0000792044052170 JavaThread "Unconstrained build operations Thread 229"        [_thread_blocked, id=30083, stack(0x0000791e6ab00000,0x0000791e6ac00000) (1024K)]
  0x0000792044052e00 JavaThread "Unconstrained build operations Thread 230"        [_thread_blocked, id=30084, stack(0x0000791e6aa00000,0x0000791e6ab00000) (1024K)]
  0x0000792044054210 JavaThread "Unconstrained build operations Thread 231"        [_thread_blocked, id=30085, stack(0x0000791e6a900000,0x0000791e6aa00000) (1024K)]
  0x0000792044055430 JavaThread "Unconstrained build operations Thread 232"        [_thread_blocked, id=30086, stack(0x0000791e6a800000,0x0000791e6a900000) (1024K)]
  0x0000792044056630 JavaThread "Unconstrained build operations Thread 233"        [_thread_blocked, id=30087, stack(0x0000791e6a600000,0x0000791e6a700000) (1024K)]
  0x0000792044057840 JavaThread "Unconstrained build operations Thread 234"        [_thread_blocked, id=30088, stack(0x0000791e6a500000,0x0000791e6a600000) (1024K)]
  0x0000792044058a50 JavaThread "Unconstrained build operations Thread 235"        [_thread_blocked, id=30089, stack(0x0000791e6a400000,0x0000791e6a500000) (1024K)]
  0x0000792044059c70 JavaThread "Unconstrained build operations Thread 236"        [_thread_blocked, id=30090, stack(0x0000791e6a300000,0x0000791e6a400000) (1024K)]
  0x000079204405ae90 JavaThread "Unconstrained build operations Thread 237"        [_thread_blocked, id=30091, stack(0x0000791e6a200000,0x0000791e6a300000) (1024K)]
  0x000079204405c0a0 JavaThread "Unconstrained build operations Thread 238"        [_thread_blocked, id=30092, stack(0x0000791e6a100000,0x0000791e6a200000) (1024K)]
  0x000079204405d280 JavaThread "Unconstrained build operations Thread 239"        [_thread_blocked, id=30093, stack(0x0000791e6a000000,0x0000791e6a100000) (1024K)]
  0x000079204405e0a0 JavaThread "Unconstrained build operations Thread 240"        [_thread_blocked, id=30094, stack(0x0000791e69f00000,0x0000791e6a000000) (1024K)]
  0x000079204405f2b0 JavaThread "Unconstrained build operations Thread 241"        [_thread_blocked, id=30095, stack(0x0000791e69e00000,0x0000791e69f00000) (1024K)]
  0x00007920440604d0 JavaThread "Unconstrained build operations Thread 242"        [_thread_blocked, id=30096, stack(0x0000791e69d00000,0x0000791e69e00000) (1024K)]
  0x00007920440616d0 JavaThread "Unconstrained build operations Thread 243"        [_thread_blocked, id=30097, stack(0x0000791e69c00000,0x0000791e69d00000) (1024K)]
  0x00007920440628e0 JavaThread "Unconstrained build operations Thread 244"        [_thread_blocked, id=30098, stack(0x0000791e69b00000,0x0000791e69c00000) (1024K)]
  0x0000792044066600 JavaThread "Unconstrained build operations Thread 245"        [_thread_blocked, id=30099, stack(0x0000791e69a00000,0x0000791e69b00000) (1024K)]
  0x0000792044067820 JavaThread "Unconstrained build operations Thread 246"        [_thread_blocked, id=30100, stack(0x0000791e69900000,0x0000791e69a00000) (1024K)]
  0x0000792044068a20 JavaThread "Unconstrained build operations Thread 247"        [_thread_blocked, id=30101, stack(0x0000791e69800000,0x0000791e69900000) (1024K)]
  0x0000792044069c30 JavaThread "Unconstrained build operations Thread 248"        [_thread_blocked, id=30102, stack(0x0000791e69700000,0x0000791e69800000) (1024K)]
  0x000079204406ae40 JavaThread "Unconstrained build operations Thread 249"        [_thread_blocked, id=30103, stack(0x0000791e69600000,0x0000791e69700000) (1024K)]
  0x000079204406bc70 JavaThread "Unconstrained build operations Thread 250"        [_thread_blocked, id=30104, stack(0x0000791e69500000,0x0000791e69600000) (1024K)]
  0x000079204406ce90 JavaThread "Unconstrained build operations Thread 251"        [_thread_blocked, id=30105, stack(0x0000791e69400000,0x0000791e69500000) (1024K)]
  0x000079204406e0a0 JavaThread "Unconstrained build operations Thread 252"        [_thread_blocked, id=30106, stack(0x0000791e69300000,0x0000791e69400000) (1024K)]
  0x000079204406eec0 JavaThread "Unconstrained build operations Thread 253"        [_thread_blocked, id=30107, stack(0x0000791e69200000,0x0000791e69300000) (1024K)]
  0x00007920440700d0 JavaThread "Unconstrained build operations Thread 254"        [_thread_blocked, id=30108, stack(0x0000791e69100000,0x0000791e69200000) (1024K)]
  0x00007920440712d0 JavaThread "Unconstrained build operations Thread 255"        [_thread_blocked, id=30109, stack(0x0000791e69000000,0x0000791e69100000) (1024K)]
  0x00007920440724e0 JavaThread "Unconstrained build operations Thread 256"        [_thread_blocked, id=30110, stack(0x0000791e68f00000,0x0000791e69000000) (1024K)]
  0x00007920440736f0 JavaThread "Unconstrained build operations Thread 257"        [_thread_blocked, id=30111, stack(0x0000791e68e00000,0x0000791e68f00000) (1024K)]
  0x0000792044074520 JavaThread "Unconstrained build operations Thread 258"        [_thread_blocked, id=30112, stack(0x0000791e68d00000,0x0000791e68e00000) (1024K)]
  0x0000792044075720 JavaThread "Unconstrained build operations Thread 259"        [_thread_blocked, id=30113, stack(0x0000791e68c00000,0x0000791e68d00000) (1024K)]
  0x0000792044076930 JavaThread "Unconstrained build operations Thread 260"        [_thread_blocked, id=30114, stack(0x0000791e68b00000,0x0000791e68c00000) (1024K)]
  0x0000792044077db0 JavaThread "Unconstrained build operations Thread 261"        [_thread_blocked, id=30115, stack(0x0000791e68a00000,0x0000791e68b00000) (1024K)]
  0x0000792044078fc0 JavaThread "Unconstrained build operations Thread 262"        [_thread_blocked, id=30116, stack(0x0000791e68900000,0x0000791e68a00000) (1024K)]
  0x000079204407a1d0 JavaThread "Unconstrained build operations Thread 263"        [_thread_blocked, id=30117, stack(0x0000791e68800000,0x0000791e68900000) (1024K)]
  0x000079204407b000 JavaThread "Unconstrained build operations Thread 264"        [_thread_blocked, id=30118, stack(0x0000791e68700000,0x0000791e68800000) (1024K)]
  0x000079204407c200 JavaThread "Unconstrained build operations Thread 265"        [_thread_blocked, id=30119, stack(0x0000791e68600000,0x0000791e68700000) (1024K)]
  0x000079204407d020 JavaThread "Unconstrained build operations Thread 266"        [_thread_blocked, id=30120, stack(0x0000791e68500000,0x0000791e68600000) (1024K)]
  0x000079204407de40 JavaThread "Unconstrained build operations Thread 267"        [_thread_blocked, id=30121, stack(0x0000791e68400000,0x0000791e68500000) (1024K)]
  0x000079204407f050 JavaThread "Unconstrained build operations Thread 268"        [_thread_blocked, id=30122, stack(0x0000791e68300000,0x0000791e68400000) (1024K)]
  0x0000792044080260 JavaThread "Unconstrained build operations Thread 269"        [_thread_blocked, id=30123, stack(0x0000791e68200000,0x0000791e68300000) (1024K)]
  0x0000792044081480 JavaThread "Unconstrained build operations Thread 270"        [_thread_blocked, id=30124, stack(0x0000791e68100000,0x0000791e68200000) (1024K)]
  0x0000792044082290 JavaThread "Unconstrained build operations Thread 271"        [_thread_blocked, id=30125, stack(0x0000791e68000000,0x0000791e68100000) (1024K)]
  0x00007920440834a0 JavaThread "Unconstrained build operations Thread 272"        [_thread_blocked, id=30126, stack(0x0000791e67f00000,0x0000791e68000000) (1024K)]
  0x00007920440846b0 JavaThread "Unconstrained build operations Thread 273"        [_thread_blocked, id=30127, stack(0x0000791e67e00000,0x0000791e67f00000) (1024K)]
  0x00007920440854e0 JavaThread "Unconstrained build operations Thread 274"        [_thread_blocked, id=30128, stack(0x0000791e67d00000,0x0000791e67e00000) (1024K)]
  0x00007920440866e0 JavaThread "Unconstrained build operations Thread 275"        [_thread_blocked, id=30129, stack(0x0000791e67c00000,0x0000791e67d00000) (1024K)]
  0x00007920440878e0 JavaThread "Unconstrained build operations Thread 276"        [_thread_blocked, id=30130, stack(0x0000791e67b00000,0x0000791e67c00000) (1024K)]
  0x0000792044088d70 JavaThread "Unconstrained build operations Thread 277"        [_thread_blocked, id=30131, stack(0x0000791e67a00000,0x0000791e67b00000) (1024K)]
  0x0000792044089ba0 JavaThread "Unconstrained build operations Thread 278"        [_thread_blocked, id=30132, stack(0x0000791e67900000,0x0000791e67a00000) (1024K)]
  0x000079204408ada0 JavaThread "Unconstrained build operations Thread 279"        [_thread_blocked, id=30133, stack(0x0000791e67800000,0x0000791e67900000) (1024K)]
  0x000079204408bfb0 JavaThread "Unconstrained build operations Thread 280"        [_thread_blocked, id=30134, stack(0x0000791e67700000,0x0000791e67800000) (1024K)]
  0x000079204408d1c0 JavaThread "Unconstrained build operations Thread 281"        [_thread_blocked, id=30135, stack(0x0000791e67600000,0x0000791e67700000) (1024K)]
  0x00007921fc331e70 JavaThread "C1 CompilerThread3"         daemon [_thread_blocked, id=30136, stack(0x0000791e67500000,0x0000791e67600000) (1024K)]
  0x000079204408f1f0 JavaThread "Unconstrained build operations Thread 282"        [_thread_blocked, id=30137, stack(0x0000791e67400000,0x0000791e67500000) (1024K)]
  0x00007920440941d0 JavaThread "Unconstrained build operations Thread 283"        [_thread_blocked, id=30138, stack(0x0000791e67300000,0x0000791e67400000) (1024K)]
  0x00007920440935f0 JavaThread "Unconstrained build operations Thread 284"        [_thread_blocked, id=30139, stack(0x0000791e67200000,0x0000791e67300000) (1024K)]
  0x0000792044094e30 JavaThread "Unconstrained build operations Thread 285"        [_thread_blocked, id=30140, stack(0x0000791e67100000,0x0000791e67200000) (1024K)]
  0x0000792044095c40 JavaThread "Unconstrained build operations Thread 286"        [_thread_blocked, id=30141, stack(0x0000791e67000000,0x0000791e67100000) (1024K)]
  0x0000792044096a60 JavaThread "Unconstrained build operations Thread 287"        [_thread_blocked, id=30142, stack(0x0000791e66f00000,0x0000791e67000000) (1024K)]
  0x0000792044097880 JavaThread "Unconstrained build operations Thread 288"        [_thread_blocked, id=30143, stack(0x0000791e66e00000,0x0000791e66f00000) (1024K)]
  0x00007920440986b0 JavaThread "Unconstrained build operations Thread 289"        [_thread_blocked, id=30144, stack(0x0000791e66d00000,0x0000791e66e00000) (1024K)]
  0x00007920440994c0 JavaThread "Unconstrained build operations Thread 290"        [_thread_blocked, id=30145, stack(0x0000791e66c00000,0x0000791e66d00000) (1024K)]
  0x000079204409a300 JavaThread "Unconstrained build operations Thread 291"        [_thread_blocked, id=30146, stack(0x0000791e66b00000,0x0000791e66c00000) (1024K)]
  0x000079204409b3a0 JavaThread "Unconstrained build operations Thread 292"        [_thread_blocked, id=30147, stack(0x0000791e66a00000,0x0000791e66b00000) (1024K)]
  0x000079204409c2c0 JavaThread "Unconstrained build operations Thread 293"        [_thread_blocked, id=30148, stack(0x0000791e66900000,0x0000791e66a00000) (1024K)]
  0x000079204409d030 JavaThread "Unconstrained build operations Thread 294"        [_thread_blocked, id=30149, stack(0x0000791e66800000,0x0000791e66900000) (1024K)]
  0x000079204409dde0 JavaThread "Unconstrained build operations Thread 295"        [_thread_blocked, id=30150, stack(0x0000791e66700000,0x0000791e66800000) (1024K)]
  0x000079204409ebd0 JavaThread "Unconstrained build operations Thread 296"        [_thread_blocked, id=30151, stack(0x0000791e66600000,0x0000791e66700000) (1024K)]
  0x000079204409fde0 JavaThread "Unconstrained build operations Thread 297"        [_thread_blocked, id=30152, stack(0x0000791e66500000,0x0000791e66600000) (1024K)]
  0x00007920440a0c00 JavaThread "Unconstrained build operations Thread 298"        [_thread_blocked, id=30153, stack(0x0000791e66400000,0x0000791e66500000) (1024K)]
  0x00007920440a1a30 JavaThread "Unconstrained build operations Thread 299"        [_thread_blocked, id=30154, stack(0x0000791e66300000,0x0000791e66400000) (1024K)]
  0x00007920440a2c20 JavaThread "Unconstrained build operations Thread 300"        [_thread_blocked, id=30155, stack(0x0000791e66200000,0x0000791e66300000) (1024K)]
  0x00007920440a3e20 JavaThread "Unconstrained build operations Thread 301"        [_thread_blocked, id=30156, stack(0x0000791e66100000,0x0000791e66200000) (1024K)]
  0x00007920440a5020 JavaThread "Unconstrained build operations Thread 302"        [_thread_blocked, id=30157, stack(0x0000791e66000000,0x0000791e66100000) (1024K)]
  0x00007920440a6230 JavaThread "Unconstrained build operations Thread 303"        [_thread_blocked, id=30158, stack(0x0000791e65f00000,0x0000791e66000000) (1024K)]
  0x00007920440a7430 JavaThread "Unconstrained build operations Thread 304"        [_thread_blocked, id=30159, stack(0x0000791e65e00000,0x0000791e65f00000) (1024K)]
  0x00007920440a8640 JavaThread "Unconstrained build operations Thread 305"        [_thread_blocked, id=30160, stack(0x0000791e65d00000,0x0000791e65e00000) (1024K)]
  0x00007920440a9850 JavaThread "Unconstrained build operations Thread 306"        [_thread_blocked, id=30161, stack(0x0000791e65c00000,0x0000791e65d00000) (1024K)]
  0x00007920440aaa70 JavaThread "Unconstrained build operations Thread 307"        [_thread_blocked, id=30162, stack(0x0000791e65b00000,0x0000791e65c00000) (1024K)]
  0x00007920440abb20 JavaThread "Unconstrained build operations Thread 308"        [_thread_blocked, id=30163, stack(0x0000791e65a00000,0x0000791e65b00000) (1024K)]
  0x00007920440acd10 JavaThread "Unconstrained build operations Thread 309"        [_thread_blocked, id=30164, stack(0x0000791e65900000,0x0000791e65a00000) (1024K)]
  0x00007920440adf20 JavaThread "Unconstrained build operations Thread 310"        [_thread_blocked, id=30165, stack(0x0000791e65800000,0x0000791e65900000) (1024K)]
  0x00007920440af140 JavaThread "Unconstrained build operations Thread 311"        [_thread_blocked, id=30166, stack(0x0000791e65700000,0x0000791e65800000) (1024K)]
  0x00007920440b0340 JavaThread "Unconstrained build operations Thread 312"        [_thread_blocked, id=30167, stack(0x0000791e65600000,0x0000791e65700000) (1024K)]
  0x00007920440b1a00 JavaThread "Unconstrained build operations Thread 313"        [_thread_blocked, id=30168, stack(0x0000791e65500000,0x0000791e65600000) (1024K)]
  0x00007920440b2760 JavaThread "Unconstrained build operations Thread 314"        [_thread_blocked, id=30169, stack(0x0000791e65400000,0x0000791e65500000) (1024K)]
  0x00007920440b38e0 JavaThread "Unconstrained build operations Thread 315"        [_thread_blocked, id=30170, stack(0x0000791e65300000,0x0000791e65400000) (1024K)]
  0x00007920440b4720 JavaThread "Unconstrained build operations Thread 316"        [_thread_blocked, id=30171, stack(0x0000791e65200000,0x0000791e65300000) (1024K)]
  0x00007920440b5550 JavaThread "Unconstrained build operations Thread 317"        [_thread_blocked, id=30172, stack(0x0000791e65100000,0x0000791e65200000) (1024K)]
  0x00007920440b6380 JavaThread "Unconstrained build operations Thread 318"        [_thread_blocked, id=30173, stack(0x0000791e65000000,0x0000791e65100000) (1024K)]
  0x00007920440b71c0 JavaThread "Unconstrained build operations Thread 319"        [_thread_blocked, id=30174, stack(0x0000791e64f00000,0x0000791e65000000) (1024K)]
  0x00007920440b8000 JavaThread "Unconstrained build operations Thread 320"        [_thread_blocked, id=30175, stack(0x0000791e64e00000,0x0000791e64f00000) (1024K)]
  0x00007920a0007b30 JavaThread "WorkerExecutor Queue"              [_thread_blocked, id=30176, stack(0x0000791e64d00000,0x0000791e64e00000) (1024K)]
  0x0000792110004640 JavaThread "WorkerExecutor Queue Thread 2"        [_thread_blocked, id=30177, stack(0x0000791e64c00000,0x0000791e64d00000) (1024K)]
  0x0000791fa801dc60 JavaThread "WorkerExecutor Queue Thread 3"        [_thread_blocked, id=30178, stack(0x0000791e64b00000,0x0000791e64c00000) (1024K)]
  0x00007920d0123eb0 JavaThread "WorkerExecutor Queue Thread 4"        [_thread_blocked, id=30179, stack(0x0000791e64a00000,0x0000791e64b00000) (1024K)]
  0x00007921c8006670 JavaThread "RMI RenewClean-[127.0.0.1:17226,org.jetbrains.kotlin.daemon.common.LoopbackNetworkInterface$ClientLoopbackSocketFactory@2f213061]" daemon [_thread_blocked, id=30180, stack(0x0000791e64900000,0x0000791e64a00000) (1024K)]
  0x0000792248781f50 JavaThread "C2 CompilerThread1"         daemon [_thread_in_native, id=30186, stack(0x00007922b4300000,0x00007922b4400000) (1024K)]
  0x00007922480bdc40 JavaThread "C2 CompilerThread2"         daemon [_thread_in_native, id=30187, stack(0x0000792262d00000,0x0000792262e00000) (1024K)]
  0x00007920d00ddb20 JavaThread "Dispatch org.gradle.api.internal.tasks.testing.results.AttachParentTestResultProcessor@36c42201"        [_thread_blocked, id=30189, stack(0x0000792262900000,0x0000792262a00000) (1024K)]
  0x00007920d00e1ed0 JavaThread "Dispatch org.gradle.api.internal.tasks.testing.processors.RestartEveryNTestClassProcessor@36d433c3"        [_thread_in_Java, id=30190, stack(0x0000792262100000,0x0000792262200000) (1024K)]
Total: 418

Other Threads:
  0x00007922e083aa10 VMThread "VM Thread"                           [id=27729, stack(0x00007922b50f2000,0x00007922b51f2000) (1024K)]
  0x00007922e08281c0 WatcherThread "VM Periodic Task Thread"        [id=27728, stack(0x00007922b51f3000,0x00007922b52f3000) (1024K)]
  0x00007922e008a630 WorkerThread "GC Thread#0"                     [id=27721, stack(0x00007922c4f00000,0x00007922c5000000) (1024K)]
  0x000079225c00b200 WorkerThread "GC Thread#1"                     [id=27790, stack(0x0000792261f00000,0x0000792262000000) (1024K)]
  0x000079225c00bd00 WorkerThread "GC Thread#2"                     [id=27791, stack(0x0000792261dff000,0x0000792261eff000) (1024K)]
  0x000079225c00c800 WorkerThread "GC Thread#3"                     [id=27792, stack(0x0000792261cfe000,0x0000792261dfe000) (1024K)]
  0x000079225c00d300 WorkerThread "GC Thread#4"                     [id=27793, stack(0x0000792261bfd000,0x0000792261cfd000) (1024K)]
  0x000079225c00de00 WorkerThread "GC Thread#5"                     [id=27794, stack(0x0000792261afc000,0x0000792261bfc000) (1024K)]
  0x000079225c00e900 WorkerThread "GC Thread#6"                     [id=27795, stack(0x00007922619fb000,0x0000792261afb000) (1024K)]
  0x000079225c00f400 WorkerThread "GC Thread#7"                     [id=27796, stack(0x00007922618fa000,0x00007922619fa000) (1024K)]
  0x000079225c00ff00 WorkerThread "GC Thread#8"                     [id=27797, stack(0x00007922617f9000,0x00007922618f9000) (1024K)]
  0x000079225c010a40 WorkerThread "GC Thread#9"                     [id=27798, stack(0x00007922616f8000,0x00007922617f8000) (1024K)]
  0x000079225c011580 WorkerThread "GC Thread#10"                    [id=27799, stack(0x00007922615f7000,0x00007922616f7000) (1024K)]
  0x000079225c0120c0 WorkerThread "GC Thread#11"                    [id=27800, stack(0x00007922614f6000,0x00007922615f6000) (1024K)]
  0x000079225c012c00 WorkerThread "GC Thread#12"                    [id=27801, stack(0x00007922613f5000,0x00007922614f5000) (1024K)]
  0x000079225c013740 WorkerThread "GC Thread#13"                    [id=27802, stack(0x00007922612f4000,0x00007922613f4000) (1024K)]
  0x000079225c014280 WorkerThread "GC Thread#14"                    [id=27803, stack(0x00007922611f3000,0x00007922612f3000) (1024K)]
  0x000079225c014df0 WorkerThread "GC Thread#15"                    [id=27804, stack(0x00007922610f2000,0x00007922611f2000) (1024K)]
  0x000079225c015960 WorkerThread "GC Thread#16"                    [id=27805, stack(0x0000792260ff1000,0x00007922610f1000) (1024K)]
  0x000079225c0164d0 WorkerThread "GC Thread#17"                    [id=27806, stack(0x0000792260ef0000,0x0000792260ff0000) (1024K)]
  0x000079225c017040 WorkerThread "GC Thread#18"                    [id=27807, stack(0x0000792260def000,0x0000792260eef000) (1024K)]
  0x000079225c017bb0 WorkerThread "GC Thread#19"                    [id=27808, stack(0x0000792260cee000,0x0000792260dee000) (1024K)]
  0x000079225c018720 WorkerThread "GC Thread#20"                    [id=27809, stack(0x0000792260bed000,0x0000792260ced000) (1024K)]
  0x000079225c019290 WorkerThread "GC Thread#21"                    [id=27810, stack(0x0000792260aec000,0x0000792260bec000) (1024K)]
  0x000079225c019e00 WorkerThread "GC Thread#22"                    [id=27811, stack(0x00007922609eb000,0x0000792260aeb000) (1024K)]
  0x00007922e009bcc0 ConcurrentGCThread "G1 Main Marker"            [id=27722, stack(0x00007922c4dff000,0x00007922c4eff000) (1024K)]
  0x00007922e009cca0 WorkerThread "G1 Conc#0"                       [id=27723, stack(0x00007922c4cfe000,0x00007922c4dfe000) (1024K)]
  0x00007922b8000d00 WorkerThread "G1 Conc#1"                       [id=27829, stack(0x00007922601ea000,0x00007922602ea000) (1024K)]
  0x00007922b8001840 WorkerThread "G1 Conc#2"                       [id=27830, stack(0x00007922600e9000,0x00007922601e9000) (1024K)]
  0x00007922b8002380 WorkerThread "G1 Conc#3"                       [id=27831, stack(0x0000792183f00000,0x0000792184000000) (1024K)]
  0x00007922b8002ef0 WorkerThread "G1 Conc#4"                       [id=27832, stack(0x0000792183dff000,0x0000792183eff000) (1024K)]
  0x00007922b8003a60 WorkerThread "G1 Conc#5"                       [id=27833, stack(0x0000792183cfe000,0x0000792183dfe000) (1024K)]
  0x00007922e08145f0 ConcurrentGCThread "G1 Refine#0"               [id=27726, stack(0x00007922b53f5000,0x00007922b54f5000) (1024K)]
  0x00007922e08155b0 ConcurrentGCThread "G1 Service"                [id=27727, stack(0x00007922b52f4000,0x00007922b53f4000) (1024K)]
Total: 34

Threads with active compile tasks:
C2 CompilerThread0  93397 44879       4       java.lang.Class::getMethodsRecursive (99 bytes)
C2 CompilerThread1  93397 44913       4       java.util.concurrent.locks.ReentrantLock::lockInterruptibly (8 bytes)
C2 CompilerThread2  93397 44933       4       java.net.URI::quote (214 bytes)
Total: 3

VM state: not at safepoint (normal execution)

VM Mutex/Monitor currently owned by a thread: None

Heap address: 0x0000000080000000, size: 2048 MB, Compressed Oops mode: 32-bit

CDS archive(s) mapped at: [0x0000792267000000-0x0000792267c9b000-0x0000792267c9b000), size 13217792, SharedBaseAddress: 0x0000792267000000, ArchiveRelocationMode: 1.
Compressed class space mapped at: 0x0000792268000000-0x00007922a8000000, reserved size: 1073741824
Narrow klass base: 0x0000792267000000, Narrow klass shift: 0, Narrow klass range: 0x100000000

GC Precious Log:
 CardTable entry size: 512
 Card Set container configuration: InlinePtr #cards 5 size 8 Array Of Cards #cards 12 size 40 Howl #buckets 4 coarsen threshold 1843 Howl Bitmap #cards 512 size 80 coarsen threshold 460 Card regions per heap region 1 cards per card region 2048
 CPUs: 32 total, 32 available
 Memory: 125G
 Large Page Support: Disabled
 NUMA Support: Disabled
 Compressed Oops: Enabled (32-bit)
 Heap Region Size: 1M
 Heap Min Capacity: 8M
 Heap Initial Capacity: 2008M
 Heap Max Capacity: 2G
 Pre-touch: Disabled
 Parallel Workers: 23
 Concurrent Workers: 6
 Concurrent Refinement Workers: 23
 Periodic GC: Disabled

Heap:
 garbage-first heap   total 1560576K, used 1379328K [0x0000000080000000, 0x0000000100000000)
  region size 1024K, 847 young (867328K), 24 survivors (24576K)
 Metaspace       used 166194K, committed 168768K, reserved 1245184K
  class space    used 22825K, committed 24128K, reserved 1048576K

Heap Regions: E=young(eden), S=young(survivor), O=old, HS=humongous(starts), HC=humongous(continues), CS=collection set, F=free, TAMS=top-at-mark-start, PB=parsable bottom
|   0|0x0000000080000000, 0x0000000080100000, 0x0000000080100000|100%|HS|  |TAMS 0x0000000080000000| PB 0x0000000080000000| Complete 
|   1|0x0000000080100000, 0x0000000080200000, 0x0000000080200000|100%|HC|  |TAMS 0x0000000080100000| PB 0x0000000080100000| Complete 
|   2|0x0000000080200000, 0x0000000080300000, 0x0000000080300000|100%|HC|  |TAMS 0x0000000080200000| PB 0x0000000080200000| Complete 
|   3|0x0000000080300000, 0x0000000080400000, 0x0000000080400000|100%|HS|  |TAMS 0x0000000080300000| PB 0x0000000080300000| Complete 
|   4|0x0000000080400000, 0x0000000080500000, 0x0000000080500000|100%| O|  |TAMS 0x0000000080400000| PB 0x0000000080400000| Untracked 
|   5|0x0000000080500000, 0x0000000080600000, 0x0000000080600000|100%| O|  |TAMS 0x0000000080500000| PB 0x0000000080500000| Untracked 
|   6|0x0000000080600000, 0x0000000080700000, 0x0000000080700000|100%| O|  |TAMS 0x0000000080600000| PB 0x0000000080600000| Untracked 
|   7|0x0000000080700000, 0x0000000080800000, 0x0000000080800000|100%| O|  |TAMS 0x0000000080700000| PB 0x0000000080700000| Untracked 
|   8|0x0000000080800000, 0x0000000080900000, 0x0000000080900000|100%| O|  |TAMS 0x0000000080800000| PB 0x0000000080800000| Untracked 
|   9|0x0000000080900000, 0x0000000080a00000, 0x0000000080a00000|100%| O|  |TAMS 0x0000000080900000| PB 0x0000000080900000| Untracked 
|  10|0x0000000080a00000, 0x0000000080b00000, 0x0000000080b00000|100%| O|  |TAMS 0x0000000080a00000| PB 0x0000000080a00000| Untracked 
|  11|0x0000000080b00000, 0x0000000080c00000, 0x0000000080c00000|100%| O|  |TAMS 0x0000000080b00000| PB 0x0000000080b00000| Untracked 
|  12|0x0000000080c00000, 0x0000000080d00000, 0x0000000080d00000|100%| O|  |TAMS 0x0000000080c00000| PB 0x0000000080c00000| Untracked 
|  13|0x0000000080d00000, 0x0000000080e00000, 0x0000000080e00000|100%| O|  |TAMS 0x0000000080d00000| PB 0x0000000080d00000| Untracked 
|  14|0x0000000080e00000, 0x0000000080f00000, 0x0000000080f00000|100%| O|  |TAMS 0x0000000080e00000| PB 0x0000000080e00000| Untracked 
|  15|0x0000000080f00000, 0x0000000081000000, 0x0000000081000000|100%| O|  |TAMS 0x0000000080f00000| PB 0x0000000080f00000| Untracked 
|  16|0x0000000081000000, 0x0000000081100000, 0x0000000081100000|100%| O|  |TAMS 0x0000000081000000| PB 0x0000000081000000| Untracked 
|  17|0x0000000081100000, 0x0000000081200000, 0x0000000081200000|100%|HS|  |TAMS 0x0000000081100000| PB 0x0000000081100000| Complete 
|  18|0x0000000081200000, 0x0000000081300000, 0x0000000081300000|100%| O|  |TAMS 0x0000000081200000| PB 0x0000000081200000| Untracked 
|  19|0x0000000081300000, 0x0000000081400000, 0x0000000081400000|100%| O|  |TAMS 0x0000000081300000| PB 0x0000000081300000| Untracked 
|  20|0x0000000081400000, 0x0000000081500000, 0x0000000081500000|100%| O|  |TAMS 0x0000000081400000| PB 0x0000000081400000| Untracked 
|  21|0x0000000081500000, 0x0000000081600000, 0x0000000081600000|100%| O|  |TAMS 0x0000000081500000| PB 0x0000000081500000| Untracked 
|  22|0x0000000081600000, 0x0000000081700000, 0x0000000081700000|100%| O|  |TAMS 0x0000000081600000| PB 0x0000000081600000| Untracked 
|  23|0x0000000081700000, 0x0000000081800000, 0x0000000081800000|100%| O|  |TAMS 0x0000000081700000| PB 0x0000000081700000| Untracked 
|  24|0x0000000081800000, 0x0000000081900000, 0x0000000081900000|100%| O|  |TAMS 0x0000000081800000| PB 0x0000000081800000| Untracked 
|  25|0x0000000081900000, 0x0000000081a00000, 0x0000000081a00000|100%| O|  |TAMS 0x0000000081900000| PB 0x0000000081900000| Untracked 
|  26|0x0000000081a00000, 0x0000000081b00000, 0x0000000081b00000|100%| O|  |TAMS 0x0000000081a00000| PB 0x0000000081a00000| Untracked 
|  27|0x0000000081b00000, 0x0000000081c00000, 0x0000000081c00000|100%| O|  |TAMS 0x0000000081b00000| PB 0x0000000081b00000| Untracked 
|  28|0x0000000081c00000, 0x0000000081d00000, 0x0000000081d00000|100%| O|  |TAMS 0x0000000081c00000| PB 0x0000000081c00000| Untracked 
|  29|0x0000000081d00000, 0x0000000081e00000, 0x0000000081e00000|100%| O|  |TAMS 0x0000000081d00000| PB 0x0000000081d00000| Untracked 
|  30|0x0000000081e00000, 0x0000000081f00000, 0x0000000081f00000|100%|HS|  |TAMS 0x0000000081e00000| PB 0x0000000081e00000| Complete 
|  31|0x0000000081f00000, 0x0000000082000000, 0x0000000082000000|100%|HS|  |TAMS 0x0000000081f00000| PB 0x0000000081f00000| Complete 
|  32|0x0000000082000000, 0x0000000082100000, 0x0000000082100000|100%| O|  |TAMS 0x0000000082000000| PB 0x0000000082000000| Untracked 
|  33|0x0000000082100000, 0x0000000082200000, 0x0000000082200000|100%|HS|  |TAMS 0x0000000082100000| PB 0x0000000082100000| Complete 
|  34|0x0000000082200000, 0x0000000082300000, 0x0000000082300000|100%|HC|  |TAMS 0x0000000082200000| PB 0x0000000082200000| Complete 
|  35|0x0000000082300000, 0x0000000082400000, 0x0000000082400000|100%|HS|  |TAMS 0x0000000082300000| PB 0x0000000082300000| Complete 
|  36|0x0000000082400000, 0x0000000082500000, 0x0000000082500000|100%|HC|  |TAMS 0x0000000082400000| PB 0x0000000082400000| Complete 
|  37|0x0000000082500000, 0x0000000082600000, 0x0000000082600000|100%|HS|  |TAMS 0x0000000082500000| PB 0x0000000082500000| Complete 
|  38|0x0000000082600000, 0x0000000082700000, 0x0000000082700000|100%|HC|  |TAMS 0x0000000082600000| PB 0x0000000082600000| Complete 
|  39|0x0000000082700000, 0x0000000082800000, 0x0000000082800000|100%|HC|  |TAMS 0x0000000082700000| PB 0x0000000082700000| Complete 
|  40|0x0000000082800000, 0x0000000082900000, 0x0000000082900000|100%|HS|  |TAMS 0x0000000082800000| PB 0x0000000082800000| Complete 
|  41|0x0000000082900000, 0x0000000082a00000, 0x0000000082a00000|100%|HC|  |TAMS 0x0000000082900000| PB 0x0000000082900000| Complete 
|  42|0x0000000082a00000, 0x0000000082b00000, 0x0000000082b00000|100%|HC|  |TAMS 0x0000000082a00000| PB 0x0000000082a00000| Complete 
|  43|0x0000000082b00000, 0x0000000082c00000, 0x0000000082c00000|100%|HS|  |TAMS 0x0000000082b00000| PB 0x0000000082b00000| Complete 
|  44|0x0000000082c00000, 0x0000000082d00000, 0x0000000082d00000|100%| O|  |TAMS 0x0000000082c00000| PB 0x0000000082c00000| Untracked 
|  45|0x0000000082d00000, 0x0000000082e00000, 0x0000000082e00000|100%|HS|  |TAMS 0x0000000082d00000| PB 0x0000000082d00000| Complete 
|  46|0x0000000082e00000, 0x0000000082f00000, 0x0000000082f00000|100%| O|  |TAMS 0x0000000082e00000| PB 0x0000000082e00000| Untracked 
|  47|0x0000000082f00000, 0x0000000083000000, 0x0000000083000000|100%|HS|  |TAMS 0x0000000082f00000| PB 0x0000000082f00000| Complete 
|  48|0x0000000083000000, 0x0000000083100000, 0x0000000083100000|100%|HS|  |TAMS 0x0000000083000000| PB 0x0000000083000000| Complete 
|  49|0x0000000083100000, 0x0000000083200000, 0x0000000083200000|100%| O|  |TAMS 0x0000000083100000| PB 0x0000000083100000| Untracked 
|  50|0x0000000083200000, 0x0000000083300000, 0x0000000083300000|100%| O|  |TAMS 0x0000000083200000| PB 0x0000000083200000| Untracked 
|  51|0x0000000083300000, 0x0000000083400000, 0x0000000083400000|100%| O|  |TAMS 0x0000000083300000| PB 0x0000000083300000| Untracked 
|  52|0x0000000083400000, 0x0000000083500000, 0x0000000083500000|100%| O|  |TAMS 0x0000000083400000| PB 0x0000000083400000| Untracked 
|  53|0x0000000083500000, 0x0000000083600000, 0x0000000083600000|100%| O|  |TAMS 0x0000000083500000| PB 0x0000000083500000| Untracked 
|  54|0x0000000083600000, 0x0000000083700000, 0x0000000083700000|100%| O|  |TAMS 0x0000000083600000| PB 0x0000000083600000| Untracked 
|  55|0x0000000083700000, 0x0000000083800000, 0x0000000083800000|100%| O|  |TAMS 0x0000000083700000| PB 0x0000000083700000| Untracked 
|  56|0x0000000083800000, 0x0000000083900000, 0x0000000083900000|100%| O|  |TAMS 0x0000000083800000| PB 0x0000000083800000| Untracked 
|  57|0x0000000083900000, 0x0000000083a00000, 0x0000000083a00000|100%| O|  |TAMS 0x0000000083900000| PB 0x0000000083900000| Untracked 
|  58|0x0000000083a00000, 0x0000000083b00000, 0x0000000083b00000|100%| O|  |TAMS 0x0000000083a00000| PB 0x0000000083a00000| Untracked 
|  59|0x0000000083b00000, 0x0000000083c00000, 0x0000000083c00000|100%| O|  |TAMS 0x0000000083b00000| PB 0x0000000083b00000| Untracked 
|  60|0x0000000083c00000, 0x0000000083d00000, 0x0000000083d00000|100%| O|  |TAMS 0x0000000083c00000| PB 0x0000000083c00000| Untracked 
|  61|0x0000000083d00000, 0x0000000083e00000, 0x0000000083e00000|100%| O|  |TAMS 0x0000000083d00000| PB 0x0000000083d00000| Untracked 
|  62|0x0000000083e00000, 0x0000000083f00000, 0x0000000083f00000|100%| O|  |TAMS 0x0000000083e00000| PB 0x0000000083e00000| Untracked 
|  63|0x0000000083f00000, 0x0000000084000000, 0x0000000084000000|100%| O|  |TAMS 0x0000000083f00000| PB 0x0000000083f00000| Untracked 
|  64|0x0000000084000000, 0x0000000084100000, 0x0000000084100000|100%| O|  |TAMS 0x0000000084000000| PB 0x0000000084000000| Untracked 
|  65|0x0000000084100000, 0x0000000084200000, 0x0000000084200000|100%| O|  |TAMS 0x0000000084100000| PB 0x0000000084100000| Untracked 
|  66|0x0000000084200000, 0x0000000084300000, 0x0000000084300000|100%| O|  |TAMS 0x0000000084200000| PB 0x0000000084200000| Untracked 
|  67|0x0000000084300000, 0x0000000084400000, 0x0000000084400000|100%| O|  |TAMS 0x0000000084300000| PB 0x0000000084300000| Untracked 
|  68|0x0000000084400000, 0x0000000084500000, 0x0000000084500000|100%| O|  |TAMS 0x0000000084400000| PB 0x0000000084400000| Untracked 
|  69|0x0000000084500000, 0x0000000084600000, 0x0000000084600000|100%| O|  |TAMS 0x0000000084500000| PB 0x0000000084500000| Untracked 
|  70|0x0000000084600000, 0x0000000084700000, 0x0000000084700000|100%| O|  |TAMS 0x0000000084600000| PB 0x0000000084600000| Untracked 
|  71|0x0000000084700000, 0x0000000084800000, 0x0000000084800000|100%| O|  |TAMS 0x0000000084700000| PB 0x0000000084700000| Untracked 
|  72|0x0000000084800000, 0x0000000084900000, 0x0000000084900000|100%| O|  |TAMS 0x0000000084800000| PB 0x0000000084800000| Untracked 
|  73|0x0000000084900000, 0x0000000084a00000, 0x0000000084a00000|100%| O|  |TAMS 0x0000000084900000| PB 0x0000000084900000| Untracked 
|  74|0x0000000084a00000, 0x0000000084b00000, 0x0000000084b00000|100%| O|  |TAMS 0x0000000084a00000| PB 0x0000000084a00000| Untracked 
|  75|0x0000000084b00000, 0x0000000084c00000, 0x0000000084c00000|100%|HS|  |TAMS 0x0000000084b00000| PB 0x0000000084b00000| Complete 
|  76|0x0000000084c00000, 0x0000000084d00000, 0x0000000084d00000|100%| O|  |TAMS 0x0000000084c00000| PB 0x0000000084c00000| Untracked 
|  77|0x0000000084d00000, 0x0000000084e00000, 0x0000000084e00000|100%| O|  |TAMS 0x0000000084d00000| PB 0x0000000084d00000| Untracked 
|  78|0x0000000084e00000, 0x0000000084f00000, 0x0000000084f00000|100%| O|  |TAMS 0x0000000084e00000| PB 0x0000000084e00000| Untracked 
|  79|0x0000000084f00000, 0x0000000085000000, 0x0000000085000000|100%| O|  |TAMS 0x0000000084f00000| PB 0x0000000084f00000| Untracked 
|  80|0x0000000085000000, 0x0000000085100000, 0x0000000085100000|100%| O|  |TAMS 0x0000000085000000| PB 0x0000000085000000| Untracked 
|  81|0x0000000085100000, 0x0000000085200000, 0x0000000085200000|100%| O|  |TAMS 0x0000000085100000| PB 0x0000000085100000| Untracked 
|  82|0x0000000085200000, 0x0000000085300000, 0x0000000085300000|100%| O|  |TAMS 0x0000000085200000| PB 0x0000000085200000| Untracked 
|  83|0x0000000085300000, 0x0000000085400000, 0x0000000085400000|100%|HS|  |TAMS 0x0000000085300000| PB 0x0000000085300000| Complete 
|  84|0x0000000085400000, 0x0000000085500000, 0x0000000085500000|100%|HC|  |TAMS 0x0000000085400000| PB 0x0000000085400000| Complete 
|  85|0x0000000085500000, 0x0000000085600000, 0x0000000085600000|100%|HS|  |TAMS 0x0000000085500000| PB 0x0000000085500000| Complete 
|  86|0x0000000085600000, 0x0000000085700000, 0x0000000085700000|100%|HC|  |TAMS 0x0000000085600000| PB 0x0000000085600000| Complete 
|  87|0x0000000085700000, 0x0000000085700000, 0x0000000085800000|  0%| F|  |TAMS 0x0000000085700000| PB 0x0000000085700000| Untracked 
|  88|0x0000000085800000, 0x0000000085900000, 0x0000000085900000|100%| O|  |TAMS 0x0000000085800000| PB 0x0000000085800000| Untracked 
|  89|0x0000000085900000, 0x0000000085a00000, 0x0000000085a00000|100%| O|  |TAMS 0x0000000085900000| PB 0x0000000085900000| Untracked 
|  90|0x0000000085a00000, 0x0000000085b00000, 0x0000000085b00000|100%| O|  |TAMS 0x0000000085a00000| PB 0x0000000085a00000| Untracked 
|  91|0x0000000085b00000, 0x0000000085c00000, 0x0000000085c00000|100%| O|  |TAMS 0x0000000085b00000| PB 0x0000000085b00000| Untracked 
|  92|0x0000000085c00000, 0x0000000085d00000, 0x0000000085d00000|100%| O|  |TAMS 0x0000000085c00000| PB 0x0000000085c00000| Untracked 
|  93|0x0000000085d00000, 0x0000000085e00000, 0x0000000085e00000|100%|HS|  |TAMS 0x0000000085d00000| PB 0x0000000085d00000| Complete 
|  94|0x0000000085e00000, 0x0000000085f00000, 0x0000000085f00000|100%|HC|  |TAMS 0x0000000085e00000| PB 0x0000000085e00000| Complete 
|  95|0x0000000085f00000, 0x0000000086000000, 0x0000000086000000|100%|HC|  |TAMS 0x0000000085f00000| PB 0x0000000085f00000| Complete 
|  96|0x0000000086000000, 0x0000000086100000, 0x0000000086100000|100%|HC|  |TAMS 0x0000000086000000| PB 0x0000000086000000| Complete 
|  97|0x0000000086100000, 0x0000000086200000, 0x0000000086200000|100%|HC|  |TAMS 0x0000000086100000| PB 0x0000000086100000| Complete 
|  98|0x0000000086200000, 0x0000000086300000, 0x0000000086300000|100%|HC|  |TAMS 0x0000000086200000| PB 0x0000000086200000| Complete 
|  99|0x0000000086300000, 0x0000000086300000, 0x0000000086400000|  0%| F|  |TAMS 0x0000000086300000| PB 0x0000000086300000| Untracked 
| 100|0x0000000086400000, 0x0000000086500000, 0x0000000086500000|100%| O|Cm|TAMS 0x0000000086400000| PB 0x0000000086400000| Complete 
| 101|0x0000000086500000, 0x0000000086600000, 0x0000000086600000|100%|HS|  |TAMS 0x0000000086500000| PB 0x0000000086500000| Complete 
| 102|0x0000000086600000, 0x0000000086700000, 0x0000000086700000|100%|HC|  |TAMS 0x0000000086600000| PB 0x0000000086600000| Complete 
| 103|0x0000000086700000, 0x0000000086800000, 0x0000000086800000|100%| O|Cm|TAMS 0x0000000086700000| PB 0x0000000086700000| Complete 
| 104|0x0000000086800000, 0x0000000086900000, 0x0000000086900000|100%| O|Cm|TAMS 0x0000000086800000| PB 0x0000000086800000| Complete 
| 105|0x0000000086900000, 0x0000000086a00000, 0x0000000086a00000|100%| O|Cm|TAMS 0x0000000086900000| PB 0x0000000086900000| Complete 
| 106|0x0000000086a00000, 0x0000000086b00000, 0x0000000086b00000|100%| O|Cm|TAMS 0x0000000086a00000| PB 0x0000000086a00000| Complete 
| 107|0x0000000086b00000, 0x0000000086c00000, 0x0000000086c00000|100%| O|  |TAMS 0x0000000086b00000| PB 0x0000000086b00000| Untracked 
| 108|0x0000000086c00000, 0x0000000086d00000, 0x0000000086d00000|100%| O|  |TAMS 0x0000000086c00000| PB 0x0000000086c00000| Untracked 
| 109|0x0000000086d00000, 0x0000000086e00000, 0x0000000086e00000|100%| O|  |TAMS 0x0000000086d00000| PB 0x0000000086d00000| Untracked 
| 110|0x0000000086e00000, 0x0000000086f00000, 0x0000000086f00000|100%| O|  |TAMS 0x0000000086e00000| PB 0x0000000086e00000| Untracked 
| 111|0x0000000086f00000, 0x0000000087000000, 0x0000000087000000|100%| O|  |TAMS 0x0000000086f00000| PB 0x0000000086f00000| Untracked 
| 112|0x0000000087000000, 0x0000000087100000, 0x0000000087100000|100%| O|  |TAMS 0x0000000087000000| PB 0x0000000087000000| Untracked 
| 113|0x0000000087100000, 0x0000000087200000, 0x0000000087200000|100%| O|  |TAMS 0x0000000087100000| PB 0x0000000087100000| Untracked 
| 114|0x0000000087200000, 0x0000000087300000, 0x0000000087300000|100%| O|  |TAMS 0x0000000087200000| PB 0x0000000087200000| Untracked 
| 115|0x0000000087300000, 0x0000000087400000, 0x0000000087400000|100%| O|  |TAMS 0x0000000087300000| PB 0x0000000087300000| Untracked 
| 116|0x0000000087400000, 0x0000000087500000, 0x0000000087500000|100%| O|  |TAMS 0x0000000087400000| PB 0x0000000087400000| Untracked 
| 117|0x0000000087500000, 0x0000000087600000, 0x0000000087600000|100%| O|  |TAMS 0x0000000087500000| PB 0x0000000087500000| Untracked 
| 118|0x0000000087600000, 0x0000000087700000, 0x0000000087700000|100%| O|  |TAMS 0x0000000087600000| PB 0x0000000087600000| Untracked 
| 119|0x0000000087700000, 0x0000000087800000, 0x0000000087800000|100%| O|  |TAMS 0x0000000087700000| PB 0x0000000087700000| Untracked 
| 120|0x0000000087800000, 0x0000000087800000, 0x0000000087900000|  0%| F|  |TAMS 0x0000000087800000| PB 0x0000000087800000| Untracked 
| 121|0x0000000087900000, 0x0000000087a00000, 0x0000000087a00000|100%| O|Cm|TAMS 0x0000000087900000| PB 0x0000000087900000| Complete 
| 122|0x0000000087a00000, 0x0000000087b00000, 0x0000000087b00000|100%| O|Cm|TAMS 0x0000000087a00000| PB 0x0000000087a00000| Complete 
| 123|0x0000000087b00000, 0x0000000087c00000, 0x0000000087c00000|100%| O|Cm|TAMS 0x0000000087b00000| PB 0x0000000087b00000| Complete 
| 124|0x0000000087c00000, 0x0000000087d00000, 0x0000000087d00000|100%| O|Cm|TAMS 0x0000000087c00000| PB 0x0000000087c00000| Complete 
| 125|0x0000000087d00000, 0x0000000087d00000, 0x0000000087e00000|  0%| F|  |TAMS 0x0000000087d00000| PB 0x0000000087d00000| Untracked 
| 126|0x0000000087e00000, 0x0000000087f00000, 0x0000000087f00000|100%| O|Cm|TAMS 0x0000000087e00000| PB 0x0000000087e00000| Complete 
| 127|0x0000000087f00000, 0x0000000088000000, 0x0000000088000000|100%| O|  |TAMS 0x0000000087f00000| PB 0x0000000087f00000| Untracked 
| 128|0x0000000088000000, 0x0000000088100000, 0x0000000088100000|100%| O|Cm|TAMS 0x0000000088000000| PB 0x0000000088000000| Complete 
| 129|0x0000000088100000, 0x0000000088200000, 0x0000000088200000|100%| O|Cm|TAMS 0x0000000088100000| PB 0x0000000088100000| Complete 
| 130|0x0000000088200000, 0x0000000088300000, 0x0000000088300000|100%| O|Cm|TAMS 0x0000000088200000| PB 0x0000000088200000| Complete 
| 131|0x0000000088300000, 0x0000000088400000, 0x0000000088400000|100%| O|Cm|TAMS 0x0000000088300000| PB 0x0000000088300000| Complete 
| 132|0x0000000088400000, 0x0000000088500000, 0x0000000088500000|100%| O|  |TAMS 0x0000000088400000| PB 0x0000000088400000| Untracked 
| 133|0x0000000088500000, 0x0000000088600000, 0x0000000088600000|100%| O|  |TAMS 0x0000000088500000| PB 0x0000000088500000| Untracked 
| 134|0x0000000088600000, 0x0000000088700000, 0x0000000088700000|100%| O|  |TAMS 0x0000000088600000| PB 0x0000000088600000| Untracked 
| 135|0x0000000088700000, 0x0000000088800000, 0x0000000088800000|100%|HS|  |TAMS 0x0000000088700000| PB 0x0000000088700000| Complete 
| 136|0x0000000088800000, 0x0000000088900000, 0x0000000088900000|100%|HC|  |TAMS 0x0000000088800000| PB 0x0000000088800000| Complete 
| 137|0x0000000088900000, 0x0000000088a00000, 0x0000000088a00000|100%| O|Cm|TAMS 0x0000000088900000| PB 0x0000000088900000| Complete 
| 138|0x0000000088a00000, 0x0000000088b00000, 0x0000000088b00000|100%| O|  |TAMS 0x0000000088a00000| PB 0x0000000088a00000| Untracked 
| 139|0x0000000088b00000, 0x0000000088c00000, 0x0000000088c00000|100%| O|Cm|TAMS 0x0000000088b00000| PB 0x0000000088b00000| Complete 
| 140|0x0000000088c00000, 0x0000000088d00000, 0x0000000088d00000|100%| O|  |TAMS 0x0000000088c00000| PB 0x0000000088c00000| Untracked 
| 141|0x0000000088d00000, 0x0000000088e00000, 0x0000000088e00000|100%|HS|  |TAMS 0x0000000088d00000| PB 0x0000000088d00000| Complete 
| 142|0x0000000088e00000, 0x0000000088f00000, 0x0000000088f00000|100%|HC|  |TAMS 0x0000000088e00000| PB 0x0000000088e00000| Complete 
| 143|0x0000000088f00000, 0x0000000089000000, 0x0000000089000000|100%|HS|  |TAMS 0x0000000088f00000| PB 0x0000000088f00000| Complete 
| 144|0x0000000089000000, 0x0000000089100000, 0x0000000089100000|100%|HC|  |TAMS 0x0000000089000000| PB 0x0000000089000000| Complete 
| 145|0x0000000089100000, 0x0000000089100000, 0x0000000089200000|  0%| F|  |TAMS 0x0000000089100000| PB 0x0000000089100000| Untracked 
| 146|0x0000000089200000, 0x0000000089300000, 0x0000000089300000|100%| O|  |TAMS 0x0000000089200000| PB 0x0000000089200000| Untracked 
| 147|0x0000000089300000, 0x0000000089400000, 0x0000000089400000|100%| O|Cm|TAMS 0x0000000089300000| PB 0x0000000089300000| Complete 
| 148|0x0000000089400000, 0x0000000089500000, 0x0000000089500000|100%| O|Cm|TAMS 0x0000000089400000| PB 0x0000000089400000| Complete 
| 149|0x0000000089500000, 0x0000000089600000, 0x0000000089600000|100%| O|Cm|TAMS 0x0000000089500000| PB 0x0000000089500000| Complete 
| 150|0x0000000089600000, 0x0000000089700000, 0x0000000089700000|100%| O|  |TAMS 0x0000000089600000| PB 0x0000000089600000| Untracked 
| 151|0x0000000089700000, 0x0000000089800000, 0x0000000089800000|100%| O|Cm|TAMS 0x0000000089700000| PB 0x0000000089700000| Complete 
| 152|0x0000000089800000, 0x0000000089900000, 0x0000000089900000|100%| O|Cm|TAMS 0x0000000089800000| PB 0x0000000089800000| Complete 
| 153|0x0000000089900000, 0x0000000089a00000, 0x0000000089a00000|100%| O|Cm|TAMS 0x0000000089900000| PB 0x0000000089900000| Complete 
| 154|0x0000000089a00000, 0x0000000089b00000, 0x0000000089b00000|100%| O|Cm|TAMS 0x0000000089a00000| PB 0x0000000089a00000| Complete 
| 155|0x0000000089b00000, 0x0000000089c00000, 0x0000000089c00000|100%| O|Cm|TAMS 0x0000000089b00000| PB 0x0000000089b00000| Complete 
| 156|0x0000000089c00000, 0x0000000089d00000, 0x0000000089d00000|100%| O|Cm|TAMS 0x0000000089c00000| PB 0x0000000089c00000| Complete 
| 157|0x0000000089d00000, 0x0000000089e00000, 0x0000000089e00000|100%|HS|  |TAMS 0x0000000089d00000| PB 0x0000000089d00000| Complete 
| 158|0x0000000089e00000, 0x0000000089f00000, 0x0000000089f00000|100%|HC|  |TAMS 0x0000000089e00000| PB 0x0000000089e00000| Complete 
| 159|0x0000000089f00000, 0x000000008a000000, 0x000000008a000000|100%| O|Cm|TAMS 0x0000000089f00000| PB 0x0000000089f00000| Complete 
| 160|0x000000008a000000, 0x000000008a100000, 0x000000008a100000|100%|HS|  |TAMS 0x000000008a000000| PB 0x000000008a000000| Complete 
| 161|0x000000008a100000, 0x000000008a200000, 0x000000008a200000|100%|HC|  |TAMS 0x000000008a100000| PB 0x000000008a100000| Complete 
| 162|0x000000008a200000, 0x000000008a300000, 0x000000008a300000|100%|HC|  |TAMS 0x000000008a200000| PB 0x000000008a200000| Complete 
| 163|0x000000008a300000, 0x000000008a400000, 0x000000008a400000|100%|HC|  |TAMS 0x000000008a300000| PB 0x000000008a300000| Complete 
| 164|0x000000008a400000, 0x000000008a500000, 0x000000008a500000|100%|HC|  |TAMS 0x000000008a400000| PB 0x000000008a400000| Complete 
| 165|0x000000008a500000, 0x000000008a600000, 0x000000008a600000|100%|HC|  |TAMS 0x000000008a500000| PB 0x000000008a500000| Complete 
| 166|0x000000008a600000, 0x000000008a700000, 0x000000008a700000|100%|HS|  |TAMS 0x000000008a600000| PB 0x000000008a600000| Complete 
| 167|0x000000008a700000, 0x000000008a800000, 0x000000008a800000|100%|HC|  |TAMS 0x000000008a700000| PB 0x000000008a700000| Complete 
| 168|0x000000008a800000, 0x000000008a800000, 0x000000008a900000|  0%| F|  |TAMS 0x000000008a800000| PB 0x000000008a800000| Untracked 
| 169|0x000000008a900000, 0x000000008aa00000, 0x000000008aa00000|100%| O|Cm|TAMS 0x000000008a900000| PB 0x000000008a900000| Complete 
| 170|0x000000008aa00000, 0x000000008ab00000, 0x000000008ab00000|100%| O|Cm|TAMS 0x000000008aa00000| PB 0x000000008aa00000| Complete 
| 171|0x000000008ab00000, 0x000000008ac00000, 0x000000008ac00000|100%| O|Cm|TAMS 0x000000008ab00000| PB 0x000000008ab00000| Complete 
| 172|0x000000008ac00000, 0x000000008ad00000, 0x000000008ad00000|100%| O|Cm|TAMS 0x000000008ac00000| PB 0x000000008ac00000| Complete 
| 173|0x000000008ad00000, 0x000000008ad00000, 0x000000008ae00000|  0%| F|  |TAMS 0x000000008ad00000| PB 0x000000008ad00000| Untracked 
| 174|0x000000008ae00000, 0x000000008af00000, 0x000000008af00000|100%| O|Cm|TAMS 0x000000008ae00000| PB 0x000000008ae00000| Complete 
| 175|0x000000008af00000, 0x000000008b000000, 0x000000008b000000|100%| O|  |TAMS 0x000000008af00000| PB 0x000000008af00000| Untracked 
| 176|0x000000008b000000, 0x000000008b100000, 0x000000008b100000|100%| O|Cm|TAMS 0x000000008b000000| PB 0x000000008b000000| Complete 
| 177|0x000000008b100000, 0x000000008b200000, 0x000000008b200000|100%| O|Cm|TAMS 0x000000008b100000| PB 0x000000008b100000| Complete 
| 178|0x000000008b200000, 0x000000008b300000, 0x000000008b300000|100%| O|Cm|TAMS 0x000000008b200000| PB 0x000000008b200000| Complete 
| 179|0x000000008b300000, 0x000000008b400000, 0x000000008b400000|100%| O|Cm|TAMS 0x000000008b300000| PB 0x000000008b300000| Complete 
| 180|0x000000008b400000, 0x000000008b500000, 0x000000008b500000|100%| O|Cm|TAMS 0x000000008b400000| PB 0x000000008b400000| Complete 
| 181|0x000000008b500000, 0x000000008b600000, 0x000000008b600000|100%| O|Cm|TAMS 0x000000008b500000| PB 0x000000008b500000| Complete 
| 182|0x000000008b600000, 0x000000008b700000, 0x000000008b700000|100%| O|Cm|TAMS 0x000000008b600000| PB 0x000000008b600000| Complete 
| 183|0x000000008b700000, 0x000000008b800000, 0x000000008b800000|100%| O|Cm|TAMS 0x000000008b700000| PB 0x000000008b700000| Complete 
| 184|0x000000008b800000, 0x000000008b900000, 0x000000008b900000|100%| O|Cm|TAMS 0x000000008b800000| PB 0x000000008b800000| Complete 
| 185|0x000000008b900000, 0x000000008ba00000, 0x000000008ba00000|100%| O|Cm|TAMS 0x000000008b900000| PB 0x000000008b900000| Complete 
| 186|0x000000008ba00000, 0x000000008ba00000, 0x000000008bb00000|  0%| F|  |TAMS 0x000000008ba00000| PB 0x000000008ba00000| Untracked 
| 187|0x000000008bb00000, 0x000000008bc00000, 0x000000008bc00000|100%| O|  |TAMS 0x000000008bb00000| PB 0x000000008bb00000| Untracked 
| 188|0x000000008bc00000, 0x000000008bd00000, 0x000000008bd00000|100%|HS|  |TAMS 0x000000008bc00000| PB 0x000000008bc00000| Complete 
| 189|0x000000008bd00000, 0x000000008be00000, 0x000000008be00000|100%|HC|  |TAMS 0x000000008bd00000| PB 0x000000008bd00000| Complete 
| 190|0x000000008be00000, 0x000000008bf00000, 0x000000008bf00000|100%| O|  |TAMS 0x000000008be00000| PB 0x000000008be00000| Untracked 
| 191|0x000000008bf00000, 0x000000008c000000, 0x000000008c000000|100%| O|Cm|TAMS 0x000000008bf00000| PB 0x000000008bf00000| Complete 
| 192|0x000000008c000000, 0x000000008c100000, 0x000000008c100000|100%| O|Cm|TAMS 0x000000008c000000| PB 0x000000008c000000| Complete 
| 193|0x000000008c100000, 0x000000008c200000, 0x000000008c200000|100%| O|Cm|TAMS 0x000000008c100000| PB 0x000000008c100000| Complete 
| 194|0x000000008c200000, 0x000000008c300000, 0x000000008c300000|100%| O|Cm|TAMS 0x000000008c200000| PB 0x000000008c200000| Complete 
| 195|0x000000008c300000, 0x000000008c400000, 0x000000008c400000|100%| O|Cm|TAMS 0x000000008c300000| PB 0x000000008c300000| Complete 
| 196|0x000000008c400000, 0x000000008c500000, 0x000000008c500000|100%| O|Cm|TAMS 0x000000008c400000| PB 0x000000008c400000| Complete 
| 197|0x000000008c500000, 0x000000008c600000, 0x000000008c600000|100%| O|  |TAMS 0x000000008c500000| PB 0x000000008c500000| Untracked 
| 198|0x000000008c600000, 0x000000008c600000, 0x000000008c700000|  0%| F|  |TAMS 0x000000008c600000| PB 0x000000008c600000| Untracked 
| 199|0x000000008c700000, 0x000000008c800000, 0x000000008c800000|100%| O|Cm|TAMS 0x000000008c700000| PB 0x000000008c700000| Complete 
| 200|0x000000008c800000, 0x000000008c900000, 0x000000008c900000|100%| O|Cm|TAMS 0x000000008c800000| PB 0x000000008c800000| Complete 
| 201|0x000000008c900000, 0x000000008ca00000, 0x000000008ca00000|100%|HS|  |TAMS 0x000000008c900000| PB 0x000000008c900000| Complete 
| 202|0x000000008ca00000, 0x000000008cb00000, 0x000000008cb00000|100%|HC|  |TAMS 0x000000008ca00000| PB 0x000000008ca00000| Complete 
| 203|0x000000008cb00000, 0x000000008cb00000, 0x000000008cc00000|  0%| F|  |TAMS 0x000000008cb00000| PB 0x000000008cb00000| Untracked 
| 204|0x000000008cc00000, 0x000000008cc00000, 0x000000008cd00000|  0%| F|  |TAMS 0x000000008cc00000| PB 0x000000008cc00000| Untracked 
| 205|0x000000008cd00000, 0x000000008ce00000, 0x000000008ce00000|100%| O|Cm|TAMS 0x000000008cd00000| PB 0x000000008cd00000| Complete 
| 206|0x000000008ce00000, 0x000000008cf00000, 0x000000008cf00000|100%| O|  |TAMS 0x000000008ce00000| PB 0x000000008ce00000| Untracked 
| 207|0x000000008cf00000, 0x000000008d000000, 0x000000008d000000|100%| O|Cm|TAMS 0x000000008cf00000| PB 0x000000008cf00000| Complete 
| 208|0x000000008d000000, 0x000000008d000000, 0x000000008d100000|  0%| F|  |TAMS 0x000000008d000000| PB 0x000000008d000000| Untracked 
| 209|0x000000008d100000, 0x000000008d200000, 0x000000008d200000|100%| O|  |TAMS 0x000000008d100000| PB 0x000000008d100000| Untracked 
| 210|0x000000008d200000, 0x000000008d300000, 0x000000008d300000|100%| O|Cm|TAMS 0x000000008d200000| PB 0x000000008d200000| Complete 
| 211|0x000000008d300000, 0x000000008d300000, 0x000000008d400000|  0%| F|  |TAMS 0x000000008d300000| PB 0x000000008d300000| Untracked 
| 212|0x000000008d400000, 0x000000008d400000, 0x000000008d500000|  0%| F|  |TAMS 0x000000008d400000| PB 0x000000008d400000| Untracked 
| 213|0x000000008d500000, 0x000000008d500000, 0x000000008d600000|  0%| F|  |TAMS 0x000000008d500000| PB 0x000000008d500000| Untracked 
| 214|0x000000008d600000, 0x000000008d700000, 0x000000008d700000|100%| O|Cm|TAMS 0x000000008d600000| PB 0x000000008d600000| Complete 
| 215|0x000000008d700000, 0x000000008d700000, 0x000000008d800000|  0%| F|  |TAMS 0x000000008d700000| PB 0x000000008d700000| Untracked 
| 216|0x000000008d800000, 0x000000008d800000, 0x000000008d900000|  0%| F|  |TAMS 0x000000008d800000| PB 0x000000008d800000| Untracked 
| 217|0x000000008d900000, 0x000000008d900000, 0x000000008da00000|  0%| F|  |TAMS 0x000000008d900000| PB 0x000000008d900000| Untracked 
| 218|0x000000008da00000, 0x000000008db00000, 0x000000008db00000|100%| O|  |TAMS 0x000000008da00000| PB 0x000000008da00000| Untracked 
| 219|0x000000008db00000, 0x000000008dc00000, 0x000000008dc00000|100%| O|Cm|TAMS 0x000000008db00000| PB 0x000000008db00000| Complete 
| 220|0x000000008dc00000, 0x000000008dd00000, 0x000000008dd00000|100%| O|Cm|TAMS 0x000000008dc00000| PB 0x000000008dc00000| Complete 
| 221|0x000000008dd00000, 0x000000008de00000, 0x000000008de00000|100%| O|Cm|TAMS 0x000000008dd00000| PB 0x000000008dd00000| Complete 
| 222|0x000000008de00000, 0x000000008df00000, 0x000000008df00000|100%| O|Cm|TAMS 0x000000008de00000| PB 0x000000008de00000| Complete 
| 223|0x000000008df00000, 0x000000008e000000, 0x000000008e000000|100%| O|Cm|TAMS 0x000000008df00000| PB 0x000000008df00000| Complete 
| 224|0x000000008e000000, 0x000000008e000000, 0x000000008e100000|  0%| F|  |TAMS 0x000000008e000000| PB 0x000000008e000000| Untracked 
| 225|0x000000008e100000, 0x000000008e200000, 0x000000008e200000|100%| O|Cm|TAMS 0x000000008e100000| PB 0x000000008e100000| Complete 
| 226|0x000000008e200000, 0x000000008e300000, 0x000000008e300000|100%| O|Cm|TAMS 0x000000008e200000| PB 0x000000008e200000| Complete 
| 227|0x000000008e300000, 0x000000008e400000, 0x000000008e400000|100%| O|  |TAMS 0x000000008e300000| PB 0x000000008e300000| Untracked 
| 228|0x000000008e400000, 0x000000008e400000, 0x000000008e500000|  0%| F|  |TAMS 0x000000008e400000| PB 0x000000008e400000| Untracked 
| 229|0x000000008e500000, 0x000000008e600000, 0x000000008e600000|100%| O|Cm|TAMS 0x000000008e500000| PB 0x000000008e500000| Complete 
| 230|0x000000008e600000, 0x000000008e600000, 0x000000008e700000|  0%| F|  |TAMS 0x000000008e600000| PB 0x000000008e600000| Untracked 
| 231|0x000000008e700000, 0x000000008e800000, 0x000000008e800000|100%| O|Cm|TAMS 0x000000008e700000| PB 0x000000008e700000| Complete 
| 232|0x000000008e800000, 0x000000008e800000, 0x000000008e900000|  0%| F|  |TAMS 0x000000008e800000| PB 0x000000008e800000| Untracked 
| 233|0x000000008e900000, 0x000000008ea00000, 0x000000008ea00000|100%| O|Cm|TAMS 0x000000008e900000| PB 0x000000008e900000| Complete 
| 234|0x000000008ea00000, 0x000000008eb00000, 0x000000008eb00000|100%| O|Cm|TAMS 0x000000008ea00000| PB 0x000000008ea00000| Complete 
| 235|0x000000008eb00000, 0x000000008eb00000, 0x000000008ec00000|  0%| F|  |TAMS 0x000000008eb00000| PB 0x000000008eb00000| Untracked 
| 236|0x000000008ec00000, 0x000000008ed00000, 0x000000008ed00000|100%| O|Cm|TAMS 0x000000008ec00000| PB 0x000000008ec00000| Complete 
| 237|0x000000008ed00000, 0x000000008ed00000, 0x000000008ee00000|  0%| F|  |TAMS 0x000000008ed00000| PB 0x000000008ed00000| Untracked 
| 238|0x000000008ee00000, 0x000000008ee00000, 0x000000008ef00000|  0%| F|  |TAMS 0x000000008ee00000| PB 0x000000008ee00000| Untracked 
| 239|0x000000008ef00000, 0x000000008f000000, 0x000000008f000000|100%| O|Cm|TAMS 0x000000008ef00000| PB 0x000000008ef00000| Complete 
| 240|0x000000008f000000, 0x000000008f100000, 0x000000008f100000|100%| O|Cm|TAMS 0x000000008f000000| PB 0x000000008f000000| Complete 
| 241|0x000000008f100000, 0x000000008f100000, 0x000000008f200000|  0%| F|  |TAMS 0x000000008f100000| PB 0x000000008f100000| Untracked 
| 242|0x000000008f200000, 0x000000008f200000, 0x000000008f300000|  0%| F|  |TAMS 0x000000008f200000| PB 0x000000008f200000| Untracked 
| 243|0x000000008f300000, 0x000000008f300000, 0x000000008f400000|  0%| F|  |TAMS 0x000000008f300000| PB 0x000000008f300000| Untracked 
| 244|0x000000008f400000, 0x000000008f400000, 0x000000008f500000|  0%| F|  |TAMS 0x000000008f400000| PB 0x000000008f400000| Untracked 
| 245|0x000000008f500000, 0x000000008f500000, 0x000000008f600000|  0%| F|  |TAMS 0x000000008f500000| PB 0x000000008f500000| Untracked 
| 246|0x000000008f600000, 0x000000008f600000, 0x000000008f700000|  0%| F|  |TAMS 0x000000008f600000| PB 0x000000008f600000| Untracked 
| 247|0x000000008f700000, 0x000000008f700000, 0x000000008f800000|  0%| F|  |TAMS 0x000000008f700000| PB 0x000000008f700000| Untracked 
| 248|0x000000008f800000, 0x000000008f800000, 0x000000008f900000|  0%| F|  |TAMS 0x000000008f800000| PB 0x000000008f800000| Untracked 
| 249|0x000000008f900000, 0x000000008f900000, 0x000000008fa00000|  0%| F|  |TAMS 0x000000008f900000| PB 0x000000008f900000| Untracked 
| 250|0x000000008fa00000, 0x000000008fa00000, 0x000000008fb00000|  0%| F|  |TAMS 0x000000008fa00000| PB 0x000000008fa00000| Untracked 
| 251|0x000000008fb00000, 0x000000008fc00000, 0x000000008fc00000|100%| O|Cm|TAMS 0x000000008fb00000| PB 0x000000008fb00000| Complete 
| 252|0x000000008fc00000, 0x000000008fc00000, 0x000000008fd00000|  0%| F|  |TAMS 0x000000008fc00000| PB 0x000000008fc00000| Untracked 
| 253|0x000000008fd00000, 0x000000008fd00000, 0x000000008fe00000|  0%| F|  |TAMS 0x000000008fd00000| PB 0x000000008fd00000| Untracked 
| 254|0x000000008fe00000, 0x000000008fe00000, 0x000000008ff00000|  0%| F|  |TAMS 0x000000008fe00000| PB 0x000000008fe00000| Untracked 
| 255|0x000000008ff00000, 0x000000008ff00000, 0x0000000090000000|  0%| F|  |TAMS 0x000000008ff00000| PB 0x000000008ff00000| Untracked 
| 256|0x0000000090000000, 0x0000000090000000, 0x0000000090100000|  0%| F|  |TAMS 0x0000000090000000| PB 0x0000000090000000| Untracked 
| 257|0x0000000090100000, 0x0000000090100000, 0x0000000090200000|  0%| F|  |TAMS 0x0000000090100000| PB 0x0000000090100000| Untracked 
| 258|0x0000000090200000, 0x0000000090300000, 0x0000000090300000|100%| O|  |TAMS 0x0000000090200000| PB 0x0000000090200000| Untracked 
| 259|0x0000000090300000, 0x0000000090300000, 0x0000000090400000|  0%| F|  |TAMS 0x0000000090300000| PB 0x0000000090300000| Untracked 
| 260|0x0000000090400000, 0x0000000090400000, 0x0000000090500000|  0%| F|  |TAMS 0x0000000090400000| PB 0x0000000090400000| Untracked 
| 261|0x0000000090500000, 0x0000000090500000, 0x0000000090600000|  0%| F|  |TAMS 0x0000000090500000| PB 0x0000000090500000| Untracked 
| 262|0x0000000090600000, 0x0000000090700000, 0x0000000090700000|100%| O|  |TAMS 0x0000000090600000| PB 0x0000000090600000| Untracked 
| 263|0x0000000090700000, 0x0000000090700000, 0x0000000090800000|  0%| F|  |TAMS 0x0000000090700000| PB 0x0000000090700000| Untracked 
| 264|0x0000000090800000, 0x0000000090800000, 0x0000000090900000|  0%| F|  |TAMS 0x0000000090800000| PB 0x0000000090800000| Untracked 
| 265|0x0000000090900000, 0x0000000090a00000, 0x0000000090a00000|100%| O|Cm|TAMS 0x0000000090900000| PB 0x0000000090900000| Complete 
| 266|0x0000000090a00000, 0x0000000090b00000, 0x0000000090b00000|100%| O|  |TAMS 0x0000000090a00000| PB 0x0000000090a00000| Untracked 
| 267|0x0000000090b00000, 0x0000000090b00000, 0x0000000090c00000|  0%| F|  |TAMS 0x0000000090b00000| PB 0x0000000090b00000| Untracked 
| 268|0x0000000090c00000, 0x0000000090c00000, 0x0000000090d00000|  0%| F|  |TAMS 0x0000000090c00000| PB 0x0000000090c00000| Untracked 
| 269|0x0000000090d00000, 0x0000000090e00000, 0x0000000090e00000|100%| O|  |TAMS 0x0000000090d00000| PB 0x0000000090d00000| Untracked 
| 270|0x0000000090e00000, 0x0000000090e00000, 0x0000000090f00000|  0%| F|  |TAMS 0x0000000090e00000| PB 0x0000000090e00000| Untracked 
| 271|0x0000000090f00000, 0x0000000090f00000, 0x0000000091000000|  0%| F|  |TAMS 0x0000000090f00000| PB 0x0000000090f00000| Untracked 
| 272|0x0000000091000000, 0x0000000091100000, 0x0000000091100000|100%| O|Cm|TAMS 0x0000000091000000| PB 0x0000000091000000| Complete 
| 273|0x0000000091100000, 0x0000000091100000, 0x0000000091200000|  0%| F|  |TAMS 0x0000000091100000| PB 0x0000000091100000| Untracked 
| 274|0x0000000091200000, 0x0000000091200000, 0x0000000091300000|  0%| F|  |TAMS 0x0000000091200000| PB 0x0000000091200000| Untracked 
| 275|0x0000000091300000, 0x0000000091300000, 0x0000000091400000|  0%| F|  |TAMS 0x0000000091300000| PB 0x0000000091300000| Untracked 
| 276|0x0000000091400000, 0x0000000091400000, 0x0000000091500000|  0%| F|  |TAMS 0x0000000091400000| PB 0x0000000091400000| Untracked 
| 277|0x0000000091500000, 0x0000000091500000, 0x0000000091600000|  0%| F|  |TAMS 0x0000000091500000| PB 0x0000000091500000| Untracked 
| 278|0x0000000091600000, 0x0000000091700000, 0x0000000091700000|100%| O|  |TAMS 0x0000000091600000| PB 0x0000000091600000| Untracked 
| 279|0x0000000091700000, 0x0000000091700000, 0x0000000091800000|  0%| F|  |TAMS 0x0000000091700000| PB 0x0000000091700000| Untracked 
| 280|0x0000000091800000, 0x0000000091800000, 0x0000000091900000|  0%| F|  |TAMS 0x0000000091800000| PB 0x0000000091800000| Untracked 
| 281|0x0000000091900000, 0x0000000091900000, 0x0000000091a00000|  0%| F|  |TAMS 0x0000000091900000| PB 0x0000000091900000| Untracked 
| 282|0x0000000091a00000, 0x0000000091a00000, 0x0000000091b00000|  0%| F|  |TAMS 0x0000000091a00000| PB 0x0000000091a00000| Untracked 
| 283|0x0000000091b00000, 0x0000000091b00000, 0x0000000091c00000|  0%| F|  |TAMS 0x0000000091b00000| PB 0x0000000091b00000| Untracked 
| 284|0x0000000091c00000, 0x0000000091d00000, 0x0000000091d00000|100%| O|  |TAMS 0x0000000091c00000| PB 0x0000000091c00000| Untracked 
| 285|0x0000000091d00000, 0x0000000091d00000, 0x0000000091e00000|  0%| F|  |TAMS 0x0000000091d00000| PB 0x0000000091d00000| Untracked 
| 286|0x0000000091e00000, 0x0000000091e00000, 0x0000000091f00000|  0%| F|  |TAMS 0x0000000091e00000| PB 0x0000000091e00000| Untracked 
| 287|0x0000000091f00000, 0x0000000091f00000, 0x0000000092000000|  0%| F|  |TAMS 0x0000000091f00000| PB 0x0000000091f00000| Untracked 
| 288|0x0000000092000000, 0x0000000092100000, 0x0000000092100000|100%| O|  |TAMS 0x0000000092000000| PB 0x0000000092000000| Untracked 
| 289|0x0000000092100000, 0x0000000092100000, 0x0000000092200000|  0%| F|  |TAMS 0x0000000092100000| PB 0x0000000092100000| Untracked 
| 290|0x0000000092200000, 0x0000000092200000, 0x0000000092300000|  0%| F|  |TAMS 0x0000000092200000| PB 0x0000000092200000| Untracked 
| 291|0x0000000092300000, 0x0000000092400000, 0x0000000092400000|100%| O|Cm|TAMS 0x0000000092300000| PB 0x0000000092300000| Complete 
| 292|0x0000000092400000, 0x0000000092400000, 0x0000000092500000|  0%| F|  |TAMS 0x0000000092400000| PB 0x0000000092400000| Untracked 
| 293|0x0000000092500000, 0x0000000092500000, 0x0000000092600000|  0%| F|  |TAMS 0x0000000092500000| PB 0x0000000092500000| Untracked 
| 294|0x0000000092600000, 0x0000000092600000, 0x0000000092700000|  0%| F|  |TAMS 0x0000000092600000| PB 0x0000000092600000| Untracked 
| 295|0x0000000092700000, 0x0000000092700000, 0x0000000092800000|  0%| F|  |TAMS 0x0000000092700000| PB 0x0000000092700000| Untracked 
| 296|0x0000000092800000, 0x0000000092800000, 0x0000000092900000|  0%| F|  |TAMS 0x0000000092800000| PB 0x0000000092800000| Untracked 
| 297|0x0000000092900000, 0x0000000092900000, 0x0000000092a00000|  0%| F|  |TAMS 0x0000000092900000| PB 0x0000000092900000| Untracked 
| 298|0x0000000092a00000, 0x0000000092a00000, 0x0000000092b00000|  0%| F|  |TAMS 0x0000000092a00000| PB 0x0000000092a00000| Untracked 
| 299|0x0000000092b00000, 0x0000000092c00000, 0x0000000092c00000|100%| O|Cm|TAMS 0x0000000092b00000| PB 0x0000000092b00000| Complete 
| 300|0x0000000092c00000, 0x0000000092d00000, 0x0000000092d00000|100%| O|  |TAMS 0x0000000092c00000| PB 0x0000000092c00000| Untracked 
| 301|0x0000000092d00000, 0x0000000092d00000, 0x0000000092e00000|  0%| F|  |TAMS 0x0000000092d00000| PB 0x0000000092d00000| Untracked 
| 302|0x0000000092e00000, 0x0000000092f00000, 0x0000000092f00000|100%| O|Cm|TAMS 0x0000000092e00000| PB 0x0000000092e00000| Complete 
| 303|0x0000000092f00000, 0x0000000092f00000, 0x0000000093000000|  0%| F|  |TAMS 0x0000000092f00000| PB 0x0000000092f00000| Untracked 
| 304|0x0000000093000000, 0x0000000093000000, 0x0000000093100000|  0%| F|  |TAMS 0x0000000093000000| PB 0x0000000093000000| Untracked 
| 305|0x0000000093100000, 0x0000000093100000, 0x0000000093200000|  0%| F|  |TAMS 0x0000000093100000| PB 0x0000000093100000| Untracked 
| 306|0x0000000093200000, 0x0000000093200000, 0x0000000093300000|  0%| F|  |TAMS 0x0000000093200000| PB 0x0000000093200000| Untracked 
| 307|0x0000000093300000, 0x0000000093400000, 0x0000000093400000|100%| O|Cm|TAMS 0x0000000093300000| PB 0x0000000093300000| Complete 
| 308|0x0000000093400000, 0x0000000093500000, 0x0000000093500000|100%| O|Cm|TAMS 0x0000000093400000| PB 0x0000000093400000| Complete 
| 309|0x0000000093500000, 0x0000000093600000, 0x0000000093600000|100%| O|Cm|TAMS 0x0000000093500000| PB 0x0000000093500000| Complete 
| 310|0x0000000093600000, 0x0000000093600000, 0x0000000093700000|  0%| F|  |TAMS 0x0000000093600000| PB 0x0000000093600000| Untracked 
| 311|0x0000000093700000, 0x0000000093700000, 0x0000000093800000|  0%| F|  |TAMS 0x0000000093700000| PB 0x0000000093700000| Untracked 
| 312|0x0000000093800000, 0x0000000093800000, 0x0000000093900000|  0%| F|  |TAMS 0x0000000093800000| PB 0x0000000093800000| Untracked 
| 313|0x0000000093900000, 0x0000000093900000, 0x0000000093a00000|  0%| F|  |TAMS 0x0000000093900000| PB 0x0000000093900000| Untracked 
| 314|0x0000000093a00000, 0x0000000093b00000, 0x0000000093b00000|100%| O|Cm|TAMS 0x0000000093a00000| PB 0x0000000093a00000| Complete 
| 315|0x0000000093b00000, 0x0000000093c00000, 0x0000000093c00000|100%| O|  |TAMS 0x0000000093b00000| PB 0x0000000093b00000| Untracked 
| 316|0x0000000093c00000, 0x0000000093c00000, 0x0000000093d00000|  0%| F|  |TAMS 0x0000000093c00000| PB 0x0000000093c00000| Untracked 
| 317|0x0000000093d00000, 0x0000000093d00000, 0x0000000093e00000|  0%| F|  |TAMS 0x0000000093d00000| PB 0x0000000093d00000| Untracked 
| 318|0x0000000093e00000, 0x0000000093e00000, 0x0000000093f00000|  0%| F|  |TAMS 0x0000000093e00000| PB 0x0000000093e00000| Untracked 
| 319|0x0000000093f00000, 0x0000000093f00000, 0x0000000094000000|  0%| F|  |TAMS 0x0000000093f00000| PB 0x0000000093f00000| Untracked 
| 320|0x0000000094000000, 0x0000000094000000, 0x0000000094100000|  0%| F|  |TAMS 0x0000000094000000| PB 0x0000000094000000| Untracked 
| 321|0x0000000094100000, 0x0000000094100000, 0x0000000094200000|  0%| F|  |TAMS 0x0000000094100000| PB 0x0000000094100000| Untracked 
| 322|0x0000000094200000, 0x0000000094300000, 0x0000000094300000|100%| O|Cm|TAMS 0x0000000094200000| PB 0x0000000094200000| Complete 
| 323|0x0000000094300000, 0x0000000094300000, 0x0000000094400000|  0%| F|  |TAMS 0x0000000094300000| PB 0x0000000094300000| Untracked 
| 324|0x0000000094400000, 0x0000000094400000, 0x0000000094500000|  0%| F|  |TAMS 0x0000000094400000| PB 0x0000000094400000| Untracked 
| 325|0x0000000094500000, 0x0000000094500000, 0x0000000094600000|  0%| F|  |TAMS 0x0000000094500000| PB 0x0000000094500000| Untracked 
| 326|0x0000000094600000, 0x0000000094600000, 0x0000000094700000|  0%| F|  |TAMS 0x0000000094600000| PB 0x0000000094600000| Untracked 
| 327|0x0000000094700000, 0x0000000094700000, 0x0000000094800000|  0%| F|  |TAMS 0x0000000094700000| PB 0x0000000094700000| Untracked 
| 328|0x0000000094800000, 0x0000000094900000, 0x0000000094900000|100%| O|Cm|TAMS 0x0000000094800000| PB 0x0000000094800000| Complete 
| 329|0x0000000094900000, 0x0000000094900000, 0x0000000094a00000|  0%| F|  |TAMS 0x0000000094900000| PB 0x0000000094900000| Untracked 
| 330|0x0000000094a00000, 0x0000000094a00000, 0x0000000094b00000|  0%| F|  |TAMS 0x0000000094a00000| PB 0x0000000094a00000| Untracked 
| 331|0x0000000094b00000, 0x0000000094b00000, 0x0000000094c00000|  0%| F|  |TAMS 0x0000000094b00000| PB 0x0000000094b00000| Untracked 
| 332|0x0000000094c00000, 0x0000000094c00000, 0x0000000094d00000|  0%| F|  |TAMS 0x0000000094c00000| PB 0x0000000094c00000| Untracked 
| 333|0x0000000094d00000, 0x0000000094d00000, 0x0000000094e00000|  0%| F|  |TAMS 0x0000000094d00000| PB 0x0000000094d00000| Untracked 
| 334|0x0000000094e00000, 0x0000000094f00000, 0x0000000094f00000|100%| O|  |TAMS 0x0000000094e00000| PB 0x0000000094e00000| Untracked 
| 335|0x0000000094f00000, 0x0000000094f00000, 0x0000000095000000|  0%| F|  |TAMS 0x0000000094f00000| PB 0x0000000094f00000| Untracked 
| 336|0x0000000095000000, 0x0000000095000000, 0x0000000095100000|  0%| F|  |TAMS 0x0000000095000000| PB 0x0000000095000000| Untracked 
| 337|0x0000000095100000, 0x0000000095100000, 0x0000000095200000|  0%| F|  |TAMS 0x0000000095100000| PB 0x0000000095100000| Untracked 
| 338|0x0000000095200000, 0x0000000095200000, 0x0000000095300000|  0%| F|  |TAMS 0x0000000095200000| PB 0x0000000095200000| Untracked 
| 339|0x0000000095300000, 0x0000000095400000, 0x0000000095400000|100%| O|Cm|TAMS 0x0000000095300000| PB 0x0000000095300000| Complete 
| 340|0x0000000095400000, 0x0000000095500000, 0x0000000095500000|100%| O|Cm|TAMS 0x0000000095400000| PB 0x0000000095400000| Complete 
| 341|0x0000000095500000, 0x0000000095600000, 0x0000000095600000|100%| O|Cm|TAMS 0x0000000095500000| PB 0x0000000095500000| Complete 
| 342|0x0000000095600000, 0x0000000095600000, 0x0000000095700000|  0%| F|  |TAMS 0x0000000095600000| PB 0x0000000095600000| Untracked 
| 343|0x0000000095700000, 0x0000000095800000, 0x0000000095800000|100%| O|Cm|TAMS 0x0000000095700000| PB 0x0000000095700000| Complete 
| 344|0x0000000095800000, 0x0000000095800000, 0x0000000095900000|  0%| F|  |TAMS 0x0000000095800000| PB 0x0000000095800000| Untracked 
| 345|0x0000000095900000, 0x0000000095900000, 0x0000000095a00000|  0%| F|  |TAMS 0x0000000095900000| PB 0x0000000095900000| Untracked 
| 346|0x0000000095a00000, 0x0000000095a00000, 0x0000000095b00000|  0%| F|  |TAMS 0x0000000095a00000| PB 0x0000000095a00000| Untracked 
| 347|0x0000000095b00000, 0x0000000095b00000, 0x0000000095c00000|  0%| F|  |TAMS 0x0000000095b00000| PB 0x0000000095b00000| Untracked 
| 348|0x0000000095c00000, 0x0000000095c00000, 0x0000000095d00000|  0%| F|  |TAMS 0x0000000095c00000| PB 0x0000000095c00000| Untracked 
| 349|0x0000000095d00000, 0x0000000095e00000, 0x0000000095e00000|100%| O|Cm|TAMS 0x0000000095d00000| PB 0x0000000095d00000| Complete 
| 350|0x0000000095e00000, 0x0000000095e00000, 0x0000000095f00000|  0%| F|  |TAMS 0x0000000095e00000| PB 0x0000000095e00000| Untracked 
| 351|0x0000000095f00000, 0x0000000095f00000, 0x0000000096000000|  0%| F|  |TAMS 0x0000000095f00000| PB 0x0000000095f00000| Untracked 
| 352|0x0000000096000000, 0x0000000096000000, 0x0000000096100000|  0%| F|  |TAMS 0x0000000096000000| PB 0x0000000096000000| Untracked 
| 353|0x0000000096100000, 0x0000000096100000, 0x0000000096200000|  0%| F|  |TAMS 0x0000000096100000| PB 0x0000000096100000| Untracked 
| 354|0x0000000096200000, 0x0000000096200000, 0x0000000096300000|  0%| F|  |TAMS 0x0000000096200000| PB 0x0000000096200000| Untracked 
| 355|0x0000000096300000, 0x0000000096400000, 0x0000000096400000|100%| O|Cm|TAMS 0x0000000096300000| PB 0x0000000096300000| Complete 
| 356|0x0000000096400000, 0x0000000096400000, 0x0000000096500000|  0%| F|  |TAMS 0x0000000096400000| PB 0x0000000096400000| Untracked 
| 357|0x0000000096500000, 0x0000000096500000, 0x0000000096600000|  0%| F|  |TAMS 0x0000000096500000| PB 0x0000000096500000| Untracked 
| 358|0x0000000096600000, 0x0000000096600000, 0x0000000096700000|  0%| F|  |TAMS 0x0000000096600000| PB 0x0000000096600000| Untracked 
| 359|0x0000000096700000, 0x0000000096700000, 0x0000000096800000|  0%| F|  |TAMS 0x0000000096700000| PB 0x0000000096700000| Untracked 
| 360|0x0000000096800000, 0x0000000096800000, 0x0000000096900000|  0%| F|  |TAMS 0x0000000096800000| PB 0x0000000096800000| Untracked 
| 361|0x0000000096900000, 0x0000000096900000, 0x0000000096a00000|  0%| F|  |TAMS 0x0000000096900000| PB 0x0000000096900000| Untracked 
| 362|0x0000000096a00000, 0x0000000096a00000, 0x0000000096b00000|  0%| F|  |TAMS 0x0000000096a00000| PB 0x0000000096a00000| Untracked 
| 363|0x0000000096b00000, 0x0000000096b00000, 0x0000000096c00000|  0%| F|  |TAMS 0x0000000096b00000| PB 0x0000000096b00000| Untracked 
| 364|0x0000000096c00000, 0x0000000096c00000, 0x0000000096d00000|  0%| F|  |TAMS 0x0000000096c00000| PB 0x0000000096c00000| Untracked 
| 365|0x0000000096d00000, 0x0000000096d00000, 0x0000000096e00000|  0%| F|  |TAMS 0x0000000096d00000| PB 0x0000000096d00000| Untracked 
| 366|0x0000000096e00000, 0x0000000096e00000, 0x0000000096f00000|  0%| F|  |TAMS 0x0000000096e00000| PB 0x0000000096e00000| Untracked 
| 367|0x0000000096f00000, 0x0000000096f00000, 0x0000000097000000|  0%| F|  |TAMS 0x0000000096f00000| PB 0x0000000096f00000| Untracked 
| 368|0x0000000097000000, 0x0000000097100000, 0x0000000097100000|100%| O|Cm|TAMS 0x0000000097000000| PB 0x0000000097000000| Complete 
| 369|0x0000000097100000, 0x0000000097100000, 0x0000000097200000|  0%| F|  |TAMS 0x0000000097100000| PB 0x0000000097100000| Untracked 
| 370|0x0000000097200000, 0x0000000097200000, 0x0000000097300000|  0%| F|  |TAMS 0x0000000097200000| PB 0x0000000097200000| Untracked 
| 371|0x0000000097300000, 0x0000000097300000, 0x0000000097400000|  0%| F|  |TAMS 0x0000000097300000| PB 0x0000000097300000| Untracked 
| 372|0x0000000097400000, 0x0000000097400000, 0x0000000097500000|  0%| F|  |TAMS 0x0000000097400000| PB 0x0000000097400000| Untracked 
| 373|0x0000000097500000, 0x0000000097500000, 0x0000000097600000|  0%| F|  |TAMS 0x0000000097500000| PB 0x0000000097500000| Untracked 
| 374|0x0000000097600000, 0x0000000097600000, 0x0000000097700000|  0%| F|  |TAMS 0x0000000097600000| PB 0x0000000097600000| Untracked 
| 375|0x0000000097700000, 0x0000000097800000, 0x0000000097800000|100%| O|Cm|TAMS 0x0000000097700000| PB 0x0000000097700000| Complete 
| 376|0x0000000097800000, 0x0000000097900000, 0x0000000097900000|100%| O|Cm|TAMS 0x0000000097800000| PB 0x0000000097800000| Complete 
| 377|0x0000000097900000, 0x0000000097900000, 0x0000000097a00000|  0%| F|  |TAMS 0x0000000097900000| PB 0x0000000097900000| Untracked 
| 378|0x0000000097a00000, 0x0000000097a00000, 0x0000000097b00000|  0%| F|  |TAMS 0x0000000097a00000| PB 0x0000000097a00000| Untracked 
| 379|0x0000000097b00000, 0x0000000097b00000, 0x0000000097c00000|  0%| F|  |TAMS 0x0000000097b00000| PB 0x0000000097b00000| Untracked 
| 380|0x0000000097c00000, 0x0000000097d00000, 0x0000000097d00000|100%| O|Cm|TAMS 0x0000000097c00000| PB 0x0000000097c00000| Complete 
| 381|0x0000000097d00000, 0x0000000097d00000, 0x0000000097e00000|  0%| F|  |TAMS 0x0000000097d00000| PB 0x0000000097d00000| Untracked 
| 382|0x0000000097e00000, 0x0000000097f00000, 0x0000000097f00000|100%| O|Cm|TAMS 0x0000000097e00000| PB 0x0000000097e00000| Complete 
| 383|0x0000000097f00000, 0x0000000097f00000, 0x0000000098000000|  0%| F|  |TAMS 0x0000000097f00000| PB 0x0000000097f00000| Untracked 
| 384|0x0000000098000000, 0x0000000098100000, 0x0000000098100000|100%| O|Cm|TAMS 0x0000000098000000| PB 0x0000000098000000| Complete 
| 385|0x0000000098100000, 0x0000000098100000, 0x0000000098200000|  0%| F|  |TAMS 0x0000000098100000| PB 0x0000000098100000| Untracked 
| 386|0x0000000098200000, 0x0000000098200000, 0x0000000098300000|  0%| F|  |TAMS 0x0000000098200000| PB 0x0000000098200000| Untracked 
| 387|0x0000000098300000, 0x0000000098300000, 0x0000000098400000|  0%| F|  |TAMS 0x0000000098300000| PB 0x0000000098300000| Untracked 
| 388|0x0000000098400000, 0x0000000098500000, 0x0000000098500000|100%| O|Cm|TAMS 0x0000000098400000| PB 0x0000000098400000| Complete 
| 389|0x0000000098500000, 0x0000000098500000, 0x0000000098600000|  0%| F|  |TAMS 0x0000000098500000| PB 0x0000000098500000| Untracked 
| 390|0x0000000098600000, 0x0000000098700000, 0x0000000098700000|100%| O|Cm|TAMS 0x0000000098600000| PB 0x0000000098600000| Complete 
| 391|0x0000000098700000, 0x0000000098700000, 0x0000000098800000|  0%| F|  |TAMS 0x0000000098700000| PB 0x0000000098700000| Untracked 
| 392|0x0000000098800000, 0x0000000098800000, 0x0000000098900000|  0%| F|  |TAMS 0x0000000098800000| PB 0x0000000098800000| Untracked 
| 393|0x0000000098900000, 0x0000000098900000, 0x0000000098a00000|  0%| F|  |TAMS 0x0000000098900000| PB 0x0000000098900000| Untracked 
| 394|0x0000000098a00000, 0x0000000098a00000, 0x0000000098b00000|  0%| F|  |TAMS 0x0000000098a00000| PB 0x0000000098a00000| Untracked 
| 395|0x0000000098b00000, 0x0000000098b00000, 0x0000000098c00000|  0%| F|  |TAMS 0x0000000098b00000| PB 0x0000000098b00000| Untracked 
| 396|0x0000000098c00000, 0x0000000098d00000, 0x0000000098d00000|100%| O|Cm|TAMS 0x0000000098c00000| PB 0x0000000098c00000| Complete 
| 397|0x0000000098d00000, 0x0000000098e00000, 0x0000000098e00000|100%| O|  |TAMS 0x0000000098d00000| PB 0x0000000098d00000| Untracked 
| 398|0x0000000098e00000, 0x0000000098e00000, 0x0000000098f00000|  0%| F|  |TAMS 0x0000000098e00000| PB 0x0000000098e00000| Untracked 
| 399|0x0000000098f00000, 0x0000000099000000, 0x0000000099000000|100%| O|Cm|TAMS 0x0000000098f00000| PB 0x0000000098f00000| Complete 
| 400|0x0000000099000000, 0x0000000099000000, 0x0000000099100000|  0%| F|  |TAMS 0x0000000099000000| PB 0x0000000099000000| Untracked 
| 401|0x0000000099100000, 0x0000000099200000, 0x0000000099200000|100%| O|Cm|TAMS 0x0000000099100000| PB 0x0000000099100000| Complete 
| 402|0x0000000099200000, 0x0000000099300000, 0x0000000099300000|100%| O|  |TAMS 0x0000000099200000| PB 0x0000000099200000| Untracked 
| 403|0x0000000099300000, 0x0000000099400000, 0x0000000099400000|100%| O|  |TAMS 0x0000000099300000| PB 0x0000000099300000| Untracked 
| 404|0x0000000099400000, 0x0000000099500000, 0x0000000099500000|100%| O|  |TAMS 0x0000000099400000| PB 0x0000000099400000| Untracked 
| 405|0x0000000099500000, 0x0000000099500000, 0x0000000099600000|  0%| F|  |TAMS 0x0000000099500000| PB 0x0000000099500000| Untracked 
| 406|0x0000000099600000, 0x0000000099600000, 0x0000000099700000|  0%| F|  |TAMS 0x0000000099600000| PB 0x0000000099600000| Untracked 
| 407|0x0000000099700000, 0x0000000099700000, 0x0000000099800000|  0%| F|  |TAMS 0x0000000099700000| PB 0x0000000099700000| Untracked 
| 408|0x0000000099800000, 0x0000000099900000, 0x0000000099900000|100%| O|Cm|TAMS 0x0000000099800000| PB 0x0000000099800000| Complete 
| 409|0x0000000099900000, 0x0000000099a00000, 0x0000000099a00000|100%| O|  |TAMS 0x0000000099900000| PB 0x0000000099900000| Untracked 
| 410|0x0000000099a00000, 0x0000000099a00000, 0x0000000099b00000|  0%| F|  |TAMS 0x0000000099a00000| PB 0x0000000099a00000| Untracked 
| 411|0x0000000099b00000, 0x0000000099c00000, 0x0000000099c00000|100%| O|Cm|TAMS 0x0000000099b00000| PB 0x0000000099b00000| Complete 
| 412|0x0000000099c00000, 0x0000000099d00000, 0x0000000099d00000|100%| O|Cm|TAMS 0x0000000099c00000| PB 0x0000000099c00000| Complete 
| 413|0x0000000099d00000, 0x0000000099e00000, 0x0000000099e00000|100%| O|Cm|TAMS 0x0000000099d00000| PB 0x0000000099d00000| Complete 
| 414|0x0000000099e00000, 0x0000000099f00000, 0x0000000099f00000|100%| O|  |TAMS 0x0000000099e00000| PB 0x0000000099e00000| Untracked 
| 415|0x0000000099f00000, 0x0000000099f00000, 0x000000009a000000|  0%| F|  |TAMS 0x0000000099f00000| PB 0x0000000099f00000| Untracked 
| 416|0x000000009a000000, 0x000000009a100000, 0x000000009a100000|100%| O|  |TAMS 0x000000009a000000| PB 0x000000009a000000| Untracked 
| 417|0x000000009a100000, 0x000000009a200000, 0x000000009a200000|100%| O|  |TAMS 0x000000009a100000| PB 0x000000009a100000| Untracked 
| 418|0x000000009a200000, 0x000000009a300000, 0x000000009a300000|100%| O|  |TAMS 0x000000009a200000| PB 0x000000009a200000| Untracked 
| 419|0x000000009a300000, 0x000000009a400000, 0x000000009a400000|100%| O|Cm|TAMS 0x000000009a300000| PB 0x000000009a300000| Complete 
| 420|0x000000009a400000, 0x000000009a500000, 0x000000009a500000|100%| O|  |TAMS 0x000000009a400000| PB 0x000000009a400000| Untracked 
| 421|0x000000009a500000, 0x000000009a500000, 0x000000009a600000|  0%| F|  |TAMS 0x000000009a500000| PB 0x000000009a500000| Untracked 
| 422|0x000000009a600000, 0x000000009a700000, 0x000000009a700000|100%| O|Cm|TAMS 0x000000009a600000| PB 0x000000009a600000| Complete 
| 423|0x000000009a700000, 0x000000009a800000, 0x000000009a800000|100%| O|  |TAMS 0x000000009a700000| PB 0x000000009a700000| Untracked 
| 424|0x000000009a800000, 0x000000009a900000, 0x000000009a900000|100%|HS|  |TAMS 0x000000009a800000| PB 0x000000009a800000| Complete 
| 425|0x000000009a900000, 0x000000009a900000, 0x000000009aa00000|  0%| F|  |TAMS 0x000000009a900000| PB 0x000000009a900000| Untracked 
| 426|0x000000009aa00000, 0x000000009ab00000, 0x000000009ab00000|100%| O|  |TAMS 0x000000009aa00000| PB 0x000000009aa00000| Untracked 
| 427|0x000000009ab00000, 0x000000009ac00000, 0x000000009ac00000|100%| O|  |TAMS 0x000000009ab00000| PB 0x000000009ab00000| Untracked 
| 428|0x000000009ac00000, 0x000000009ac00000, 0x000000009ad00000|  0%| F|  |TAMS 0x000000009ac00000| PB 0x000000009ac00000| Untracked 
| 429|0x000000009ad00000, 0x000000009ad00000, 0x000000009ae00000|  0%| F|  |TAMS 0x000000009ad00000| PB 0x000000009ad00000| Untracked 
| 430|0x000000009ae00000, 0x000000009ae00000, 0x000000009af00000|  0%| F|  |TAMS 0x000000009ae00000| PB 0x000000009ae00000| Untracked 
| 431|0x000000009af00000, 0x000000009b000000, 0x000000009b000000|100%|HS|  |TAMS 0x000000009af00000| PB 0x000000009af00000| Complete 
| 432|0x000000009b000000, 0x000000009b000000, 0x000000009b100000|  0%| F|  |TAMS 0x000000009b000000| PB 0x000000009b000000| Untracked 
| 433|0x000000009b100000, 0x000000009b200000, 0x000000009b200000|100%| O|  |TAMS 0x000000009b100000| PB 0x000000009b100000| Untracked 
| 434|0x000000009b200000, 0x000000009b300000, 0x000000009b300000|100%| O|Cm|TAMS 0x000000009b200000| PB 0x000000009b200000| Complete 
| 435|0x000000009b300000, 0x000000009b300000, 0x000000009b400000|  0%| F|  |TAMS 0x000000009b300000| PB 0x000000009b300000| Untracked 
| 436|0x000000009b400000, 0x000000009b400000, 0x000000009b500000|  0%| F|  |TAMS 0x000000009b400000| PB 0x000000009b400000| Untracked 
| 437|0x000000009b500000, 0x000000009b500000, 0x000000009b600000|  0%| F|  |TAMS 0x000000009b500000| PB 0x000000009b500000| Untracked 
| 438|0x000000009b600000, 0x000000009b700000, 0x000000009b700000|100%|HS|  |TAMS 0x000000009b600000| PB 0x000000009b600000| Complete 
| 439|0x000000009b700000, 0x000000009b700000, 0x000000009b800000|  0%| F|  |TAMS 0x000000009b700000| PB 0x000000009b700000| Untracked 
| 440|0x000000009b800000, 0x000000009b900000, 0x000000009b900000|100%| O|Cm|TAMS 0x000000009b800000| PB 0x000000009b800000| Complete 
| 441|0x000000009b900000, 0x000000009b900000, 0x000000009ba00000|  0%| F|  |TAMS 0x000000009b900000| PB 0x000000009b900000| Untracked 
| 442|0x000000009ba00000, 0x000000009bb00000, 0x000000009bb00000|100%|HS|  |TAMS 0x000000009ba00000| PB 0x000000009ba00000| Complete 
| 443|0x000000009bb00000, 0x000000009bc00000, 0x000000009bc00000|100%| O|Cm|TAMS 0x000000009bb00000| PB 0x000000009bb00000| Complete 
| 444|0x000000009bc00000, 0x000000009bc00000, 0x000000009bd00000|  0%| F|  |TAMS 0x000000009bc00000| PB 0x000000009bc00000| Untracked 
| 445|0x000000009bd00000, 0x000000009bd00000, 0x000000009be00000|  0%| F|  |TAMS 0x000000009bd00000| PB 0x000000009bd00000| Untracked 
| 446|0x000000009be00000, 0x000000009be00000, 0x000000009bf00000|  0%| F|  |TAMS 0x000000009be00000| PB 0x000000009be00000| Untracked 
| 447|0x000000009bf00000, 0x000000009bf00000, 0x000000009c000000|  0%| F|  |TAMS 0x000000009bf00000| PB 0x000000009bf00000| Untracked 
| 448|0x000000009c000000, 0x000000009c000000, 0x000000009c100000|  0%| F|  |TAMS 0x000000009c000000| PB 0x000000009c000000| Untracked 
| 449|0x000000009c100000, 0x000000009c100000, 0x000000009c200000|  0%| F|  |TAMS 0x000000009c100000| PB 0x000000009c100000| Untracked 
| 450|0x000000009c200000, 0x000000009c300000, 0x000000009c300000|100%| O|  |TAMS 0x000000009c200000| PB 0x000000009c200000| Untracked 
| 451|0x000000009c300000, 0x000000009c400000, 0x000000009c400000|100%| O|  |TAMS 0x000000009c300000| PB 0x000000009c300000| Untracked 
| 452|0x000000009c400000, 0x000000009c500000, 0x000000009c500000|100%| O|  |TAMS 0x000000009c400000| PB 0x000000009c400000| Untracked 
| 453|0x000000009c500000, 0x000000009c600000, 0x000000009c600000|100%| O|  |TAMS 0x000000009c500000| PB 0x000000009c500000| Untracked 
| 454|0x000000009c600000, 0x000000009c700000, 0x000000009c700000|100%| O|  |TAMS 0x000000009c600000| PB 0x000000009c600000| Untracked 
| 455|0x000000009c700000, 0x000000009c800000, 0x000000009c800000|100%| O|Cm|TAMS 0x000000009c700000| PB 0x000000009c700000| Complete 
| 456|0x000000009c800000, 0x000000009c900000, 0x000000009c900000|100%| O|  |TAMS 0x000000009c800000| PB 0x000000009c800000| Untracked 
| 457|0x000000009c900000, 0x000000009c900000, 0x000000009ca00000|  0%| F|  |TAMS 0x000000009c900000| PB 0x000000009c900000| Untracked 
| 458|0x000000009ca00000, 0x000000009cb00000, 0x000000009cb00000|100%| O|  |TAMS 0x000000009ca00000| PB 0x000000009ca00000| Untracked 
| 459|0x000000009cb00000, 0x000000009cb00000, 0x000000009cc00000|  0%| F|  |TAMS 0x000000009cb00000| PB 0x000000009cb00000| Untracked 
| 460|0x000000009cc00000, 0x000000009cd00000, 0x000000009cd00000|100%| O|  |TAMS 0x000000009cc00000| PB 0x000000009cc00000| Untracked 
| 461|0x000000009cd00000, 0x000000009cd00000, 0x000000009ce00000|  0%| F|  |TAMS 0x000000009cd00000| PB 0x000000009cd00000| Untracked 
| 462|0x000000009ce00000, 0x000000009ce00000, 0x000000009cf00000|  0%| F|  |TAMS 0x000000009ce00000| PB 0x000000009ce00000| Untracked 
| 463|0x000000009cf00000, 0x000000009cf00000, 0x000000009d000000|  0%| F|  |TAMS 0x000000009cf00000| PB 0x000000009cf00000| Untracked 
| 464|0x000000009d000000, 0x000000009d000000, 0x000000009d100000|  0%| F|  |TAMS 0x000000009d000000| PB 0x000000009d000000| Untracked 
| 465|0x000000009d100000, 0x000000009d171d08, 0x000000009d200000| 44%| E|  |TAMS 0x000000009d100000| PB 0x000000009d100000| Complete 
| 466|0x000000009d200000, 0x000000009d300000, 0x000000009d300000|100%| E|CS|TAMS 0x000000009d200000| PB 0x000000009d200000| Complete 
| 467|0x000000009d300000, 0x000000009d400000, 0x000000009d400000|100%| E|CS|TAMS 0x000000009d300000| PB 0x000000009d300000| Complete 
| 468|0x000000009d400000, 0x000000009d500000, 0x000000009d500000|100%| E|CS|TAMS 0x000000009d400000| PB 0x000000009d400000| Complete 
| 469|0x000000009d500000, 0x000000009d600000, 0x000000009d600000|100%| O|Cm|TAMS 0x000000009d500000| PB 0x000000009d500000| Complete 
| 470|0x000000009d600000, 0x000000009d700000, 0x000000009d700000|100%| O|Cm|TAMS 0x000000009d600000| PB 0x000000009d600000| Complete 
| 471|0x000000009d700000, 0x000000009d800000, 0x000000009d800000|100%| O|Cm|TAMS 0x000000009d700000| PB 0x000000009d700000| Complete 
| 472|0x000000009d800000, 0x000000009d900000, 0x000000009d900000|100%| O|Cm|TAMS 0x000000009d800000| PB 0x000000009d800000| Complete 
| 473|0x000000009d900000, 0x000000009da00000, 0x000000009da00000|100%| O|Cm|TAMS 0x000000009d900000| PB 0x000000009d900000| Complete 
| 474|0x000000009da00000, 0x000000009db00000, 0x000000009db00000|100%| O|Cm|TAMS 0x000000009da00000| PB 0x000000009da00000| Complete 
| 475|0x000000009db00000, 0x000000009dc00000, 0x000000009dc00000|100%| O|Cm|TAMS 0x000000009db00000| PB 0x000000009db00000| Complete 
| 476|0x000000009dc00000, 0x000000009dd00000, 0x000000009dd00000|100%| O|Cm|TAMS 0x000000009dc00000| PB 0x000000009dc00000| Complete 
| 477|0x000000009dd00000, 0x000000009de00000, 0x000000009de00000|100%| O|Cm|TAMS 0x000000009dd00000| PB 0x000000009dd00000| Complete 
| 478|0x000000009de00000, 0x000000009df00000, 0x000000009df00000|100%| E|CS|TAMS 0x000000009de00000| PB 0x000000009de00000| Complete 
| 479|0x000000009df00000, 0x000000009e000000, 0x000000009e000000|100%| O|Cm|TAMS 0x000000009df00000| PB 0x000000009df00000| Complete 
| 480|0x000000009e000000, 0x000000009e100000, 0x000000009e100000|100%| O|Cm|TAMS 0x000000009e000000| PB 0x000000009e000000| Complete 
| 481|0x000000009e100000, 0x000000009e200000, 0x000000009e200000|100%| E|CS|TAMS 0x000000009e100000| PB 0x000000009e100000| Complete 
| 482|0x000000009e200000, 0x000000009e300000, 0x000000009e300000|100%| E|CS|TAMS 0x000000009e200000| PB 0x000000009e200000| Complete 
| 483|0x000000009e300000, 0x000000009e400000, 0x000000009e400000|100%| E|CS|TAMS 0x000000009e300000| PB 0x000000009e300000| Complete 
| 484|0x000000009e400000, 0x000000009e500000, 0x000000009e500000|100%| O|Cm|TAMS 0x000000009e400000| PB 0x000000009e400000| Complete 
| 485|0x000000009e500000, 0x000000009e600000, 0x000000009e600000|100%| E|CS|TAMS 0x000000009e500000| PB 0x000000009e500000| Complete 
| 486|0x000000009e600000, 0x000000009e700000, 0x000000009e700000|100%| O|Cm|TAMS 0x000000009e600000| PB 0x000000009e600000| Complete 
| 487|0x000000009e700000, 0x000000009e800000, 0x000000009e800000|100%| O|  |TAMS 0x000000009e700000| PB 0x000000009e700000| Untracked 
| 488|0x000000009e800000, 0x000000009e900000, 0x000000009e900000|100%| O|Cm|TAMS 0x000000009e800000| PB 0x000000009e800000| Complete 
| 489|0x000000009e900000, 0x000000009ea00000, 0x000000009ea00000|100%| E|CS|TAMS 0x000000009e900000| PB 0x000000009e900000| Complete 
| 490|0x000000009ea00000, 0x000000009eb00000, 0x000000009eb00000|100%| E|CS|TAMS 0x000000009ea00000| PB 0x000000009ea00000| Complete 
| 491|0x000000009eb00000, 0x000000009ec00000, 0x000000009ec00000|100%|HS|  |TAMS 0x000000009eb00000| PB 0x000000009eb00000| Complete 
| 492|0x000000009ec00000, 0x000000009ed00000, 0x000000009ed00000|100%| E|CS|TAMS 0x000000009ec00000| PB 0x000000009ec00000| Complete 
| 493|0x000000009ed00000, 0x000000009ee00000, 0x000000009ee00000|100%| O|  |TAMS 0x000000009ed00000| PB 0x000000009ed00000| Untracked 
| 494|0x000000009ee00000, 0x000000009ef00000, 0x000000009ef00000|100%| E|CS|TAMS 0x000000009ee00000| PB 0x000000009ee00000| Complete 
| 495|0x000000009ef00000, 0x000000009f000000, 0x000000009f000000|100%| O|Cm|TAMS 0x000000009ef00000| PB 0x000000009ef00000| Complete 
| 496|0x000000009f000000, 0x000000009f100000, 0x000000009f100000|100%| E|CS|TAMS 0x000000009f000000| PB 0x000000009f000000| Complete 
| 497|0x000000009f100000, 0x000000009f200000, 0x000000009f200000|100%| O|Cm|TAMS 0x000000009f100000| PB 0x000000009f100000| Complete 
| 498|0x000000009f200000, 0x000000009f300000, 0x000000009f300000|100%| E|CS|TAMS 0x000000009f200000| PB 0x000000009f200000| Complete 
| 499|0x000000009f300000, 0x000000009f400000, 0x000000009f400000|100%| E|CS|TAMS 0x000000009f300000| PB 0x000000009f300000| Complete 
| 500|0x000000009f400000, 0x000000009f500000, 0x000000009f500000|100%| E|CS|TAMS 0x000000009f400000| PB 0x000000009f400000| Complete 
| 501|0x000000009f500000, 0x000000009f600000, 0x000000009f600000|100%| E|CS|TAMS 0x000000009f500000| PB 0x000000009f500000| Complete 
| 502|0x000000009f600000, 0x000000009f700000, 0x000000009f700000|100%| E|CS|TAMS 0x000000009f600000| PB 0x000000009f600000| Complete 
| 503|0x000000009f700000, 0x000000009f800000, 0x000000009f800000|100%| E|CS|TAMS 0x000000009f700000| PB 0x000000009f700000| Complete 
| 504|0x000000009f800000, 0x000000009f900000, 0x000000009f900000|100%| E|CS|TAMS 0x000000009f800000| PB 0x000000009f800000| Complete 
| 505|0x000000009f900000, 0x000000009fa00000, 0x000000009fa00000|100%| E|CS|TAMS 0x000000009f900000| PB 0x000000009f900000| Complete 
| 506|0x000000009fa00000, 0x000000009fb00000, 0x000000009fb00000|100%| E|CS|TAMS 0x000000009fa00000| PB 0x000000009fa00000| Complete 
| 507|0x000000009fb00000, 0x000000009fc00000, 0x000000009fc00000|100%| E|CS|TAMS 0x000000009fb00000| PB 0x000000009fb00000| Complete 
| 508|0x000000009fc00000, 0x000000009fd00000, 0x000000009fd00000|100%| O|  |TAMS 0x000000009fc00000| PB 0x000000009fc00000| Untracked 
| 509|0x000000009fd00000, 0x000000009fe00000, 0x000000009fe00000|100%| O|  |TAMS 0x000000009fd00000| PB 0x000000009fd00000| Untracked 
| 510|0x000000009fe00000, 0x000000009ff00000, 0x000000009ff00000|100%| O|  |TAMS 0x000000009fe00000| PB 0x000000009fe00000| Untracked 
| 511|0x000000009ff00000, 0x00000000a0000000, 0x00000000a0000000|100%| O|Cm|TAMS 0x000000009ff00000| PB 0x000000009ff00000| Complete 
| 512|0x00000000a0000000, 0x00000000a0100000, 0x00000000a0100000|100%| O|  |TAMS 0x00000000a0000000| PB 0x00000000a0000000| Untracked 
| 513|0x00000000a0100000, 0x00000000a0200000, 0x00000000a0200000|100%| O|  |TAMS 0x00000000a0100000| PB 0x00000000a0100000| Untracked 
| 514|0x00000000a0200000, 0x00000000a0300000, 0x00000000a0300000|100%| O|  |TAMS 0x00000000a0200000| PB 0x00000000a0200000| Untracked 
| 515|0x00000000a0300000, 0x00000000a0400000, 0x00000000a0400000|100%| O|Cm|TAMS 0x00000000a0300000| PB 0x00000000a0300000| Complete 
| 516|0x00000000a0400000, 0x00000000a0500000, 0x00000000a0500000|100%| O|  |TAMS 0x00000000a0400000| PB 0x00000000a0400000| Untracked 
| 517|0x00000000a0500000, 0x00000000a0600000, 0x00000000a0600000|100%| O|  |TAMS 0x00000000a0500000| PB 0x00000000a0500000| Untracked 
| 518|0x00000000a0600000, 0x00000000a0700000, 0x00000000a0700000|100%| O|Cm|TAMS 0x00000000a0600000| PB 0x00000000a0600000| Complete 
| 519|0x00000000a0700000, 0x00000000a0800000, 0x00000000a0800000|100%| O|  |TAMS 0x00000000a0700000| PB 0x00000000a0700000| Untracked 
| 520|0x00000000a0800000, 0x00000000a0900000, 0x00000000a0900000|100%| O|  |TAMS 0x00000000a0800000| PB 0x00000000a0800000| Untracked 
| 521|0x00000000a0900000, 0x00000000a0a00000, 0x00000000a0a00000|100%| O|  |TAMS 0x00000000a0900000| PB 0x00000000a0900000| Untracked 
| 522|0x00000000a0a00000, 0x00000000a0b00000, 0x00000000a0b00000|100%| O|  |TAMS 0x00000000a0a00000| PB 0x00000000a0a00000| Untracked 
| 523|0x00000000a0b00000, 0x00000000a0c00000, 0x00000000a0c00000|100%| O|  |TAMS 0x00000000a0b00000| PB 0x00000000a0b00000| Untracked 
| 524|0x00000000a0c00000, 0x00000000a0d00000, 0x00000000a0d00000|100%| E|CS|TAMS 0x00000000a0c00000| PB 0x00000000a0c00000| Complete 
| 525|0x00000000a0d00000, 0x00000000a0e00000, 0x00000000a0e00000|100%| O|  |TAMS 0x00000000a0d00000| PB 0x00000000a0d00000| Untracked 
| 526|0x00000000a0e00000, 0x00000000a0f00000, 0x00000000a0f00000|100%| E|CS|TAMS 0x00000000a0e00000| PB 0x00000000a0e00000| Complete 
| 527|0x00000000a0f00000, 0x00000000a1000000, 0x00000000a1000000|100%| O|  |TAMS 0x00000000a0f00000| PB 0x00000000a0f00000| Untracked 
| 528|0x00000000a1000000, 0x00000000a1100000, 0x00000000a1100000|100%| O|Cm|TAMS 0x00000000a1000000| PB 0x00000000a1000000| Complete 
| 529|0x00000000a1100000, 0x00000000a1200000, 0x00000000a1200000|100%| O|Cm|TAMS 0x00000000a1100000| PB 0x00000000a1100000| Complete 
| 530|0x00000000a1200000, 0x00000000a1300000, 0x00000000a1300000|100%| E|CS|TAMS 0x00000000a1200000| PB 0x00000000a1200000| Complete 
| 531|0x00000000a1300000, 0x00000000a1400000, 0x00000000a1400000|100%| E|CS|TAMS 0x00000000a1300000| PB 0x00000000a1300000| Complete 
| 532|0x00000000a1400000, 0x00000000a1500000, 0x00000000a1500000|100%| E|CS|TAMS 0x00000000a1400000| PB 0x00000000a1400000| Complete 
| 533|0x00000000a1500000, 0x00000000a1600000, 0x00000000a1600000|100%| E|CS|TAMS 0x00000000a1500000| PB 0x00000000a1500000| Complete 
| 534|0x00000000a1600000, 0x00000000a1700000, 0x00000000a1700000|100%| E|CS|TAMS 0x00000000a1600000| PB 0x00000000a1600000| Complete 
| 535|0x00000000a1700000, 0x00000000a1800000, 0x00000000a1800000|100%| E|CS|TAMS 0x00000000a1700000| PB 0x00000000a1700000| Complete 
| 536|0x00000000a1800000, 0x00000000a1900000, 0x00000000a1900000|100%| O|  |TAMS 0x00000000a1800000| PB 0x00000000a1800000| Untracked 
| 537|0x00000000a1900000, 0x00000000a1a00000, 0x00000000a1a00000|100%| O|  |TAMS 0x00000000a1900000| PB 0x00000000a1900000| Untracked 
| 538|0x00000000a1a00000, 0x00000000a1b00000, 0x00000000a1b00000|100%|HS|  |TAMS 0x00000000a1a00000| PB 0x00000000a1a00000| Complete 
| 539|0x00000000a1b00000, 0x00000000a1c00000, 0x00000000a1c00000|100%|HC|  |TAMS 0x00000000a1b00000| PB 0x00000000a1b00000| Complete 
| 540|0x00000000a1c00000, 0x00000000a1d00000, 0x00000000a1d00000|100%| O|  |TAMS 0x00000000a1c00000| PB 0x00000000a1c00000| Untracked 
| 541|0x00000000a1d00000, 0x00000000a1e00000, 0x00000000a1e00000|100%|HS|  |TAMS 0x00000000a1d00000| PB 0x00000000a1d00000| Complete 
| 542|0x00000000a1e00000, 0x00000000a1f00000, 0x00000000a1f00000|100%|HS|  |TAMS 0x00000000a1e00000| PB 0x00000000a1e00000| Complete 
| 543|0x00000000a1f00000, 0x00000000a2000000, 0x00000000a2000000|100%|HS|  |TAMS 0x00000000a1f00000| PB 0x00000000a1f00000| Complete 
| 544|0x00000000a2000000, 0x00000000a2100000, 0x00000000a2100000|100%|HC|  |TAMS 0x00000000a2000000| PB 0x00000000a2000000| Complete 
| 545|0x00000000a2100000, 0x00000000a2200000, 0x00000000a2200000|100%|HS|  |TAMS 0x00000000a2100000| PB 0x00000000a2100000| Complete 
| 546|0x00000000a2200000, 0x00000000a2300000, 0x00000000a2300000|100%| O|Cm|TAMS 0x00000000a2200000| PB 0x00000000a2200000| Complete 
| 547|0x00000000a2300000, 0x00000000a2400000, 0x00000000a2400000|100%|HS|  |TAMS 0x00000000a2300000| PB 0x00000000a2300000| Complete 
| 548|0x00000000a2400000, 0x00000000a2500000, 0x00000000a2500000|100%|HC|  |TAMS 0x00000000a2400000| PB 0x00000000a2400000| Complete 
| 549|0x00000000a2500000, 0x00000000a2600000, 0x00000000a2600000|100%|HC|  |TAMS 0x00000000a2500000| PB 0x00000000a2500000| Complete 
| 550|0x00000000a2600000, 0x00000000a2700000, 0x00000000a2700000|100%|HC|  |TAMS 0x00000000a2600000| PB 0x00000000a2600000| Complete 
| 551|0x00000000a2700000, 0x00000000a2800000, 0x00000000a2800000|100%|HC|  |TAMS 0x00000000a2700000| PB 0x00000000a2700000| Complete 
| 552|0x00000000a2800000, 0x00000000a2900000, 0x00000000a2900000|100%|HC|  |TAMS 0x00000000a2800000| PB 0x00000000a2800000| Complete 
| 553|0x00000000a2900000, 0x00000000a2a00000, 0x00000000a2a00000|100%|HC|  |TAMS 0x00000000a2900000| PB 0x00000000a2900000| Complete 
| 554|0x00000000a2a00000, 0x00000000a2b00000, 0x00000000a2b00000|100%|HC|  |TAMS 0x00000000a2a00000| PB 0x00000000a2a00000| Complete 
| 555|0x00000000a2b00000, 0x00000000a2c00000, 0x00000000a2c00000|100%|HC|  |TAMS 0x00000000a2b00000| PB 0x00000000a2b00000| Complete 
| 556|0x00000000a2c00000, 0x00000000a2d00000, 0x00000000a2d00000|100%|HC|  |TAMS 0x00000000a2c00000| PB 0x00000000a2c00000| Complete 
| 557|0x00000000a2d00000, 0x00000000a2e00000, 0x00000000a2e00000|100%|HC|  |TAMS 0x00000000a2d00000| PB 0x00000000a2d00000| Complete 
| 558|0x00000000a2e00000, 0x00000000a2f00000, 0x00000000a2f00000|100%|HC|  |TAMS 0x00000000a2e00000| PB 0x00000000a2e00000| Complete 
| 559|0x00000000a2f00000, 0x00000000a3000000, 0x00000000a3000000|100%|HC|  |TAMS 0x00000000a2f00000| PB 0x00000000a2f00000| Complete 
| 560|0x00000000a3000000, 0x00000000a3100000, 0x00000000a3100000|100%|HC|  |TAMS 0x00000000a3000000| PB 0x00000000a3000000| Complete 
| 561|0x00000000a3100000, 0x00000000a3200000, 0x00000000a3200000|100%|HC|  |TAMS 0x00000000a3100000| PB 0x00000000a3100000| Complete 
| 562|0x00000000a3200000, 0x00000000a3300000, 0x00000000a3300000|100%|HC|  |TAMS 0x00000000a3200000| PB 0x00000000a3200000| Complete 
| 563|0x00000000a3300000, 0x00000000a3400000, 0x00000000a3400000|100%|HC|  |TAMS 0x00000000a3300000| PB 0x00000000a3300000| Complete 
| 564|0x00000000a3400000, 0x00000000a3500000, 0x00000000a3500000|100%|HC|  |TAMS 0x00000000a3400000| PB 0x00000000a3400000| Complete 
| 565|0x00000000a3500000, 0x00000000a3600000, 0x00000000a3600000|100%|HS|  |TAMS 0x00000000a3500000| PB 0x00000000a3500000| Complete 
| 566|0x00000000a3600000, 0x00000000a3700000, 0x00000000a3700000|100%|HC|  |TAMS 0x00000000a3600000| PB 0x00000000a3600000| Complete 
| 567|0x00000000a3700000, 0x00000000a3800000, 0x00000000a3800000|100%|HC|  |TAMS 0x00000000a3700000| PB 0x00000000a3700000| Complete 
| 568|0x00000000a3800000, 0x00000000a3900000, 0x00000000a3900000|100%|HC|  |TAMS 0x00000000a3800000| PB 0x00000000a3800000| Complete 
| 569|0x00000000a3900000, 0x00000000a3a00000, 0x00000000a3a00000|100%|HC|  |TAMS 0x00000000a3900000| PB 0x00000000a3900000| Complete 
| 570|0x00000000a3a00000, 0x00000000a3b00000, 0x00000000a3b00000|100%|HC|  |TAMS 0x00000000a3a00000| PB 0x00000000a3a00000| Complete 
| 571|0x00000000a3b00000, 0x00000000a3c00000, 0x00000000a3c00000|100%|HC|  |TAMS 0x00000000a3b00000| PB 0x00000000a3b00000| Complete 
| 572|0x00000000a3c00000, 0x00000000a3d00000, 0x00000000a3d00000|100%|HC|  |TAMS 0x00000000a3c00000| PB 0x00000000a3c00000| Complete 
| 573|0x00000000a3d00000, 0x00000000a3e00000, 0x00000000a3e00000|100%|HC|  |TAMS 0x00000000a3d00000| PB 0x00000000a3d00000| Complete 
| 574|0x00000000a3e00000, 0x00000000a3f00000, 0x00000000a3f00000|100%|HC|  |TAMS 0x00000000a3e00000| PB 0x00000000a3e00000| Complete 
| 575|0x00000000a3f00000, 0x00000000a4000000, 0x00000000a4000000|100%|HC|  |TAMS 0x00000000a3f00000| PB 0x00000000a3f00000| Complete 
| 576|0x00000000a4000000, 0x00000000a4100000, 0x00000000a4100000|100%|HC|  |TAMS 0x00000000a4000000| PB 0x00000000a4000000| Complete 
| 577|0x00000000a4100000, 0x00000000a4200000, 0x00000000a4200000|100%|HC|  |TAMS 0x00000000a4100000| PB 0x00000000a4100000| Complete 
| 578|0x00000000a4200000, 0x00000000a4300000, 0x00000000a4300000|100%|HC|  |TAMS 0x00000000a4200000| PB 0x00000000a4200000| Complete 
| 579|0x00000000a4300000, 0x00000000a4400000, 0x00000000a4400000|100%|HC|  |TAMS 0x00000000a4300000| PB 0x00000000a4300000| Complete 
| 580|0x00000000a4400000, 0x00000000a4500000, 0x00000000a4500000|100%|HC|  |TAMS 0x00000000a4400000| PB 0x00000000a4400000| Complete 
| 581|0x00000000a4500000, 0x00000000a4600000, 0x00000000a4600000|100%|HC|  |TAMS 0x00000000a4500000| PB 0x00000000a4500000| Complete 
| 582|0x00000000a4600000, 0x00000000a4700000, 0x00000000a4700000|100%|HC|  |TAMS 0x00000000a4600000| PB 0x00000000a4600000| Complete 
| 583|0x00000000a4700000, 0x00000000a4800000, 0x00000000a4800000|100%| E|CS|TAMS 0x00000000a4700000| PB 0x00000000a4700000| Complete 
| 584|0x00000000a4800000, 0x00000000a4900000, 0x00000000a4900000|100%| E|CS|TAMS 0x00000000a4800000| PB 0x00000000a4800000| Complete 
| 585|0x00000000a4900000, 0x00000000a4a00000, 0x00000000a4a00000|100%| E|CS|TAMS 0x00000000a4900000| PB 0x00000000a4900000| Complete 
| 586|0x00000000a4a00000, 0x00000000a4b00000, 0x00000000a4b00000|100%| E|CS|TAMS 0x00000000a4a00000| PB 0x00000000a4a00000| Complete 
| 587|0x00000000a4b00000, 0x00000000a4c00000, 0x00000000a4c00000|100%| E|CS|TAMS 0x00000000a4b00000| PB 0x00000000a4b00000| Complete 
| 588|0x00000000a4c00000, 0x00000000a4d00000, 0x00000000a4d00000|100%| E|CS|TAMS 0x00000000a4c00000| PB 0x00000000a4c00000| Complete 
| 589|0x00000000a4d00000, 0x00000000a4e00000, 0x00000000a4e00000|100%| E|CS|TAMS 0x00000000a4d00000| PB 0x00000000a4d00000| Complete 
| 590|0x00000000a4e00000, 0x00000000a4f00000, 0x00000000a4f00000|100%| E|CS|TAMS 0x00000000a4e00000| PB 0x00000000a4e00000| Complete 
| 591|0x00000000a4f00000, 0x00000000a5000000, 0x00000000a5000000|100%| E|CS|TAMS 0x00000000a4f00000| PB 0x00000000a4f00000| Complete 
| 592|0x00000000a5000000, 0x00000000a5100000, 0x00000000a5100000|100%| E|CS|TAMS 0x00000000a5000000| PB 0x00000000a5000000| Complete 
| 593|0x00000000a5100000, 0x00000000a5200000, 0x00000000a5200000|100%| E|CS|TAMS 0x00000000a5100000| PB 0x00000000a5100000| Complete 
| 594|0x00000000a5200000, 0x00000000a5300000, 0x00000000a5300000|100%| E|CS|TAMS 0x00000000a5200000| PB 0x00000000a5200000| Complete 
| 595|0x00000000a5300000, 0x00000000a5400000, 0x00000000a5400000|100%| E|CS|TAMS 0x00000000a5300000| PB 0x00000000a5300000| Complete 
| 596|0x00000000a5400000, 0x00000000a5500000, 0x00000000a5500000|100%| E|CS|TAMS 0x00000000a5400000| PB 0x00000000a5400000| Complete 
| 597|0x00000000a5500000, 0x00000000a5600000, 0x00000000a5600000|100%| E|CS|TAMS 0x00000000a5500000| PB 0x00000000a5500000| Complete 
| 598|0x00000000a5600000, 0x00000000a5700000, 0x00000000a5700000|100%| E|CS|TAMS 0x00000000a5600000| PB 0x00000000a5600000| Complete 
| 599|0x00000000a5700000, 0x00000000a5800000, 0x00000000a5800000|100%| E|CS|TAMS 0x00000000a5700000| PB 0x00000000a5700000| Complete 
| 600|0x00000000a5800000, 0x00000000a5900000, 0x00000000a5900000|100%| E|CS|TAMS 0x00000000a5800000| PB 0x00000000a5800000| Complete 
| 601|0x00000000a5900000, 0x00000000a5a00000, 0x00000000a5a00000|100%| E|CS|TAMS 0x00000000a5900000| PB 0x00000000a5900000| Complete 
| 602|0x00000000a5a00000, 0x00000000a5b00000, 0x00000000a5b00000|100%| E|CS|TAMS 0x00000000a5a00000| PB 0x00000000a5a00000| Complete 
| 603|0x00000000a5b00000, 0x00000000a5c00000, 0x00000000a5c00000|100%| E|CS|TAMS 0x00000000a5b00000| PB 0x00000000a5b00000| Complete 
| 604|0x00000000a5c00000, 0x00000000a5d00000, 0x00000000a5d00000|100%| E|CS|TAMS 0x00000000a5c00000| PB 0x00000000a5c00000| Complete 
| 605|0x00000000a5d00000, 0x00000000a5e00000, 0x00000000a5e00000|100%| E|CS|TAMS 0x00000000a5d00000| PB 0x00000000a5d00000| Complete 
| 606|0x00000000a5e00000, 0x00000000a5f00000, 0x00000000a5f00000|100%| E|CS|TAMS 0x00000000a5e00000| PB 0x00000000a5e00000| Complete 
| 607|0x00000000a5f00000, 0x00000000a6000000, 0x00000000a6000000|100%| E|CS|TAMS 0x00000000a5f00000| PB 0x00000000a5f00000| Complete 
| 608|0x00000000a6000000, 0x00000000a6100000, 0x00000000a6100000|100%| E|CS|TAMS 0x00000000a6000000| PB 0x00000000a6000000| Complete 
| 609|0x00000000a6100000, 0x00000000a6200000, 0x00000000a6200000|100%| E|CS|TAMS 0x00000000a6100000| PB 0x00000000a6100000| Complete 
| 610|0x00000000a6200000, 0x00000000a6300000, 0x00000000a6300000|100%| E|CS|TAMS 0x00000000a6200000| PB 0x00000000a6200000| Complete 
| 611|0x00000000a6300000, 0x00000000a6400000, 0x00000000a6400000|100%| E|CS|TAMS 0x00000000a6300000| PB 0x00000000a6300000| Complete 
| 612|0x00000000a6400000, 0x00000000a6500000, 0x00000000a6500000|100%| O|  |TAMS 0x00000000a6400000| PB 0x00000000a6400000| Untracked 
| 613|0x00000000a6500000, 0x00000000a6600000, 0x00000000a6600000|100%| O|  |TAMS 0x00000000a6500000| PB 0x00000000a6500000| Untracked 
| 614|0x00000000a6600000, 0x00000000a6700000, 0x00000000a6700000|100%| O|  |TAMS 0x00000000a6600000| PB 0x00000000a6600000| Untracked 
| 615|0x00000000a6700000, 0x00000000a6800000, 0x00000000a6800000|100%| O|  |TAMS 0x00000000a6700000| PB 0x00000000a6700000| Untracked 
| 616|0x00000000a6800000, 0x00000000a6900000, 0x00000000a6900000|100%| E|CS|TAMS 0x00000000a6800000| PB 0x00000000a6800000| Complete 
| 617|0x00000000a6900000, 0x00000000a6a00000, 0x00000000a6a00000|100%| O|  |TAMS 0x00000000a6900000| PB 0x00000000a6900000| Untracked 
| 618|0x00000000a6a00000, 0x00000000a6b00000, 0x00000000a6b00000|100%| O|  |TAMS 0x00000000a6a00000| PB 0x00000000a6a00000| Untracked 
| 619|0x00000000a6b00000, 0x00000000a6c00000, 0x00000000a6c00000|100%| O|  |TAMS 0x00000000a6b00000| PB 0x00000000a6b00000| Untracked 
| 620|0x00000000a6c00000, 0x00000000a6d00000, 0x00000000a6d00000|100%| O|  |TAMS 0x00000000a6c00000| PB 0x00000000a6c00000| Untracked 
| 621|0x00000000a6d00000, 0x00000000a6e00000, 0x00000000a6e00000|100%| O|  |TAMS 0x00000000a6d00000| PB 0x00000000a6d00000| Untracked 
| 622|0x00000000a6e00000, 0x00000000a6f00000, 0x00000000a6f00000|100%| O|  |TAMS 0x00000000a6e00000| PB 0x00000000a6e00000| Untracked 
| 623|0x00000000a6f00000, 0x00000000a7000000, 0x00000000a7000000|100%| O|  |TAMS 0x00000000a6f00000| PB 0x00000000a6f00000| Untracked 
| 624|0x00000000a7000000, 0x00000000a7100000, 0x00000000a7100000|100%| O|  |TAMS 0x00000000a7000000| PB 0x00000000a7000000| Untracked 
| 625|0x00000000a7100000, 0x00000000a7200000, 0x00000000a7200000|100%| O|  |TAMS 0x00000000a7100000| PB 0x00000000a7100000| Untracked 
| 626|0x00000000a7200000, 0x00000000a7300000, 0x00000000a7300000|100%| O|  |TAMS 0x00000000a7200000| PB 0x00000000a7200000| Untracked 
| 627|0x00000000a7300000, 0x00000000a7400000, 0x00000000a7400000|100%| O|  |TAMS 0x00000000a7300000| PB 0x00000000a7300000| Untracked 
| 628|0x00000000a7400000, 0x00000000a7500000, 0x00000000a7500000|100%| O|  |TAMS 0x00000000a7400000| PB 0x00000000a7400000| Untracked 
| 629|0x00000000a7500000, 0x00000000a7600000, 0x00000000a7600000|100%| O|  |TAMS 0x00000000a7500000| PB 0x00000000a7500000| Untracked 
| 630|0x00000000a7600000, 0x00000000a7700000, 0x00000000a7700000|100%| O|  |TAMS 0x00000000a7600000| PB 0x00000000a7600000| Untracked 
| 631|0x00000000a7700000, 0x00000000a7800000, 0x00000000a7800000|100%| O|  |TAMS 0x00000000a7700000| PB 0x00000000a7700000| Untracked 
| 632|0x00000000a7800000, 0x00000000a7900000, 0x00000000a7900000|100%| O|Cm|TAMS 0x00000000a7800000| PB 0x00000000a7800000| Complete 
| 633|0x00000000a7900000, 0x00000000a7a00000, 0x00000000a7a00000|100%| O|  |TAMS 0x00000000a7900000| PB 0x00000000a7900000| Untracked 
| 634|0x00000000a7a00000, 0x00000000a7b00000, 0x00000000a7b00000|100%| O|  |TAMS 0x00000000a7a00000| PB 0x00000000a7a00000| Untracked 
| 635|0x00000000a7b00000, 0x00000000a7c00000, 0x00000000a7c00000|100%| O|  |TAMS 0x00000000a7b00000| PB 0x00000000a7b00000| Untracked 
| 636|0x00000000a7c00000, 0x00000000a7d00000, 0x00000000a7d00000|100%| O|  |TAMS 0x00000000a7c00000| PB 0x00000000a7c00000| Untracked 
| 637|0x00000000a7d00000, 0x00000000a7e00000, 0x00000000a7e00000|100%| O|  |TAMS 0x00000000a7d00000| PB 0x00000000a7d00000| Untracked 
| 638|0x00000000a7e00000, 0x00000000a7f00000, 0x00000000a7f00000|100%| O|  |TAMS 0x00000000a7e00000| PB 0x00000000a7e00000| Untracked 
| 639|0x00000000a7f00000, 0x00000000a8000000, 0x00000000a8000000|100%| O|  |TAMS 0x00000000a7f00000| PB 0x00000000a7f00000| Untracked 
| 640|0x00000000a8000000, 0x00000000a8100000, 0x00000000a8100000|100%| O|  |TAMS 0x00000000a8000000| PB 0x00000000a8000000| Untracked 
| 641|0x00000000a8100000, 0x00000000a8200000, 0x00000000a8200000|100%| O|  |TAMS 0x00000000a8100000| PB 0x00000000a8100000| Untracked 
| 642|0x00000000a8200000, 0x00000000a8300000, 0x00000000a8300000|100%| O|  |TAMS 0x00000000a8200000| PB 0x00000000a8200000| Untracked 
| 643|0x00000000a8300000, 0x00000000a8400000, 0x00000000a8400000|100%| O|  |TAMS 0x00000000a8300000| PB 0x00000000a8300000| Untracked 
| 644|0x00000000a8400000, 0x00000000a8500000, 0x00000000a8500000|100%| O|  |TAMS 0x00000000a8400000| PB 0x00000000a8400000| Untracked 
| 645|0x00000000a8500000, 0x00000000a8600000, 0x00000000a8600000|100%| O|  |TAMS 0x00000000a8500000| PB 0x00000000a8500000| Untracked 
| 646|0x00000000a8600000, 0x00000000a8700000, 0x00000000a8700000|100%| O|  |TAMS 0x00000000a8600000| PB 0x00000000a8600000| Untracked 
| 647|0x00000000a8700000, 0x00000000a8800000, 0x00000000a8800000|100%| O|Cm|TAMS 0x00000000a8700000| PB 0x00000000a8700000| Complete 
| 648|0x00000000a8800000, 0x00000000a8900000, 0x00000000a8900000|100%| O|Cm|TAMS 0x00000000a8800000| PB 0x00000000a8800000| Complete 
| 649|0x00000000a8900000, 0x00000000a8a00000, 0x00000000a8a00000|100%| O|Cm|TAMS 0x00000000a8900000| PB 0x00000000a8900000| Complete 
| 650|0x00000000a8a00000, 0x00000000a8b00000, 0x00000000a8b00000|100%| O|Cm|TAMS 0x00000000a8a00000| PB 0x00000000a8a00000| Complete 
| 651|0x00000000a8b00000, 0x00000000a8c00000, 0x00000000a8c00000|100%| O|Cm|TAMS 0x00000000a8b00000| PB 0x00000000a8b00000| Complete 
| 652|0x00000000a8c00000, 0x00000000a8d00000, 0x00000000a8d00000|100%| O|Cm|TAMS 0x00000000a8c00000| PB 0x00000000a8c00000| Complete 
| 653|0x00000000a8d00000, 0x00000000a8e00000, 0x00000000a8e00000|100%| O|Cm|TAMS 0x00000000a8d00000| PB 0x00000000a8d00000| Complete 
| 654|0x00000000a8e00000, 0x00000000a8f00000, 0x00000000a8f00000|100%| O|Cm|TAMS 0x00000000a8e00000| PB 0x00000000a8e00000| Complete 
| 655|0x00000000a8f00000, 0x00000000a9000000, 0x00000000a9000000|100%| O|Cm|TAMS 0x00000000a8f00000| PB 0x00000000a8f00000| Complete 
| 656|0x00000000a9000000, 0x00000000a9100000, 0x00000000a9100000|100%| O|Cm|TAMS 0x00000000a9000000| PB 0x00000000a9000000| Complete 
| 657|0x00000000a9100000, 0x00000000a9200000, 0x00000000a9200000|100%| O|Cm|TAMS 0x00000000a9100000| PB 0x00000000a9100000| Complete 
| 658|0x00000000a9200000, 0x00000000a9300000, 0x00000000a9300000|100%| O|Cm|TAMS 0x00000000a9200000| PB 0x00000000a9200000| Complete 
| 659|0x00000000a9300000, 0x00000000a9400000, 0x00000000a9400000|100%| O|Cm|TAMS 0x00000000a9300000| PB 0x00000000a9300000| Complete 
| 660|0x00000000a9400000, 0x00000000a9500000, 0x00000000a9500000|100%| O|Cm|TAMS 0x00000000a9400000| PB 0x00000000a9400000| Complete 
| 661|0x00000000a9500000, 0x00000000a9600000, 0x00000000a9600000|100%| O|Cm|TAMS 0x00000000a9500000| PB 0x00000000a9500000| Complete 
| 662|0x00000000a9600000, 0x00000000a9700000, 0x00000000a9700000|100%| O|Cm|TAMS 0x00000000a9600000| PB 0x00000000a9600000| Complete 
| 663|0x00000000a9700000, 0x00000000a9800000, 0x00000000a9800000|100%| O|Cm|TAMS 0x00000000a9700000| PB 0x00000000a9700000| Complete 
| 664|0x00000000a9800000, 0x00000000a9900000, 0x00000000a9900000|100%| O|Cm|TAMS 0x00000000a9800000| PB 0x00000000a9800000| Complete 
| 665|0x00000000a9900000, 0x00000000a9a00000, 0x00000000a9a00000|100%| O|Cm|TAMS 0x00000000a9900000| PB 0x00000000a9900000| Complete 
| 666|0x00000000a9a00000, 0x00000000a9b00000, 0x00000000a9b00000|100%| O|  |TAMS 0x00000000a9a00000| PB 0x00000000a9a00000| Untracked 
| 667|0x00000000a9b00000, 0x00000000a9c00000, 0x00000000a9c00000|100%| O|Cm|TAMS 0x00000000a9b00000| PB 0x00000000a9b00000| Complete 
| 668|0x00000000a9c00000, 0x00000000a9d00000, 0x00000000a9d00000|100%| O|Cm|TAMS 0x00000000a9c00000| PB 0x00000000a9c00000| Complete 
| 669|0x00000000a9d00000, 0x00000000a9e00000, 0x00000000a9e00000|100%| O|  |TAMS 0x00000000a9d00000| PB 0x00000000a9d00000| Untracked 
| 670|0x00000000a9e00000, 0x00000000a9f00000, 0x00000000a9f00000|100%| O|Cm|TAMS 0x00000000a9e00000| PB 0x00000000a9e00000| Complete 
| 671|0x00000000a9f00000, 0x00000000aa000000, 0x00000000aa000000|100%| O|Cm|TAMS 0x00000000a9f00000| PB 0x00000000a9f00000| Complete 
| 672|0x00000000aa000000, 0x00000000aa100000, 0x00000000aa100000|100%| O|  |TAMS 0x00000000aa000000| PB 0x00000000aa000000| Untracked 
| 673|0x00000000aa100000, 0x00000000aa200000, 0x00000000aa200000|100%| O|Cm|TAMS 0x00000000aa100000| PB 0x00000000aa100000| Complete 
| 674|0x00000000aa200000, 0x00000000aa300000, 0x00000000aa300000|100%| O|Cm|TAMS 0x00000000aa200000| PB 0x00000000aa200000| Complete 
| 675|0x00000000aa300000, 0x00000000aa400000, 0x00000000aa400000|100%| O|Cm|TAMS 0x00000000aa300000| PB 0x00000000aa300000| Complete 
| 676|0x00000000aa400000, 0x00000000aa500000, 0x00000000aa500000|100%| O|  |TAMS 0x00000000aa400000| PB 0x00000000aa400000| Untracked 
| 677|0x00000000aa500000, 0x00000000aa600000, 0x00000000aa600000|100%| O|Cm|TAMS 0x00000000aa500000| PB 0x00000000aa500000| Complete 
| 678|0x00000000aa600000, 0x00000000aa700000, 0x00000000aa700000|100%| O|Cm|TAMS 0x00000000aa600000| PB 0x00000000aa600000| Complete 
| 679|0x00000000aa700000, 0x00000000aa800000, 0x00000000aa800000|100%| O|Cm|TAMS 0x00000000aa700000| PB 0x00000000aa700000| Complete 
| 680|0x00000000aa800000, 0x00000000aa900000, 0x00000000aa900000|100%| E|CS|TAMS 0x00000000aa800000| PB 0x00000000aa800000| Complete 
| 681|0x00000000aa900000, 0x00000000aaa00000, 0x00000000aaa00000|100%| E|CS|TAMS 0x00000000aa900000| PB 0x00000000aa900000| Complete 
| 682|0x00000000aaa00000, 0x00000000aab00000, 0x00000000aab00000|100%| E|CS|TAMS 0x00000000aaa00000| PB 0x00000000aaa00000| Complete 
| 683|0x00000000aab00000, 0x00000000aac00000, 0x00000000aac00000|100%| E|CS|TAMS 0x00000000aab00000| PB 0x00000000aab00000| Complete 
| 684|0x00000000aac00000, 0x00000000aad00000, 0x00000000aad00000|100%| E|CS|TAMS 0x00000000aac00000| PB 0x00000000aac00000| Complete 
| 685|0x00000000aad00000, 0x00000000aae00000, 0x00000000aae00000|100%| E|CS|TAMS 0x00000000aad00000| PB 0x00000000aad00000| Complete 
| 686|0x00000000aae00000, 0x00000000aaf00000, 0x00000000aaf00000|100%| E|  |TAMS 0x00000000aae00000| PB 0x00000000aae00000| Complete 
| 687|0x00000000aaf00000, 0x00000000ab000000, 0x00000000ab000000|100%| E|CS|TAMS 0x00000000aaf00000| PB 0x00000000aaf00000| Complete 
| 688|0x00000000ab000000, 0x00000000ab100000, 0x00000000ab100000|100%| E|CS|TAMS 0x00000000ab000000| PB 0x00000000ab000000| Complete 
| 689|0x00000000ab100000, 0x00000000ab200000, 0x00000000ab200000|100%| E|CS|TAMS 0x00000000ab100000| PB 0x00000000ab100000| Complete 
| 690|0x00000000ab200000, 0x00000000ab300000, 0x00000000ab300000|100%| E|CS|TAMS 0x00000000ab200000| PB 0x00000000ab200000| Complete 
| 691|0x00000000ab300000, 0x00000000ab400000, 0x00000000ab400000|100%| E|CS|TAMS 0x00000000ab300000| PB 0x00000000ab300000| Complete 
| 692|0x00000000ab400000, 0x00000000ab500000, 0x00000000ab500000|100%| E|CS|TAMS 0x00000000ab400000| PB 0x00000000ab400000| Complete 
| 693|0x00000000ab500000, 0x00000000ab600000, 0x00000000ab600000|100%| E|CS|TAMS 0x00000000ab500000| PB 0x00000000ab500000| Complete 
| 694|0x00000000ab600000, 0x00000000ab700000, 0x00000000ab700000|100%| E|CS|TAMS 0x00000000ab600000| PB 0x00000000ab600000| Complete 
| 695|0x00000000ab700000, 0x00000000ab800000, 0x00000000ab800000|100%| E|CS|TAMS 0x00000000ab700000| PB 0x00000000ab700000| Complete 
| 696|0x00000000ab800000, 0x00000000ab900000, 0x00000000ab900000|100%| E|CS|TAMS 0x00000000ab800000| PB 0x00000000ab800000| Complete 
| 697|0x00000000ab900000, 0x00000000aba00000, 0x00000000aba00000|100%| E|CS|TAMS 0x00000000ab900000| PB 0x00000000ab900000| Complete 
| 698|0x00000000aba00000, 0x00000000abb00000, 0x00000000abb00000|100%| E|CS|TAMS 0x00000000aba00000| PB 0x00000000aba00000| Complete 
| 699|0x00000000abb00000, 0x00000000abc00000, 0x00000000abc00000|100%| E|CS|TAMS 0x00000000abb00000| PB 0x00000000abb00000| Complete 
| 700|0x00000000abc00000, 0x00000000abd00000, 0x00000000abd00000|100%| E|CS|TAMS 0x00000000abc00000| PB 0x00000000abc00000| Complete 
| 701|0x00000000abd00000, 0x00000000abe00000, 0x00000000abe00000|100%| E|CS|TAMS 0x00000000abd00000| PB 0x00000000abd00000| Complete 
| 702|0x00000000abe00000, 0x00000000abf00000, 0x00000000abf00000|100%| E|CS|TAMS 0x00000000abe00000| PB 0x00000000abe00000| Complete 
| 703|0x00000000abf00000, 0x00000000ac000000, 0x00000000ac000000|100%| E|CS|TAMS 0x00000000abf00000| PB 0x00000000abf00000| Complete 
| 704|0x00000000ac000000, 0x00000000ac100000, 0x00000000ac100000|100%| E|CS|TAMS 0x00000000ac000000| PB 0x00000000ac000000| Complete 
| 705|0x00000000ac100000, 0x00000000ac200000, 0x00000000ac200000|100%| E|CS|TAMS 0x00000000ac100000| PB 0x00000000ac100000| Complete 
| 706|0x00000000ac200000, 0x00000000ac300000, 0x00000000ac300000|100%| E|CS|TAMS 0x00000000ac200000| PB 0x00000000ac200000| Complete 
| 707|0x00000000ac300000, 0x00000000ac400000, 0x00000000ac400000|100%| E|CS|TAMS 0x00000000ac300000| PB 0x00000000ac300000| Complete 
| 708|0x00000000ac400000, 0x00000000ac500000, 0x00000000ac500000|100%| E|CS|TAMS 0x00000000ac400000| PB 0x00000000ac400000| Complete 
| 709|0x00000000ac500000, 0x00000000ac600000, 0x00000000ac600000|100%| E|CS|TAMS 0x00000000ac500000| PB 0x00000000ac500000| Complete 
| 710|0x00000000ac600000, 0x00000000ac700000, 0x00000000ac700000|100%| E|CS|TAMS 0x00000000ac600000| PB 0x00000000ac600000| Complete 
| 711|0x00000000ac700000, 0x00000000ac800000, 0x00000000ac800000|100%| E|CS|TAMS 0x00000000ac700000| PB 0x00000000ac700000| Complete 
| 712|0x00000000ac800000, 0x00000000ac900000, 0x00000000ac900000|100%| E|CS|TAMS 0x00000000ac800000| PB 0x00000000ac800000| Complete 
| 713|0x00000000ac900000, 0x00000000aca00000, 0x00000000aca00000|100%| E|CS|TAMS 0x00000000ac900000| PB 0x00000000ac900000| Complete 
| 714|0x00000000aca00000, 0x00000000acb00000, 0x00000000acb00000|100%| E|CS|TAMS 0x00000000aca00000| PB 0x00000000aca00000| Complete 
| 715|0x00000000acb00000, 0x00000000acc00000, 0x00000000acc00000|100%| E|CS|TAMS 0x00000000acb00000| PB 0x00000000acb00000| Complete 
| 716|0x00000000acc00000, 0x00000000acd00000, 0x00000000acd00000|100%| E|CS|TAMS 0x00000000acc00000| PB 0x00000000acc00000| Complete 
| 717|0x00000000acd00000, 0x00000000ace00000, 0x00000000ace00000|100%| E|CS|TAMS 0x00000000acd00000| PB 0x00000000acd00000| Complete 
| 718|0x00000000ace00000, 0x00000000acf00000, 0x00000000acf00000|100%| E|CS|TAMS 0x00000000ace00000| PB 0x00000000ace00000| Complete 
| 719|0x00000000acf00000, 0x00000000ad000000, 0x00000000ad000000|100%| E|CS|TAMS 0x00000000acf00000| PB 0x00000000acf00000| Complete 
| 720|0x00000000ad000000, 0x00000000ad100000, 0x00000000ad100000|100%| E|CS|TAMS 0x00000000ad000000| PB 0x00000000ad000000| Complete 
| 721|0x00000000ad100000, 0x00000000ad200000, 0x00000000ad200000|100%| E|CS|TAMS 0x00000000ad100000| PB 0x00000000ad100000| Complete 
| 722|0x00000000ad200000, 0x00000000ad300000, 0x00000000ad300000|100%| E|CS|TAMS 0x00000000ad200000| PB 0x00000000ad200000| Complete 
| 723|0x00000000ad300000, 0x00000000ad400000, 0x00000000ad400000|100%| E|CS|TAMS 0x00000000ad300000| PB 0x00000000ad300000| Complete 
| 724|0x00000000ad400000, 0x00000000ad500000, 0x00000000ad500000|100%| E|CS|TAMS 0x00000000ad400000| PB 0x00000000ad400000| Complete 
| 725|0x00000000ad500000, 0x00000000ad600000, 0x00000000ad600000|100%| E|CS|TAMS 0x00000000ad500000| PB 0x00000000ad500000| Complete 
| 726|0x00000000ad600000, 0x00000000ad700000, 0x00000000ad700000|100%| E|CS|TAMS 0x00000000ad600000| PB 0x00000000ad600000| Complete 
| 727|0x00000000ad700000, 0x00000000ad800000, 0x00000000ad800000|100%| E|CS|TAMS 0x00000000ad700000| PB 0x00000000ad700000| Complete 
| 728|0x00000000ad800000, 0x00000000ad900000, 0x00000000ad900000|100%| E|CS|TAMS 0x00000000ad800000| PB 0x00000000ad800000| Complete 
| 729|0x00000000ad900000, 0x00000000ada00000, 0x00000000ada00000|100%| E|CS|TAMS 0x00000000ad900000| PB 0x00000000ad900000| Complete 
| 730|0x00000000ada00000, 0x00000000adb00000, 0x00000000adb00000|100%| E|CS|TAMS 0x00000000ada00000| PB 0x00000000ada00000| Complete 
| 731|0x00000000adb00000, 0x00000000adc00000, 0x00000000adc00000|100%| E|CS|TAMS 0x00000000adb00000| PB 0x00000000adb00000| Complete 
| 732|0x00000000adc00000, 0x00000000add00000, 0x00000000add00000|100%| E|CS|TAMS 0x00000000adc00000| PB 0x00000000adc00000| Complete 
| 733|0x00000000add00000, 0x00000000ade00000, 0x00000000ade00000|100%| E|CS|TAMS 0x00000000add00000| PB 0x00000000add00000| Complete 
| 734|0x00000000ade00000, 0x00000000adf00000, 0x00000000adf00000|100%| E|CS|TAMS 0x00000000ade00000| PB 0x00000000ade00000| Complete 
| 735|0x00000000adf00000, 0x00000000ae000000, 0x00000000ae000000|100%| E|CS|TAMS 0x00000000adf00000| PB 0x00000000adf00000| Complete 
| 736|0x00000000ae000000, 0x00000000ae100000, 0x00000000ae100000|100%| E|CS|TAMS 0x00000000ae000000| PB 0x00000000ae000000| Complete 
| 737|0x00000000ae100000, 0x00000000ae200000, 0x00000000ae200000|100%| E|CS|TAMS 0x00000000ae100000| PB 0x00000000ae100000| Complete 
| 738|0x00000000ae200000, 0x00000000ae300000, 0x00000000ae300000|100%| E|CS|TAMS 0x00000000ae200000| PB 0x00000000ae200000| Complete 
| 739|0x00000000ae300000, 0x00000000ae400000, 0x00000000ae400000|100%| E|CS|TAMS 0x00000000ae300000| PB 0x00000000ae300000| Complete 
| 740|0x00000000ae400000, 0x00000000ae500000, 0x00000000ae500000|100%| E|CS|TAMS 0x00000000ae400000| PB 0x00000000ae400000| Complete 
| 741|0x00000000ae500000, 0x00000000ae600000, 0x00000000ae600000|100%| E|CS|TAMS 0x00000000ae500000| PB 0x00000000ae500000| Complete 
| 742|0x00000000ae600000, 0x00000000ae700000, 0x00000000ae700000|100%| E|CS|TAMS 0x00000000ae600000| PB 0x00000000ae600000| Complete 
| 743|0x00000000ae700000, 0x00000000ae800000, 0x00000000ae800000|100%| E|CS|TAMS 0x00000000ae700000| PB 0x00000000ae700000| Complete 
| 744|0x00000000ae800000, 0x00000000ae900000, 0x00000000ae900000|100%| E|CS|TAMS 0x00000000ae800000| PB 0x00000000ae800000| Complete 
| 745|0x00000000ae900000, 0x00000000aea00000, 0x00000000aea00000|100%| E|CS|TAMS 0x00000000ae900000| PB 0x00000000ae900000| Complete 
| 746|0x00000000aea00000, 0x00000000aeb00000, 0x00000000aeb00000|100%| E|CS|TAMS 0x00000000aea00000| PB 0x00000000aea00000| Complete 
| 747|0x00000000aeb00000, 0x00000000aec00000, 0x00000000aec00000|100%| E|CS|TAMS 0x00000000aeb00000| PB 0x00000000aeb00000| Complete 
| 748|0x00000000aec00000, 0x00000000aed00000, 0x00000000aed00000|100%| E|CS|TAMS 0x00000000aec00000| PB 0x00000000aec00000| Complete 
| 749|0x00000000aed00000, 0x00000000aee00000, 0x00000000aee00000|100%| E|CS|TAMS 0x00000000aed00000| PB 0x00000000aed00000| Complete 
| 750|0x00000000aee00000, 0x00000000aef00000, 0x00000000aef00000|100%| E|CS|TAMS 0x00000000aee00000| PB 0x00000000aee00000| Complete 
| 751|0x00000000aef00000, 0x00000000af000000, 0x00000000af000000|100%| E|CS|TAMS 0x00000000aef00000| PB 0x00000000aef00000| Complete 
| 752|0x00000000af000000, 0x00000000af100000, 0x00000000af100000|100%| E|CS|TAMS 0x00000000af000000| PB 0x00000000af000000| Complete 
| 753|0x00000000af100000, 0x00000000af200000, 0x00000000af200000|100%| E|CS|TAMS 0x00000000af100000| PB 0x00000000af100000| Complete 
| 754|0x00000000af200000, 0x00000000af300000, 0x00000000af300000|100%| E|CS|TAMS 0x00000000af200000| PB 0x00000000af200000| Complete 
| 755|0x00000000af300000, 0x00000000af400000, 0x00000000af400000|100%| E|CS|TAMS 0x00000000af300000| PB 0x00000000af300000| Complete 
| 756|0x00000000af400000, 0x00000000af500000, 0x00000000af500000|100%| E|CS|TAMS 0x00000000af400000| PB 0x00000000af400000| Complete 
| 757|0x00000000af500000, 0x00000000af600000, 0x00000000af600000|100%| E|CS|TAMS 0x00000000af500000| PB 0x00000000af500000| Complete 
| 758|0x00000000af600000, 0x00000000af700000, 0x00000000af700000|100%| E|CS|TAMS 0x00000000af600000| PB 0x00000000af600000| Complete 
| 759|0x00000000af700000, 0x00000000af800000, 0x00000000af800000|100%| E|CS|TAMS 0x00000000af700000| PB 0x00000000af700000| Complete 
| 760|0x00000000af800000, 0x00000000af900000, 0x00000000af900000|100%| E|CS|TAMS 0x00000000af800000| PB 0x00000000af800000| Complete 
| 761|0x00000000af900000, 0x00000000afa00000, 0x00000000afa00000|100%| E|CS|TAMS 0x00000000af900000| PB 0x00000000af900000| Complete 
| 762|0x00000000afa00000, 0x00000000afb00000, 0x00000000afb00000|100%| E|CS|TAMS 0x00000000afa00000| PB 0x00000000afa00000| Complete 
| 763|0x00000000afb00000, 0x00000000afc00000, 0x00000000afc00000|100%| E|CS|TAMS 0x00000000afb00000| PB 0x00000000afb00000| Complete 
| 764|0x00000000afc00000, 0x00000000afd00000, 0x00000000afd00000|100%| E|CS|TAMS 0x00000000afc00000| PB 0x00000000afc00000| Complete 
| 765|0x00000000afd00000, 0x00000000afe00000, 0x00000000afe00000|100%| E|CS|TAMS 0x00000000afd00000| PB 0x00000000afd00000| Complete 
| 766|0x00000000afe00000, 0x00000000aff00000, 0x00000000aff00000|100%| E|CS|TAMS 0x00000000afe00000| PB 0x00000000afe00000| Complete 
| 767|0x00000000aff00000, 0x00000000b0000000, 0x00000000b0000000|100%| E|CS|TAMS 0x00000000aff00000| PB 0x00000000aff00000| Complete 
| 768|0x00000000b0000000, 0x00000000b0100000, 0x00000000b0100000|100%| E|CS|TAMS 0x00000000b0000000| PB 0x00000000b0000000| Complete 
| 769|0x00000000b0100000, 0x00000000b0200000, 0x00000000b0200000|100%| E|CS|TAMS 0x00000000b0100000| PB 0x00000000b0100000| Complete 
| 770|0x00000000b0200000, 0x00000000b0300000, 0x00000000b0300000|100%| E|CS|TAMS 0x00000000b0200000| PB 0x00000000b0200000| Complete 
| 771|0x00000000b0300000, 0x00000000b0400000, 0x00000000b0400000|100%| E|CS|TAMS 0x00000000b0300000| PB 0x00000000b0300000| Complete 
| 772|0x00000000b0400000, 0x00000000b0500000, 0x00000000b0500000|100%| E|CS|TAMS 0x00000000b0400000| PB 0x00000000b0400000| Complete 
| 773|0x00000000b0500000, 0x00000000b0600000, 0x00000000b0600000|100%| E|CS|TAMS 0x00000000b0500000| PB 0x00000000b0500000| Complete 
| 774|0x00000000b0600000, 0x00000000b0700000, 0x00000000b0700000|100%| E|CS|TAMS 0x00000000b0600000| PB 0x00000000b0600000| Complete 
| 775|0x00000000b0700000, 0x00000000b0800000, 0x00000000b0800000|100%| E|CS|TAMS 0x00000000b0700000| PB 0x00000000b0700000| Complete 
| 776|0x00000000b0800000, 0x00000000b0900000, 0x00000000b0900000|100%| E|CS|TAMS 0x00000000b0800000| PB 0x00000000b0800000| Complete 
| 777|0x00000000b0900000, 0x00000000b0a00000, 0x00000000b0a00000|100%| E|CS|TAMS 0x00000000b0900000| PB 0x00000000b0900000| Complete 
| 778|0x00000000b0a00000, 0x00000000b0b00000, 0x00000000b0b00000|100%| E|CS|TAMS 0x00000000b0a00000| PB 0x00000000b0a00000| Complete 
| 779|0x00000000b0b00000, 0x00000000b0c00000, 0x00000000b0c00000|100%| E|CS|TAMS 0x00000000b0b00000| PB 0x00000000b0b00000| Complete 
| 780|0x00000000b0c00000, 0x00000000b0d00000, 0x00000000b0d00000|100%| E|CS|TAMS 0x00000000b0c00000| PB 0x00000000b0c00000| Complete 
| 781|0x00000000b0d00000, 0x00000000b0e00000, 0x00000000b0e00000|100%| E|CS|TAMS 0x00000000b0d00000| PB 0x00000000b0d00000| Complete 
| 782|0x00000000b0e00000, 0x00000000b0f00000, 0x00000000b0f00000|100%| E|CS|TAMS 0x00000000b0e00000| PB 0x00000000b0e00000| Complete 
| 783|0x00000000b0f00000, 0x00000000b1000000, 0x00000000b1000000|100%| E|CS|TAMS 0x00000000b0f00000| PB 0x00000000b0f00000| Complete 
| 784|0x00000000b1000000, 0x00000000b1100000, 0x00000000b1100000|100%| E|CS|TAMS 0x00000000b1000000| PB 0x00000000b1000000| Complete 
| 785|0x00000000b1100000, 0x00000000b1200000, 0x00000000b1200000|100%| E|CS|TAMS 0x00000000b1100000| PB 0x00000000b1100000| Complete 
| 786|0x00000000b1200000, 0x00000000b1300000, 0x00000000b1300000|100%| E|CS|TAMS 0x00000000b1200000| PB 0x00000000b1200000| Complete 
| 787|0x00000000b1300000, 0x00000000b1400000, 0x00000000b1400000|100%| E|CS|TAMS 0x00000000b1300000| PB 0x00000000b1300000| Complete 
| 788|0x00000000b1400000, 0x00000000b1500000, 0x00000000b1500000|100%| E|CS|TAMS 0x00000000b1400000| PB 0x00000000b1400000| Complete 
| 789|0x00000000b1500000, 0x00000000b1600000, 0x00000000b1600000|100%| E|CS|TAMS 0x00000000b1500000| PB 0x00000000b1500000| Complete 
| 790|0x00000000b1600000, 0x00000000b1700000, 0x00000000b1700000|100%| E|CS|TAMS 0x00000000b1600000| PB 0x00000000b1600000| Complete 
| 791|0x00000000b1700000, 0x00000000b1800000, 0x00000000b1800000|100%| E|CS|TAMS 0x00000000b1700000| PB 0x00000000b1700000| Complete 
| 792|0x00000000b1800000, 0x00000000b1900000, 0x00000000b1900000|100%| E|CS|TAMS 0x00000000b1800000| PB 0x00000000b1800000| Complete 
| 793|0x00000000b1900000, 0x00000000b1a00000, 0x00000000b1a00000|100%| E|CS|TAMS 0x00000000b1900000| PB 0x00000000b1900000| Complete 
| 794|0x00000000b1a00000, 0x00000000b1b00000, 0x00000000b1b00000|100%| E|CS|TAMS 0x00000000b1a00000| PB 0x00000000b1a00000| Complete 
| 795|0x00000000b1b00000, 0x00000000b1c00000, 0x00000000b1c00000|100%| E|CS|TAMS 0x00000000b1b00000| PB 0x00000000b1b00000| Complete 
| 796|0x00000000b1c00000, 0x00000000b1d00000, 0x00000000b1d00000|100%| E|CS|TAMS 0x00000000b1c00000| PB 0x00000000b1c00000| Complete 
| 797|0x00000000b1d00000, 0x00000000b1e00000, 0x00000000b1e00000|100%| E|CS|TAMS 0x00000000b1d00000| PB 0x00000000b1d00000| Complete 
| 798|0x00000000b1e00000, 0x00000000b1f00000, 0x00000000b1f00000|100%| E|CS|TAMS 0x00000000b1e00000| PB 0x00000000b1e00000| Complete 
| 799|0x00000000b1f00000, 0x00000000b2000000, 0x00000000b2000000|100%| E|CS|TAMS 0x00000000b1f00000| PB 0x00000000b1f00000| Complete 
| 800|0x00000000b2000000, 0x00000000b2100000, 0x00000000b2100000|100%| E|CS|TAMS 0x00000000b2000000| PB 0x00000000b2000000| Complete 
| 801|0x00000000b2100000, 0x00000000b2200000, 0x00000000b2200000|100%| E|CS|TAMS 0x00000000b2100000| PB 0x00000000b2100000| Complete 
| 802|0x00000000b2200000, 0x00000000b2300000, 0x00000000b2300000|100%| E|CS|TAMS 0x00000000b2200000| PB 0x00000000b2200000| Complete 
| 803|0x00000000b2300000, 0x00000000b2400000, 0x00000000b2400000|100%| E|CS|TAMS 0x00000000b2300000| PB 0x00000000b2300000| Complete 
| 804|0x00000000b2400000, 0x00000000b2500000, 0x00000000b2500000|100%| E|CS|TAMS 0x00000000b2400000| PB 0x00000000b2400000| Complete 
| 805|0x00000000b2500000, 0x00000000b2600000, 0x00000000b2600000|100%| E|CS|TAMS 0x00000000b2500000| PB 0x00000000b2500000| Complete 
| 806|0x00000000b2600000, 0x00000000b2700000, 0x00000000b2700000|100%| E|CS|TAMS 0x00000000b2600000| PB 0x00000000b2600000| Complete 
| 807|0x00000000b2700000, 0x00000000b2800000, 0x00000000b2800000|100%| E|CS|TAMS 0x00000000b2700000| PB 0x00000000b2700000| Complete 
| 808|0x00000000b2800000, 0x00000000b2900000, 0x00000000b2900000|100%| E|CS|TAMS 0x00000000b2800000| PB 0x00000000b2800000| Complete 
| 809|0x00000000b2900000, 0x00000000b2a00000, 0x00000000b2a00000|100%| E|CS|TAMS 0x00000000b2900000| PB 0x00000000b2900000| Complete 
| 810|0x00000000b2a00000, 0x00000000b2b00000, 0x00000000b2b00000|100%| E|CS|TAMS 0x00000000b2a00000| PB 0x00000000b2a00000| Complete 
| 811|0x00000000b2b00000, 0x00000000b2c00000, 0x00000000b2c00000|100%| E|CS|TAMS 0x00000000b2b00000| PB 0x00000000b2b00000| Complete 
| 812|0x00000000b2c00000, 0x00000000b2d00000, 0x00000000b2d00000|100%| E|CS|TAMS 0x00000000b2c00000| PB 0x00000000b2c00000| Complete 
| 813|0x00000000b2d00000, 0x00000000b2e00000, 0x00000000b2e00000|100%| E|CS|TAMS 0x00000000b2d00000| PB 0x00000000b2d00000| Complete 
| 814|0x00000000b2e00000, 0x00000000b2f00000, 0x00000000b2f00000|100%| E|CS|TAMS 0x00000000b2e00000| PB 0x00000000b2e00000| Complete 
| 815|0x00000000b2f00000, 0x00000000b3000000, 0x00000000b3000000|100%| E|CS|TAMS 0x00000000b2f00000| PB 0x00000000b2f00000| Complete 
| 816|0x00000000b3000000, 0x00000000b3100000, 0x00000000b3100000|100%| E|CS|TAMS 0x00000000b3000000| PB 0x00000000b3000000| Complete 
| 817|0x00000000b3100000, 0x00000000b3200000, 0x00000000b3200000|100%| E|CS|TAMS 0x00000000b3100000| PB 0x00000000b3100000| Complete 
| 818|0x00000000b3200000, 0x00000000b3300000, 0x00000000b3300000|100%| E|CS|TAMS 0x00000000b3200000| PB 0x00000000b3200000| Complete 
| 819|0x00000000b3300000, 0x00000000b3400000, 0x00000000b3400000|100%| E|CS|TAMS 0x00000000b3300000| PB 0x00000000b3300000| Complete 
| 820|0x00000000b3400000, 0x00000000b3500000, 0x00000000b3500000|100%| E|CS|TAMS 0x00000000b3400000| PB 0x00000000b3400000| Complete 
| 821|0x00000000b3500000, 0x00000000b3600000, 0x00000000b3600000|100%| E|CS|TAMS 0x00000000b3500000| PB 0x00000000b3500000| Complete 
| 822|0x00000000b3600000, 0x00000000b3700000, 0x00000000b3700000|100%| E|CS|TAMS 0x00000000b3600000| PB 0x00000000b3600000| Complete 
| 823|0x00000000b3700000, 0x00000000b3800000, 0x00000000b3800000|100%| E|CS|TAMS 0x00000000b3700000| PB 0x00000000b3700000| Complete 
| 824|0x00000000b3800000, 0x00000000b3900000, 0x00000000b3900000|100%| E|CS|TAMS 0x00000000b3800000| PB 0x00000000b3800000| Complete 
| 825|0x00000000b3900000, 0x00000000b3a00000, 0x00000000b3a00000|100%| E|CS|TAMS 0x00000000b3900000| PB 0x00000000b3900000| Complete 
| 826|0x00000000b3a00000, 0x00000000b3b00000, 0x00000000b3b00000|100%| E|CS|TAMS 0x00000000b3a00000| PB 0x00000000b3a00000| Complete 
| 827|0x00000000b3b00000, 0x00000000b3c00000, 0x00000000b3c00000|100%| E|CS|TAMS 0x00000000b3b00000| PB 0x00000000b3b00000| Complete 
| 828|0x00000000b3c00000, 0x00000000b3d00000, 0x00000000b3d00000|100%| E|CS|TAMS 0x00000000b3c00000| PB 0x00000000b3c00000| Complete 
| 829|0x00000000b3d00000, 0x00000000b3e00000, 0x00000000b3e00000|100%| E|CS|TAMS 0x00000000b3d00000| PB 0x00000000b3d00000| Complete 
| 830|0x00000000b3e00000, 0x00000000b3f00000, 0x00000000b3f00000|100%| E|CS|TAMS 0x00000000b3e00000| PB 0x00000000b3e00000| Complete 
| 831|0x00000000b3f00000, 0x00000000b4000000, 0x00000000b4000000|100%| E|CS|TAMS 0x00000000b3f00000| PB 0x00000000b3f00000| Complete 
| 832|0x00000000b4000000, 0x00000000b4100000, 0x00000000b4100000|100%| E|CS|TAMS 0x00000000b4000000| PB 0x00000000b4000000| Complete 
| 833|0x00000000b4100000, 0x00000000b4200000, 0x00000000b4200000|100%| E|CS|TAMS 0x00000000b4100000| PB 0x00000000b4100000| Complete 
| 834|0x00000000b4200000, 0x00000000b4300000, 0x00000000b4300000|100%| E|CS|TAMS 0x00000000b4200000| PB 0x00000000b4200000| Complete 
| 835|0x00000000b4300000, 0x00000000b4400000, 0x00000000b4400000|100%| E|CS|TAMS 0x00000000b4300000| PB 0x00000000b4300000| Complete 
| 836|0x00000000b4400000, 0x00000000b4500000, 0x00000000b4500000|100%| E|CS|TAMS 0x00000000b4400000| PB 0x00000000b4400000| Complete 
| 837|0x00000000b4500000, 0x00000000b4600000, 0x00000000b4600000|100%| E|CS|TAMS 0x00000000b4500000| PB 0x00000000b4500000| Complete 
| 838|0x00000000b4600000, 0x00000000b4700000, 0x00000000b4700000|100%| E|CS|TAMS 0x00000000b4600000| PB 0x00000000b4600000| Complete 
| 839|0x00000000b4700000, 0x00000000b4800000, 0x00000000b4800000|100%| E|CS|TAMS 0x00000000b4700000| PB 0x00000000b4700000| Complete 
| 840|0x00000000b4800000, 0x00000000b4900000, 0x00000000b4900000|100%| E|CS|TAMS 0x00000000b4800000| PB 0x00000000b4800000| Complete 
| 841|0x00000000b4900000, 0x00000000b4a00000, 0x00000000b4a00000|100%| E|CS|TAMS 0x00000000b4900000| PB 0x00000000b4900000| Complete 
| 842|0x00000000b4a00000, 0x00000000b4b00000, 0x00000000b4b00000|100%| E|CS|TAMS 0x00000000b4a00000| PB 0x00000000b4a00000| Complete 
| 843|0x00000000b4b00000, 0x00000000b4c00000, 0x00000000b4c00000|100%| E|CS|TAMS 0x00000000b4b00000| PB 0x00000000b4b00000| Complete 
| 844|0x00000000b4c00000, 0x00000000b4d00000, 0x00000000b4d00000|100%| E|CS|TAMS 0x00000000b4c00000| PB 0x00000000b4c00000| Complete 
| 845|0x00000000b4d00000, 0x00000000b4e00000, 0x00000000b4e00000|100%| E|CS|TAMS 0x00000000b4d00000| PB 0x00000000b4d00000| Complete 
| 846|0x00000000b4e00000, 0x00000000b4f00000, 0x00000000b4f00000|100%| E|CS|TAMS 0x00000000b4e00000| PB 0x00000000b4e00000| Complete 
| 847|0x00000000b4f00000, 0x00000000b5000000, 0x00000000b5000000|100%| E|CS|TAMS 0x00000000b4f00000| PB 0x00000000b4f00000| Complete 
| 848|0x00000000b5000000, 0x00000000b5100000, 0x00000000b5100000|100%| E|CS|TAMS 0x00000000b5000000| PB 0x00000000b5000000| Complete 
| 849|0x00000000b5100000, 0x00000000b5200000, 0x00000000b5200000|100%| E|CS|TAMS 0x00000000b5100000| PB 0x00000000b5100000| Complete 
| 850|0x00000000b5200000, 0x00000000b5300000, 0x00000000b5300000|100%| E|CS|TAMS 0x00000000b5200000| PB 0x00000000b5200000| Complete 
| 851|0x00000000b5300000, 0x00000000b5400000, 0x00000000b5400000|100%| E|CS|TAMS 0x00000000b5300000| PB 0x00000000b5300000| Complete 
| 852|0x00000000b5400000, 0x00000000b5500000, 0x00000000b5500000|100%| E|CS|TAMS 0x00000000b5400000| PB 0x00000000b5400000| Complete 
| 853|0x00000000b5500000, 0x00000000b5600000, 0x00000000b5600000|100%| E|CS|TAMS 0x00000000b5500000| PB 0x00000000b5500000| Complete 
| 854|0x00000000b5600000, 0x00000000b5700000, 0x00000000b5700000|100%| E|CS|TAMS 0x00000000b5600000| PB 0x00000000b5600000| Complete 
| 855|0x00000000b5700000, 0x00000000b5800000, 0x00000000b5800000|100%| E|CS|TAMS 0x00000000b5700000| PB 0x00000000b5700000| Complete 
| 856|0x00000000b5800000, 0x00000000b5900000, 0x00000000b5900000|100%| E|CS|TAMS 0x00000000b5800000| PB 0x00000000b5800000| Complete 
| 857|0x00000000b5900000, 0x00000000b5a00000, 0x00000000b5a00000|100%| E|CS|TAMS 0x00000000b5900000| PB 0x00000000b5900000| Complete 
| 858|0x00000000b5a00000, 0x00000000b5b00000, 0x00000000b5b00000|100%| E|CS|TAMS 0x00000000b5a00000| PB 0x00000000b5a00000| Complete 
| 859|0x00000000b5b00000, 0x00000000b5c00000, 0x00000000b5c00000|100%| E|CS|TAMS 0x00000000b5b00000| PB 0x00000000b5b00000| Complete 
| 860|0x00000000b5c00000, 0x00000000b5d00000, 0x00000000b5d00000|100%| E|CS|TAMS 0x00000000b5c00000| PB 0x00000000b5c00000| Complete 
| 861|0x00000000b5d00000, 0x00000000b5e00000, 0x00000000b5e00000|100%| E|CS|TAMS 0x00000000b5d00000| PB 0x00000000b5d00000| Complete 
| 862|0x00000000b5e00000, 0x00000000b5f00000, 0x00000000b5f00000|100%| E|CS|TAMS 0x00000000b5e00000| PB 0x00000000b5e00000| Complete 
| 863|0x00000000b5f00000, 0x00000000b6000000, 0x00000000b6000000|100%| E|CS|TAMS 0x00000000b5f00000| PB 0x00000000b5f00000| Complete 
| 864|0x00000000b6000000, 0x00000000b6100000, 0x00000000b6100000|100%| E|CS|TAMS 0x00000000b6000000| PB 0x00000000b6000000| Complete 
| 865|0x00000000b6100000, 0x00000000b6200000, 0x00000000b6200000|100%| E|CS|TAMS 0x00000000b6100000| PB 0x00000000b6100000| Complete 
| 866|0x00000000b6200000, 0x00000000b6300000, 0x00000000b6300000|100%| E|CS|TAMS 0x00000000b6200000| PB 0x00000000b6200000| Complete 
| 867|0x00000000b6300000, 0x00000000b6400000, 0x00000000b6400000|100%| E|CS|TAMS 0x00000000b6300000| PB 0x00000000b6300000| Complete 
| 868|0x00000000b6400000, 0x00000000b6500000, 0x00000000b6500000|100%| E|CS|TAMS 0x00000000b6400000| PB 0x00000000b6400000| Complete 
| 869|0x00000000b6500000, 0x00000000b6600000, 0x00000000b6600000|100%| E|CS|TAMS 0x00000000b6500000| PB 0x00000000b6500000| Complete 
| 870|0x00000000b6600000, 0x00000000b6700000, 0x00000000b6700000|100%| E|CS|TAMS 0x00000000b6600000| PB 0x00000000b6600000| Complete 
| 871|0x00000000b6700000, 0x00000000b6800000, 0x00000000b6800000|100%| E|CS|TAMS 0x00000000b6700000| PB 0x00000000b6700000| Complete 
| 872|0x00000000b6800000, 0x00000000b6900000, 0x00000000b6900000|100%| E|CS|TAMS 0x00000000b6800000| PB 0x00000000b6800000| Complete 
| 873|0x00000000b6900000, 0x00000000b6a00000, 0x00000000b6a00000|100%| E|CS|TAMS 0x00000000b6900000| PB 0x00000000b6900000| Complete 
| 874|0x00000000b6a00000, 0x00000000b6b00000, 0x00000000b6b00000|100%| E|CS|TAMS 0x00000000b6a00000| PB 0x00000000b6a00000| Complete 
| 875|0x00000000b6b00000, 0x00000000b6c00000, 0x00000000b6c00000|100%| E|CS|TAMS 0x00000000b6b00000| PB 0x00000000b6b00000| Complete 
| 876|0x00000000b6c00000, 0x00000000b6d00000, 0x00000000b6d00000|100%| E|CS|TAMS 0x00000000b6c00000| PB 0x00000000b6c00000| Complete 
| 877|0x00000000b6d00000, 0x00000000b6e00000, 0x00000000b6e00000|100%| E|CS|TAMS 0x00000000b6d00000| PB 0x00000000b6d00000| Complete 
| 878|0x00000000b6e00000, 0x00000000b6f00000, 0x00000000b6f00000|100%| E|CS|TAMS 0x00000000b6e00000| PB 0x00000000b6e00000| Complete 
| 879|0x00000000b6f00000, 0x00000000b7000000, 0x00000000b7000000|100%| E|CS|TAMS 0x00000000b6f00000| PB 0x00000000b6f00000| Complete 
| 880|0x00000000b7000000, 0x00000000b7100000, 0x00000000b7100000|100%| E|CS|TAMS 0x00000000b7000000| PB 0x00000000b7000000| Complete 
| 881|0x00000000b7100000, 0x00000000b7200000, 0x00000000b7200000|100%| E|CS|TAMS 0x00000000b7100000| PB 0x00000000b7100000| Complete 
| 882|0x00000000b7200000, 0x00000000b7300000, 0x00000000b7300000|100%| E|CS|TAMS 0x00000000b7200000| PB 0x00000000b7200000| Complete 
| 883|0x00000000b7300000, 0x00000000b7400000, 0x00000000b7400000|100%| E|CS|TAMS 0x00000000b7300000| PB 0x00000000b7300000| Complete 
| 884|0x00000000b7400000, 0x00000000b7500000, 0x00000000b7500000|100%| E|CS|TAMS 0x00000000b7400000| PB 0x00000000b7400000| Complete 
| 885|0x00000000b7500000, 0x00000000b7600000, 0x00000000b7600000|100%| E|CS|TAMS 0x00000000b7500000| PB 0x00000000b7500000| Complete 
| 886|0x00000000b7600000, 0x00000000b7700000, 0x00000000b7700000|100%| E|CS|TAMS 0x00000000b7600000| PB 0x00000000b7600000| Complete 
| 887|0x00000000b7700000, 0x00000000b7800000, 0x00000000b7800000|100%| E|CS|TAMS 0x00000000b7700000| PB 0x00000000b7700000| Complete 
| 888|0x00000000b7800000, 0x00000000b7900000, 0x00000000b7900000|100%| E|CS|TAMS 0x00000000b7800000| PB 0x00000000b7800000| Complete 
| 889|0x00000000b7900000, 0x00000000b7a00000, 0x00000000b7a00000|100%| E|CS|TAMS 0x00000000b7900000| PB 0x00000000b7900000| Complete 
| 890|0x00000000b7a00000, 0x00000000b7b00000, 0x00000000b7b00000|100%| E|CS|TAMS 0x00000000b7a00000| PB 0x00000000b7a00000| Complete 
| 891|0x00000000b7b00000, 0x00000000b7c00000, 0x00000000b7c00000|100%| E|CS|TAMS 0x00000000b7b00000| PB 0x00000000b7b00000| Complete 
| 892|0x00000000b7c00000, 0x00000000b7d00000, 0x00000000b7d00000|100%| E|CS|TAMS 0x00000000b7c00000| PB 0x00000000b7c00000| Complete 
| 893|0x00000000b7d00000, 0x00000000b7e00000, 0x00000000b7e00000|100%| E|CS|TAMS 0x00000000b7d00000| PB 0x00000000b7d00000| Complete 
| 894|0x00000000b7e00000, 0x00000000b7f00000, 0x00000000b7f00000|100%| E|CS|TAMS 0x00000000b7e00000| PB 0x00000000b7e00000| Complete 
| 895|0x00000000b7f00000, 0x00000000b8000000, 0x00000000b8000000|100%| E|CS|TAMS 0x00000000b7f00000| PB 0x00000000b7f00000| Complete 
| 896|0x00000000b8000000, 0x00000000b8100000, 0x00000000b8100000|100%| E|CS|TAMS 0x00000000b8000000| PB 0x00000000b8000000| Complete 
| 897|0x00000000b8100000, 0x00000000b8200000, 0x00000000b8200000|100%| E|CS|TAMS 0x00000000b8100000| PB 0x00000000b8100000| Complete 
| 898|0x00000000b8200000, 0x00000000b8300000, 0x00000000b8300000|100%| E|CS|TAMS 0x00000000b8200000| PB 0x00000000b8200000| Complete 
| 899|0x00000000b8300000, 0x00000000b8400000, 0x00000000b8400000|100%| E|CS|TAMS 0x00000000b8300000| PB 0x00000000b8300000| Complete 
| 900|0x00000000b8400000, 0x00000000b8500000, 0x00000000b8500000|100%| E|CS|TAMS 0x00000000b8400000| PB 0x00000000b8400000| Complete 
| 901|0x00000000b8500000, 0x00000000b8600000, 0x00000000b8600000|100%| E|CS|TAMS 0x00000000b8500000| PB 0x00000000b8500000| Complete 
| 902|0x00000000b8600000, 0x00000000b8700000, 0x00000000b8700000|100%| E|CS|TAMS 0x00000000b8600000| PB 0x00000000b8600000| Complete 
| 903|0x00000000b8700000, 0x00000000b8800000, 0x00000000b8800000|100%| E|CS|TAMS 0x00000000b8700000| PB 0x00000000b8700000| Complete 
| 904|0x00000000b8800000, 0x00000000b8900000, 0x00000000b8900000|100%| E|CS|TAMS 0x00000000b8800000| PB 0x00000000b8800000| Complete 
| 905|0x00000000b8900000, 0x00000000b8a00000, 0x00000000b8a00000|100%| E|CS|TAMS 0x00000000b8900000| PB 0x00000000b8900000| Complete 
| 906|0x00000000b8a00000, 0x00000000b8b00000, 0x00000000b8b00000|100%| E|CS|TAMS 0x00000000b8a00000| PB 0x00000000b8a00000| Complete 
| 907|0x00000000b8b00000, 0x00000000b8c00000, 0x00000000b8c00000|100%| E|CS|TAMS 0x00000000b8b00000| PB 0x00000000b8b00000| Complete 
| 908|0x00000000b8c00000, 0x00000000b8d00000, 0x00000000b8d00000|100%| E|CS|TAMS 0x00000000b8c00000| PB 0x00000000b8c00000| Complete 
| 909|0x00000000b8d00000, 0x00000000b8e00000, 0x00000000b8e00000|100%| E|CS|TAMS 0x00000000b8d00000| PB 0x00000000b8d00000| Complete 
| 910|0x00000000b8e00000, 0x00000000b8f00000, 0x00000000b8f00000|100%| E|CS|TAMS 0x00000000b8e00000| PB 0x00000000b8e00000| Complete 
| 911|0x00000000b8f00000, 0x00000000b9000000, 0x00000000b9000000|100%| E|CS|TAMS 0x00000000b8f00000| PB 0x00000000b8f00000| Complete 
| 912|0x00000000b9000000, 0x00000000b9100000, 0x00000000b9100000|100%| E|CS|TAMS 0x00000000b9000000| PB 0x00000000b9000000| Complete 
| 913|0x00000000b9100000, 0x00000000b9200000, 0x00000000b9200000|100%| E|CS|TAMS 0x00000000b9100000| PB 0x00000000b9100000| Complete 
| 914|0x00000000b9200000, 0x00000000b9300000, 0x00000000b9300000|100%| E|CS|TAMS 0x00000000b9200000| PB 0x00000000b9200000| Complete 
| 915|0x00000000b9300000, 0x00000000b9400000, 0x00000000b9400000|100%| E|CS|TAMS 0x00000000b9300000| PB 0x00000000b9300000| Complete 
| 916|0x00000000b9400000, 0x00000000b9500000, 0x00000000b9500000|100%| E|CS|TAMS 0x00000000b9400000| PB 0x00000000b9400000| Complete 
| 917|0x00000000b9500000, 0x00000000b9600000, 0x00000000b9600000|100%| E|CS|TAMS 0x00000000b9500000| PB 0x00000000b9500000| Complete 
| 918|0x00000000b9600000, 0x00000000b9700000, 0x00000000b9700000|100%| E|CS|TAMS 0x00000000b9600000| PB 0x00000000b9600000| Complete 
| 919|0x00000000b9700000, 0x00000000b9800000, 0x00000000b9800000|100%| E|CS|TAMS 0x00000000b9700000| PB 0x00000000b9700000| Complete 
| 920|0x00000000b9800000, 0x00000000b9900000, 0x00000000b9900000|100%| E|CS|TAMS 0x00000000b9800000| PB 0x00000000b9800000| Complete 
| 921|0x00000000b9900000, 0x00000000b9a00000, 0x00000000b9a00000|100%| E|CS|TAMS 0x00000000b9900000| PB 0x00000000b9900000| Complete 
| 922|0x00000000b9a00000, 0x00000000b9b00000, 0x00000000b9b00000|100%| E|CS|TAMS 0x00000000b9a00000| PB 0x00000000b9a00000| Complete 
| 923|0x00000000b9b00000, 0x00000000b9c00000, 0x00000000b9c00000|100%| E|CS|TAMS 0x00000000b9b00000| PB 0x00000000b9b00000| Complete 
| 924|0x00000000b9c00000, 0x00000000b9d00000, 0x00000000b9d00000|100%| E|CS|TAMS 0x00000000b9c00000| PB 0x00000000b9c00000| Complete 
| 925|0x00000000b9d00000, 0x00000000b9e00000, 0x00000000b9e00000|100%| E|CS|TAMS 0x00000000b9d00000| PB 0x00000000b9d00000| Complete 
| 926|0x00000000b9e00000, 0x00000000b9f00000, 0x00000000b9f00000|100%| E|CS|TAMS 0x00000000b9e00000| PB 0x00000000b9e00000| Complete 
| 927|0x00000000b9f00000, 0x00000000ba000000, 0x00000000ba000000|100%| E|CS|TAMS 0x00000000b9f00000| PB 0x00000000b9f00000| Complete 
| 928|0x00000000ba000000, 0x00000000ba100000, 0x00000000ba100000|100%| E|CS|TAMS 0x00000000ba000000| PB 0x00000000ba000000| Complete 
| 929|0x00000000ba100000, 0x00000000ba200000, 0x00000000ba200000|100%| E|CS|TAMS 0x00000000ba100000| PB 0x00000000ba100000| Complete 
| 930|0x00000000ba200000, 0x00000000ba300000, 0x00000000ba300000|100%| E|CS|TAMS 0x00000000ba200000| PB 0x00000000ba200000| Complete 
| 931|0x00000000ba300000, 0x00000000ba400000, 0x00000000ba400000|100%| E|CS|TAMS 0x00000000ba300000| PB 0x00000000ba300000| Complete 
| 932|0x00000000ba400000, 0x00000000ba500000, 0x00000000ba500000|100%| E|CS|TAMS 0x00000000ba400000| PB 0x00000000ba400000| Complete 
| 933|0x00000000ba500000, 0x00000000ba600000, 0x00000000ba600000|100%| E|CS|TAMS 0x00000000ba500000| PB 0x00000000ba500000| Complete 
| 934|0x00000000ba600000, 0x00000000ba700000, 0x00000000ba700000|100%| E|CS|TAMS 0x00000000ba600000| PB 0x00000000ba600000| Complete 
| 935|0x00000000ba700000, 0x00000000ba800000, 0x00000000ba800000|100%| E|CS|TAMS 0x00000000ba700000| PB 0x00000000ba700000| Complete 
| 936|0x00000000ba800000, 0x00000000ba900000, 0x00000000ba900000|100%| E|CS|TAMS 0x00000000ba800000| PB 0x00000000ba800000| Complete 
| 937|0x00000000ba900000, 0x00000000baa00000, 0x00000000baa00000|100%| E|CS|TAMS 0x00000000ba900000| PB 0x00000000ba900000| Complete 
| 938|0x00000000baa00000, 0x00000000bab00000, 0x00000000bab00000|100%| E|CS|TAMS 0x00000000baa00000| PB 0x00000000baa00000| Complete 
| 939|0x00000000bab00000, 0x00000000bac00000, 0x00000000bac00000|100%| E|CS|TAMS 0x00000000bab00000| PB 0x00000000bab00000| Complete 
| 940|0x00000000bac00000, 0x00000000bad00000, 0x00000000bad00000|100%| E|CS|TAMS 0x00000000bac00000| PB 0x00000000bac00000| Complete 
| 941|0x00000000bad00000, 0x00000000bae00000, 0x00000000bae00000|100%| E|CS|TAMS 0x00000000bad00000| PB 0x00000000bad00000| Complete 
| 942|0x00000000bae00000, 0x00000000baf00000, 0x00000000baf00000|100%| E|CS|TAMS 0x00000000bae00000| PB 0x00000000bae00000| Complete 
| 943|0x00000000baf00000, 0x00000000bb000000, 0x00000000bb000000|100%| E|CS|TAMS 0x00000000baf00000| PB 0x00000000baf00000| Complete 
| 944|0x00000000bb000000, 0x00000000bb100000, 0x00000000bb100000|100%| E|CS|TAMS 0x00000000bb000000| PB 0x00000000bb000000| Complete 
| 945|0x00000000bb100000, 0x00000000bb200000, 0x00000000bb200000|100%| E|CS|TAMS 0x00000000bb100000| PB 0x00000000bb100000| Complete 
| 946|0x00000000bb200000, 0x00000000bb300000, 0x00000000bb300000|100%| E|CS|TAMS 0x00000000bb200000| PB 0x00000000bb200000| Complete 
| 947|0x00000000bb300000, 0x00000000bb400000, 0x00000000bb400000|100%| E|CS|TAMS 0x00000000bb300000| PB 0x00000000bb300000| Complete 
| 948|0x00000000bb400000, 0x00000000bb500000, 0x00000000bb500000|100%| E|CS|TAMS 0x00000000bb400000| PB 0x00000000bb400000| Complete 
| 949|0x00000000bb500000, 0x00000000bb600000, 0x00000000bb600000|100%| E|CS|TAMS 0x00000000bb500000| PB 0x00000000bb500000| Complete 
| 950|0x00000000bb600000, 0x00000000bb700000, 0x00000000bb700000|100%| E|CS|TAMS 0x00000000bb600000| PB 0x00000000bb600000| Complete 
| 951|0x00000000bb700000, 0x00000000bb800000, 0x00000000bb800000|100%| E|CS|TAMS 0x00000000bb700000| PB 0x00000000bb700000| Complete 
| 952|0x00000000bb800000, 0x00000000bb900000, 0x00000000bb900000|100%| E|CS|TAMS 0x00000000bb800000| PB 0x00000000bb800000| Complete 
| 953|0x00000000bb900000, 0x00000000bba00000, 0x00000000bba00000|100%| E|CS|TAMS 0x00000000bb900000| PB 0x00000000bb900000| Complete 
| 954|0x00000000bba00000, 0x00000000bbb00000, 0x00000000bbb00000|100%| E|CS|TAMS 0x00000000bba00000| PB 0x00000000bba00000| Complete 
| 955|0x00000000bbb00000, 0x00000000bbc00000, 0x00000000bbc00000|100%| E|CS|TAMS 0x00000000bbb00000| PB 0x00000000bbb00000| Complete 
| 956|0x00000000bbc00000, 0x00000000bbd00000, 0x00000000bbd00000|100%| E|CS|TAMS 0x00000000bbc00000| PB 0x00000000bbc00000| Complete 
| 957|0x00000000bbd00000, 0x00000000bbe00000, 0x00000000bbe00000|100%| E|CS|TAMS 0x00000000bbd00000| PB 0x00000000bbd00000| Complete 
| 958|0x00000000bbe00000, 0x00000000bbf00000, 0x00000000bbf00000|100%| E|CS|TAMS 0x00000000bbe00000| PB 0x00000000bbe00000| Complete 
| 959|0x00000000bbf00000, 0x00000000bc000000, 0x00000000bc000000|100%| E|CS|TAMS 0x00000000bbf00000| PB 0x00000000bbf00000| Complete 
| 960|0x00000000bc000000, 0x00000000bc100000, 0x00000000bc100000|100%| E|CS|TAMS 0x00000000bc000000| PB 0x00000000bc000000| Complete 
| 961|0x00000000bc100000, 0x00000000bc200000, 0x00000000bc200000|100%| E|CS|TAMS 0x00000000bc100000| PB 0x00000000bc100000| Complete 
| 962|0x00000000bc200000, 0x00000000bc300000, 0x00000000bc300000|100%| E|CS|TAMS 0x00000000bc200000| PB 0x00000000bc200000| Complete 
| 963|0x00000000bc300000, 0x00000000bc400000, 0x00000000bc400000|100%| E|CS|TAMS 0x00000000bc300000| PB 0x00000000bc300000| Complete 
| 964|0x00000000bc400000, 0x00000000bc500000, 0x00000000bc500000|100%| E|CS|TAMS 0x00000000bc400000| PB 0x00000000bc400000| Complete 
| 965|0x00000000bc500000, 0x00000000bc600000, 0x00000000bc600000|100%| E|CS|TAMS 0x00000000bc500000| PB 0x00000000bc500000| Complete 
| 966|0x00000000bc600000, 0x00000000bc700000, 0x00000000bc700000|100%| E|CS|TAMS 0x00000000bc600000| PB 0x00000000bc600000| Complete 
| 967|0x00000000bc700000, 0x00000000bc800000, 0x00000000bc800000|100%| E|CS|TAMS 0x00000000bc700000| PB 0x00000000bc700000| Complete 
| 968|0x00000000bc800000, 0x00000000bc900000, 0x00000000bc900000|100%| E|CS|TAMS 0x00000000bc800000| PB 0x00000000bc800000| Complete 
| 969|0x00000000bc900000, 0x00000000bca00000, 0x00000000bca00000|100%| E|CS|TAMS 0x00000000bc900000| PB 0x00000000bc900000| Complete 
| 970|0x00000000bca00000, 0x00000000bcb00000, 0x00000000bcb00000|100%| E|CS|TAMS 0x00000000bca00000| PB 0x00000000bca00000| Complete 
| 971|0x00000000bcb00000, 0x00000000bcc00000, 0x00000000bcc00000|100%| E|CS|TAMS 0x00000000bcb00000| PB 0x00000000bcb00000| Complete 
| 972|0x00000000bcc00000, 0x00000000bcd00000, 0x00000000bcd00000|100%| E|CS|TAMS 0x00000000bcc00000| PB 0x00000000bcc00000| Complete 
| 973|0x00000000bcd00000, 0x00000000bce00000, 0x00000000bce00000|100%| E|CS|TAMS 0x00000000bcd00000| PB 0x00000000bcd00000| Complete 
| 974|0x00000000bce00000, 0x00000000bcf00000, 0x00000000bcf00000|100%| E|CS|TAMS 0x00000000bce00000| PB 0x00000000bce00000| Complete 
| 975|0x00000000bcf00000, 0x00000000bd000000, 0x00000000bd000000|100%| E|CS|TAMS 0x00000000bcf00000| PB 0x00000000bcf00000| Complete 
| 976|0x00000000bd000000, 0x00000000bd100000, 0x00000000bd100000|100%| E|CS|TAMS 0x00000000bd000000| PB 0x00000000bd000000| Complete 
| 977|0x00000000bd100000, 0x00000000bd200000, 0x00000000bd200000|100%| E|CS|TAMS 0x00000000bd100000| PB 0x00000000bd100000| Complete 
| 978|0x00000000bd200000, 0x00000000bd300000, 0x00000000bd300000|100%| E|CS|TAMS 0x00000000bd200000| PB 0x00000000bd200000| Complete 
| 979|0x00000000bd300000, 0x00000000bd400000, 0x00000000bd400000|100%| E|CS|TAMS 0x00000000bd300000| PB 0x00000000bd300000| Complete 
| 980|0x00000000bd400000, 0x00000000bd500000, 0x00000000bd500000|100%| E|CS|TAMS 0x00000000bd400000| PB 0x00000000bd400000| Complete 
| 981|0x00000000bd500000, 0x00000000bd600000, 0x00000000bd600000|100%| E|CS|TAMS 0x00000000bd500000| PB 0x00000000bd500000| Complete 
| 982|0x00000000bd600000, 0x00000000bd700000, 0x00000000bd700000|100%| E|CS|TAMS 0x00000000bd600000| PB 0x00000000bd600000| Complete 
| 983|0x00000000bd700000, 0x00000000bd800000, 0x00000000bd800000|100%| E|CS|TAMS 0x00000000bd700000| PB 0x00000000bd700000| Complete 
| 984|0x00000000bd800000, 0x00000000bd900000, 0x00000000bd900000|100%| E|CS|TAMS 0x00000000bd800000| PB 0x00000000bd800000| Complete 
| 985|0x00000000bd900000, 0x00000000bda00000, 0x00000000bda00000|100%| E|CS|TAMS 0x00000000bd900000| PB 0x00000000bd900000| Complete 
| 986|0x00000000bda00000, 0x00000000bdb00000, 0x00000000bdb00000|100%| E|CS|TAMS 0x00000000bda00000| PB 0x00000000bda00000| Complete 
| 987|0x00000000bdb00000, 0x00000000bdc00000, 0x00000000bdc00000|100%| E|CS|TAMS 0x00000000bdb00000| PB 0x00000000bdb00000| Complete 
| 988|0x00000000bdc00000, 0x00000000bdd00000, 0x00000000bdd00000|100%| E|CS|TAMS 0x00000000bdc00000| PB 0x00000000bdc00000| Complete 
| 989|0x00000000bdd00000, 0x00000000bde00000, 0x00000000bde00000|100%| E|CS|TAMS 0x00000000bdd00000| PB 0x00000000bdd00000| Complete 
| 990|0x00000000bde00000, 0x00000000bdf00000, 0x00000000bdf00000|100%| E|CS|TAMS 0x00000000bde00000| PB 0x00000000bde00000| Complete 
| 991|0x00000000bdf00000, 0x00000000be000000, 0x00000000be000000|100%| E|CS|TAMS 0x00000000bdf00000| PB 0x00000000bdf00000| Complete 
| 992|0x00000000be000000, 0x00000000be100000, 0x00000000be100000|100%| E|CS|TAMS 0x00000000be000000| PB 0x00000000be000000| Complete 
| 993|0x00000000be100000, 0x00000000be200000, 0x00000000be200000|100%| E|CS|TAMS 0x00000000be100000| PB 0x00000000be100000| Complete 
| 994|0x00000000be200000, 0x00000000be300000, 0x00000000be300000|100%| E|CS|TAMS 0x00000000be200000| PB 0x00000000be200000| Complete 
| 995|0x00000000be300000, 0x00000000be400000, 0x00000000be400000|100%| E|CS|TAMS 0x00000000be300000| PB 0x00000000be300000| Complete 
| 996|0x00000000be400000, 0x00000000be500000, 0x00000000be500000|100%| E|CS|TAMS 0x00000000be400000| PB 0x00000000be400000| Complete 
| 997|0x00000000be500000, 0x00000000be600000, 0x00000000be600000|100%| E|CS|TAMS 0x00000000be500000| PB 0x00000000be500000| Complete 
| 998|0x00000000be600000, 0x00000000be700000, 0x00000000be700000|100%| E|CS|TAMS 0x00000000be600000| PB 0x00000000be600000| Complete 
| 999|0x00000000be700000, 0x00000000be800000, 0x00000000be800000|100%| E|CS|TAMS 0x00000000be700000| PB 0x00000000be700000| Complete 
|1000|0x00000000be800000, 0x00000000be900000, 0x00000000be900000|100%| E|CS|TAMS 0x00000000be800000| PB 0x00000000be800000| Complete 
|1001|0x00000000be900000, 0x00000000bea00000, 0x00000000bea00000|100%| E|CS|TAMS 0x00000000be900000| PB 0x00000000be900000| Complete 
|1002|0x00000000bea00000, 0x00000000beb00000, 0x00000000beb00000|100%| E|CS|TAMS 0x00000000bea00000| PB 0x00000000bea00000| Complete 
|1003|0x00000000beb00000, 0x00000000bec00000, 0x00000000bec00000|100%| E|CS|TAMS 0x00000000beb00000| PB 0x00000000beb00000| Complete 
|1004|0x00000000bec00000, 0x00000000bed00000, 0x00000000bed00000|100%| E|CS|TAMS 0x00000000bec00000| PB 0x00000000bec00000| Complete 
|1005|0x00000000bed00000, 0x00000000bee00000, 0x00000000bee00000|100%| E|CS|TAMS 0x00000000bed00000| PB 0x00000000bed00000| Complete 
|1006|0x00000000bee00000, 0x00000000bef00000, 0x00000000bef00000|100%| E|CS|TAMS 0x00000000bee00000| PB 0x00000000bee00000| Complete 
|1007|0x00000000bef00000, 0x00000000bf000000, 0x00000000bf000000|100%| E|CS|TAMS 0x00000000bef00000| PB 0x00000000bef00000| Complete 
|1008|0x00000000bf000000, 0x00000000bf100000, 0x00000000bf100000|100%| E|CS|TAMS 0x00000000bf000000| PB 0x00000000bf000000| Complete 
|1009|0x00000000bf100000, 0x00000000bf200000, 0x00000000bf200000|100%| E|CS|TAMS 0x00000000bf100000| PB 0x00000000bf100000| Complete 
|1010|0x00000000bf200000, 0x00000000bf300000, 0x00000000bf300000|100%| E|CS|TAMS 0x00000000bf200000| PB 0x00000000bf200000| Complete 
|1011|0x00000000bf300000, 0x00000000bf400000, 0x00000000bf400000|100%| E|CS|TAMS 0x00000000bf300000| PB 0x00000000bf300000| Complete 
|1012|0x00000000bf400000, 0x00000000bf500000, 0x00000000bf500000|100%| E|CS|TAMS 0x00000000bf400000| PB 0x00000000bf400000| Complete 
|1013|0x00000000bf500000, 0x00000000bf600000, 0x00000000bf600000|100%| E|CS|TAMS 0x00000000bf500000| PB 0x00000000bf500000| Complete 
|1014|0x00000000bf600000, 0x00000000bf700000, 0x00000000bf700000|100%| E|CS|TAMS 0x00000000bf600000| PB 0x00000000bf600000| Complete 
|1015|0x00000000bf700000, 0x00000000bf800000, 0x00000000bf800000|100%| E|CS|TAMS 0x00000000bf700000| PB 0x00000000bf700000| Complete 
|1016|0x00000000bf800000, 0x00000000bf900000, 0x00000000bf900000|100%| E|CS|TAMS 0x00000000bf800000| PB 0x00000000bf800000| Complete 
|1017|0x00000000bf900000, 0x00000000bfa00000, 0x00000000bfa00000|100%| E|CS|TAMS 0x00000000bf900000| PB 0x00000000bf900000| Complete 
|1018|0x00000000bfa00000, 0x00000000bfb00000, 0x00000000bfb00000|100%| E|CS|TAMS 0x00000000bfa00000| PB 0x00000000bfa00000| Complete 
|1019|0x00000000bfb00000, 0x00000000bfc00000, 0x00000000bfc00000|100%| E|CS|TAMS 0x00000000bfb00000| PB 0x00000000bfb00000| Complete 
|1020|0x00000000bfc00000, 0x00000000bfd00000, 0x00000000bfd00000|100%| E|CS|TAMS 0x00000000bfc00000| PB 0x00000000bfc00000| Complete 
|1021|0x00000000bfd00000, 0x00000000bfe00000, 0x00000000bfe00000|100%| E|CS|TAMS 0x00000000bfd00000| PB 0x00000000bfd00000| Complete 
|1022|0x00000000bfe00000, 0x00000000bff00000, 0x00000000bff00000|100%| E|CS|TAMS 0x00000000bfe00000| PB 0x00000000bfe00000| Complete 
|1023|0x00000000bff00000, 0x00000000c0000000, 0x00000000c0000000|100%| E|CS|TAMS 0x00000000bff00000| PB 0x00000000bff00000| Complete 
|1024|0x00000000c0000000, 0x00000000c0100000, 0x00000000c0100000|100%| E|CS|TAMS 0x00000000c0000000| PB 0x00000000c0000000| Complete 
|1025|0x00000000c0100000, 0x00000000c0200000, 0x00000000c0200000|100%| E|CS|TAMS 0x00000000c0100000| PB 0x00000000c0100000| Complete 
|1026|0x00000000c0200000, 0x00000000c0300000, 0x00000000c0300000|100%| E|CS|TAMS 0x00000000c0200000| PB 0x00000000c0200000| Complete 
|1027|0x00000000c0300000, 0x00000000c0400000, 0x00000000c0400000|100%| E|CS|TAMS 0x00000000c0300000| PB 0x00000000c0300000| Complete 
|1028|0x00000000c0400000, 0x00000000c0500000, 0x00000000c0500000|100%| E|CS|TAMS 0x00000000c0400000| PB 0x00000000c0400000| Complete 
|1029|0x00000000c0500000, 0x00000000c0600000, 0x00000000c0600000|100%| E|CS|TAMS 0x00000000c0500000| PB 0x00000000c0500000| Complete 
|1030|0x00000000c0600000, 0x00000000c0700000, 0x00000000c0700000|100%| E|CS|TAMS 0x00000000c0600000| PB 0x00000000c0600000| Complete 
|1031|0x00000000c0700000, 0x00000000c0800000, 0x00000000c0800000|100%| E|CS|TAMS 0x00000000c0700000| PB 0x00000000c0700000| Complete 
|1032|0x00000000c0800000, 0x00000000c0900000, 0x00000000c0900000|100%| E|CS|TAMS 0x00000000c0800000| PB 0x00000000c0800000| Complete 
|1033|0x00000000c0900000, 0x00000000c0a00000, 0x00000000c0a00000|100%| E|CS|TAMS 0x00000000c0900000| PB 0x00000000c0900000| Complete 
|1034|0x00000000c0a00000, 0x00000000c0b00000, 0x00000000c0b00000|100%| E|CS|TAMS 0x00000000c0a00000| PB 0x00000000c0a00000| Complete 
|1035|0x00000000c0b00000, 0x00000000c0c00000, 0x00000000c0c00000|100%| E|CS|TAMS 0x00000000c0b00000| PB 0x00000000c0b00000| Complete 
|1036|0x00000000c0c00000, 0x00000000c0d00000, 0x00000000c0d00000|100%| E|CS|TAMS 0x00000000c0c00000| PB 0x00000000c0c00000| Complete 
|1037|0x00000000c0d00000, 0x00000000c0e00000, 0x00000000c0e00000|100%| E|CS|TAMS 0x00000000c0d00000| PB 0x00000000c0d00000| Complete 
|1038|0x00000000c0e00000, 0x00000000c0f00000, 0x00000000c0f00000|100%| E|CS|TAMS 0x00000000c0e00000| PB 0x00000000c0e00000| Complete 
|1039|0x00000000c0f00000, 0x00000000c1000000, 0x00000000c1000000|100%| E|CS|TAMS 0x00000000c0f00000| PB 0x00000000c0f00000| Complete 
|1040|0x00000000c1000000, 0x00000000c1100000, 0x00000000c1100000|100%| E|CS|TAMS 0x00000000c1000000| PB 0x00000000c1000000| Complete 
|1041|0x00000000c1100000, 0x00000000c1200000, 0x00000000c1200000|100%| E|CS|TAMS 0x00000000c1100000| PB 0x00000000c1100000| Complete 
|1042|0x00000000c1200000, 0x00000000c1300000, 0x00000000c1300000|100%| E|CS|TAMS 0x00000000c1200000| PB 0x00000000c1200000| Complete 
|1043|0x00000000c1300000, 0x00000000c1400000, 0x00000000c1400000|100%| E|CS|TAMS 0x00000000c1300000| PB 0x00000000c1300000| Complete 
|1044|0x00000000c1400000, 0x00000000c1500000, 0x00000000c1500000|100%| E|CS|TAMS 0x00000000c1400000| PB 0x00000000c1400000| Complete 
|1045|0x00000000c1500000, 0x00000000c1600000, 0x00000000c1600000|100%| E|CS|TAMS 0x00000000c1500000| PB 0x00000000c1500000| Complete 
|1046|0x00000000c1600000, 0x00000000c1700000, 0x00000000c1700000|100%| E|CS|TAMS 0x00000000c1600000| PB 0x00000000c1600000| Complete 
|1047|0x00000000c1700000, 0x00000000c1800000, 0x00000000c1800000|100%| E|CS|TAMS 0x00000000c1700000| PB 0x00000000c1700000| Complete 
|1048|0x00000000c1800000, 0x00000000c1900000, 0x00000000c1900000|100%| E|CS|TAMS 0x00000000c1800000| PB 0x00000000c1800000| Complete 
|1049|0x00000000c1900000, 0x00000000c1a00000, 0x00000000c1a00000|100%| E|CS|TAMS 0x00000000c1900000| PB 0x00000000c1900000| Complete 
|1050|0x00000000c1a00000, 0x00000000c1b00000, 0x00000000c1b00000|100%| E|CS|TAMS 0x00000000c1a00000| PB 0x00000000c1a00000| Complete 
|1051|0x00000000c1b00000, 0x00000000c1c00000, 0x00000000c1c00000|100%| E|CS|TAMS 0x00000000c1b00000| PB 0x00000000c1b00000| Complete 
|1052|0x00000000c1c00000, 0x00000000c1d00000, 0x00000000c1d00000|100%| E|CS|TAMS 0x00000000c1c00000| PB 0x00000000c1c00000| Complete 
|1053|0x00000000c1d00000, 0x00000000c1e00000, 0x00000000c1e00000|100%| E|CS|TAMS 0x00000000c1d00000| PB 0x00000000c1d00000| Complete 
|1054|0x00000000c1e00000, 0x00000000c1f00000, 0x00000000c1f00000|100%| E|CS|TAMS 0x00000000c1e00000| PB 0x00000000c1e00000| Complete 
|1055|0x00000000c1f00000, 0x00000000c2000000, 0x00000000c2000000|100%| E|CS|TAMS 0x00000000c1f00000| PB 0x00000000c1f00000| Complete 
|1056|0x00000000c2000000, 0x00000000c2100000, 0x00000000c2100000|100%| E|CS|TAMS 0x00000000c2000000| PB 0x00000000c2000000| Complete 
|1057|0x00000000c2100000, 0x00000000c2200000, 0x00000000c2200000|100%| E|CS|TAMS 0x00000000c2100000| PB 0x00000000c2100000| Complete 
|1058|0x00000000c2200000, 0x00000000c2300000, 0x00000000c2300000|100%| E|CS|TAMS 0x00000000c2200000| PB 0x00000000c2200000| Complete 
|1059|0x00000000c2300000, 0x00000000c2400000, 0x00000000c2400000|100%| E|CS|TAMS 0x00000000c2300000| PB 0x00000000c2300000| Complete 
|1060|0x00000000c2400000, 0x00000000c2500000, 0x00000000c2500000|100%| E|CS|TAMS 0x00000000c2400000| PB 0x00000000c2400000| Complete 
|1061|0x00000000c2500000, 0x00000000c2600000, 0x00000000c2600000|100%| E|CS|TAMS 0x00000000c2500000| PB 0x00000000c2500000| Complete 
|1062|0x00000000c2600000, 0x00000000c2700000, 0x00000000c2700000|100%| E|CS|TAMS 0x00000000c2600000| PB 0x00000000c2600000| Complete 
|1063|0x00000000c2700000, 0x00000000c2800000, 0x00000000c2800000|100%| E|CS|TAMS 0x00000000c2700000| PB 0x00000000c2700000| Complete 
|1064|0x00000000c2800000, 0x00000000c2900000, 0x00000000c2900000|100%| E|CS|TAMS 0x00000000c2800000| PB 0x00000000c2800000| Complete 
|1065|0x00000000c2900000, 0x00000000c2a00000, 0x00000000c2a00000|100%| E|CS|TAMS 0x00000000c2900000| PB 0x00000000c2900000| Complete 
|1066|0x00000000c2a00000, 0x00000000c2b00000, 0x00000000c2b00000|100%| E|CS|TAMS 0x00000000c2a00000| PB 0x00000000c2a00000| Complete 
|1067|0x00000000c2b00000, 0x00000000c2c00000, 0x00000000c2c00000|100%| E|CS|TAMS 0x00000000c2b00000| PB 0x00000000c2b00000| Complete 
|1068|0x00000000c2c00000, 0x00000000c2d00000, 0x00000000c2d00000|100%| E|CS|TAMS 0x00000000c2c00000| PB 0x00000000c2c00000| Complete 
|1069|0x00000000c2d00000, 0x00000000c2e00000, 0x00000000c2e00000|100%| E|CS|TAMS 0x00000000c2d00000| PB 0x00000000c2d00000| Complete 
|1070|0x00000000c2e00000, 0x00000000c2f00000, 0x00000000c2f00000|100%| E|CS|TAMS 0x00000000c2e00000| PB 0x00000000c2e00000| Complete 
|1071|0x00000000c2f00000, 0x00000000c3000000, 0x00000000c3000000|100%| E|CS|TAMS 0x00000000c2f00000| PB 0x00000000c2f00000| Complete 
|1072|0x00000000c3000000, 0x00000000c3100000, 0x00000000c3100000|100%| E|CS|TAMS 0x00000000c3000000| PB 0x00000000c3000000| Complete 
|1073|0x00000000c3100000, 0x00000000c3200000, 0x00000000c3200000|100%| E|CS|TAMS 0x00000000c3100000| PB 0x00000000c3100000| Complete 
|1074|0x00000000c3200000, 0x00000000c3300000, 0x00000000c3300000|100%| E|CS|TAMS 0x00000000c3200000| PB 0x00000000c3200000| Complete 
|1075|0x00000000c3300000, 0x00000000c3400000, 0x00000000c3400000|100%| E|CS|TAMS 0x00000000c3300000| PB 0x00000000c3300000| Complete 
|1076|0x00000000c3400000, 0x00000000c3500000, 0x00000000c3500000|100%| E|CS|TAMS 0x00000000c3400000| PB 0x00000000c3400000| Complete 
|1077|0x00000000c3500000, 0x00000000c3600000, 0x00000000c3600000|100%| E|CS|TAMS 0x00000000c3500000| PB 0x00000000c3500000| Complete 
|1078|0x00000000c3600000, 0x00000000c3700000, 0x00000000c3700000|100%| E|CS|TAMS 0x00000000c3600000| PB 0x00000000c3600000| Complete 
|1079|0x00000000c3700000, 0x00000000c3800000, 0x00000000c3800000|100%| E|CS|TAMS 0x00000000c3700000| PB 0x00000000c3700000| Complete 
|1080|0x00000000c3800000, 0x00000000c3900000, 0x00000000c3900000|100%| E|CS|TAMS 0x00000000c3800000| PB 0x00000000c3800000| Complete 
|1081|0x00000000c3900000, 0x00000000c3a00000, 0x00000000c3a00000|100%| E|CS|TAMS 0x00000000c3900000| PB 0x00000000c3900000| Complete 
|1082|0x00000000c3a00000, 0x00000000c3b00000, 0x00000000c3b00000|100%| E|CS|TAMS 0x00000000c3a00000| PB 0x00000000c3a00000| Complete 
|1083|0x00000000c3b00000, 0x00000000c3c00000, 0x00000000c3c00000|100%| E|CS|TAMS 0x00000000c3b00000| PB 0x00000000c3b00000| Complete 
|1084|0x00000000c3c00000, 0x00000000c3d00000, 0x00000000c3d00000|100%| E|CS|TAMS 0x00000000c3c00000| PB 0x00000000c3c00000| Complete 
|1085|0x00000000c3d00000, 0x00000000c3e00000, 0x00000000c3e00000|100%| E|CS|TAMS 0x00000000c3d00000| PB 0x00000000c3d00000| Complete 
|1086|0x00000000c3e00000, 0x00000000c3f00000, 0x00000000c3f00000|100%| E|CS|TAMS 0x00000000c3e00000| PB 0x00000000c3e00000| Complete 
|1087|0x00000000c3f00000, 0x00000000c4000000, 0x00000000c4000000|100%| E|CS|TAMS 0x00000000c3f00000| PB 0x00000000c3f00000| Complete 
|1088|0x00000000c4000000, 0x00000000c4100000, 0x00000000c4100000|100%| E|CS|TAMS 0x00000000c4000000| PB 0x00000000c4000000| Complete 
|1089|0x00000000c4100000, 0x00000000c4200000, 0x00000000c4200000|100%| E|CS|TAMS 0x00000000c4100000| PB 0x00000000c4100000| Complete 
|1090|0x00000000c4200000, 0x00000000c4300000, 0x00000000c4300000|100%| E|CS|TAMS 0x00000000c4200000| PB 0x00000000c4200000| Complete 
|1091|0x00000000c4300000, 0x00000000c4400000, 0x00000000c4400000|100%| E|CS|TAMS 0x00000000c4300000| PB 0x00000000c4300000| Complete 
|1092|0x00000000c4400000, 0x00000000c4500000, 0x00000000c4500000|100%| E|CS|TAMS 0x00000000c4400000| PB 0x00000000c4400000| Complete 
|1093|0x00000000c4500000, 0x00000000c4600000, 0x00000000c4600000|100%| E|CS|TAMS 0x00000000c4500000| PB 0x00000000c4500000| Complete 
|1094|0x00000000c4600000, 0x00000000c4700000, 0x00000000c4700000|100%| E|CS|TAMS 0x00000000c4600000| PB 0x00000000c4600000| Complete 
|1095|0x00000000c4700000, 0x00000000c4800000, 0x00000000c4800000|100%| E|CS|TAMS 0x00000000c4700000| PB 0x00000000c4700000| Complete 
|1096|0x00000000c4800000, 0x00000000c4900000, 0x00000000c4900000|100%| E|CS|TAMS 0x00000000c4800000| PB 0x00000000c4800000| Complete 
|1097|0x00000000c4900000, 0x00000000c4a00000, 0x00000000c4a00000|100%| E|CS|TAMS 0x00000000c4900000| PB 0x00000000c4900000| Complete 
|1098|0x00000000c4a00000, 0x00000000c4b00000, 0x00000000c4b00000|100%| E|CS|TAMS 0x00000000c4a00000| PB 0x00000000c4a00000| Complete 
|1099|0x00000000c4b00000, 0x00000000c4c00000, 0x00000000c4c00000|100%| E|CS|TAMS 0x00000000c4b00000| PB 0x00000000c4b00000| Complete 
|1100|0x00000000c4c00000, 0x00000000c4d00000, 0x00000000c4d00000|100%| E|CS|TAMS 0x00000000c4c00000| PB 0x00000000c4c00000| Complete 
|1101|0x00000000c4d00000, 0x00000000c4e00000, 0x00000000c4e00000|100%| E|CS|TAMS 0x00000000c4d00000| PB 0x00000000c4d00000| Complete 
|1102|0x00000000c4e00000, 0x00000000c4f00000, 0x00000000c4f00000|100%| E|CS|TAMS 0x00000000c4e00000| PB 0x00000000c4e00000| Complete 
|1103|0x00000000c4f00000, 0x00000000c5000000, 0x00000000c5000000|100%| E|CS|TAMS 0x00000000c4f00000| PB 0x00000000c4f00000| Complete 
|1104|0x00000000c5000000, 0x00000000c5100000, 0x00000000c5100000|100%| E|CS|TAMS 0x00000000c5000000| PB 0x00000000c5000000| Complete 
|1105|0x00000000c5100000, 0x00000000c5200000, 0x00000000c5200000|100%| E|CS|TAMS 0x00000000c5100000| PB 0x00000000c5100000| Complete 
|1106|0x00000000c5200000, 0x00000000c5300000, 0x00000000c5300000|100%| E|CS|TAMS 0x00000000c5200000| PB 0x00000000c5200000| Complete 
|1107|0x00000000c5300000, 0x00000000c5400000, 0x00000000c5400000|100%| E|CS|TAMS 0x00000000c5300000| PB 0x00000000c5300000| Complete 
|1108|0x00000000c5400000, 0x00000000c5500000, 0x00000000c5500000|100%| E|CS|TAMS 0x00000000c5400000| PB 0x00000000c5400000| Complete 
|1109|0x00000000c5500000, 0x00000000c5600000, 0x00000000c5600000|100%| E|CS|TAMS 0x00000000c5500000| PB 0x00000000c5500000| Complete 
|1110|0x00000000c5600000, 0x00000000c5700000, 0x00000000c5700000|100%| E|CS|TAMS 0x00000000c5600000| PB 0x00000000c5600000| Complete 
|1111|0x00000000c5700000, 0x00000000c5800000, 0x00000000c5800000|100%| E|CS|TAMS 0x00000000c5700000| PB 0x00000000c5700000| Complete 
|1112|0x00000000c5800000, 0x00000000c5900000, 0x00000000c5900000|100%| E|CS|TAMS 0x00000000c5800000| PB 0x00000000c5800000| Complete 
|1113|0x00000000c5900000, 0x00000000c5a00000, 0x00000000c5a00000|100%| E|CS|TAMS 0x00000000c5900000| PB 0x00000000c5900000| Complete 
|1114|0x00000000c5a00000, 0x00000000c5b00000, 0x00000000c5b00000|100%| E|CS|TAMS 0x00000000c5a00000| PB 0x00000000c5a00000| Complete 
|1115|0x00000000c5b00000, 0x00000000c5c00000, 0x00000000c5c00000|100%| E|CS|TAMS 0x00000000c5b00000| PB 0x00000000c5b00000| Complete 
|1116|0x00000000c5c00000, 0x00000000c5d00000, 0x00000000c5d00000|100%| E|CS|TAMS 0x00000000c5c00000| PB 0x00000000c5c00000| Complete 
|1117|0x00000000c5d00000, 0x00000000c5e00000, 0x00000000c5e00000|100%| E|CS|TAMS 0x00000000c5d00000| PB 0x00000000c5d00000| Complete 
|1118|0x00000000c5e00000, 0x00000000c5f00000, 0x00000000c5f00000|100%| E|CS|TAMS 0x00000000c5e00000| PB 0x00000000c5e00000| Complete 
|1119|0x00000000c5f00000, 0x00000000c6000000, 0x00000000c6000000|100%| E|CS|TAMS 0x00000000c5f00000| PB 0x00000000c5f00000| Complete 
|1120|0x00000000c6000000, 0x00000000c6100000, 0x00000000c6100000|100%| E|CS|TAMS 0x00000000c6000000| PB 0x00000000c6000000| Complete 
|1121|0x00000000c6100000, 0x00000000c6200000, 0x00000000c6200000|100%| E|CS|TAMS 0x00000000c6100000| PB 0x00000000c6100000| Complete 
|1122|0x00000000c6200000, 0x00000000c6300000, 0x00000000c6300000|100%| E|CS|TAMS 0x00000000c6200000| PB 0x00000000c6200000| Complete 
|1123|0x00000000c6300000, 0x00000000c6400000, 0x00000000c6400000|100%| E|CS|TAMS 0x00000000c6300000| PB 0x00000000c6300000| Complete 
|1124|0x00000000c6400000, 0x00000000c6500000, 0x00000000c6500000|100%| E|CS|TAMS 0x00000000c6400000| PB 0x00000000c6400000| Complete 
|1125|0x00000000c6500000, 0x00000000c6600000, 0x00000000c6600000|100%| E|CS|TAMS 0x00000000c6500000| PB 0x00000000c6500000| Complete 
|1126|0x00000000c6600000, 0x00000000c6700000, 0x00000000c6700000|100%| S|CS|TAMS 0x00000000c6600000| PB 0x00000000c6600000| Complete 
|1127|0x00000000c6700000, 0x00000000c6800000, 0x00000000c6800000|100%| S|CS|TAMS 0x00000000c6700000| PB 0x00000000c6700000| Complete 
|1128|0x00000000c6800000, 0x00000000c6900000, 0x00000000c6900000|100%| S|CS|TAMS 0x00000000c6800000| PB 0x00000000c6800000| Complete 
|1129|0x00000000c6900000, 0x00000000c6a00000, 0x00000000c6a00000|100%| S|CS|TAMS 0x00000000c6900000| PB 0x00000000c6900000| Complete 
|1130|0x00000000c6a00000, 0x00000000c6b00000, 0x00000000c6b00000|100%| S|CS|TAMS 0x00000000c6a00000| PB 0x00000000c6a00000| Complete 
|1131|0x00000000c6b00000, 0x00000000c6c00000, 0x00000000c6c00000|100%| S|CS|TAMS 0x00000000c6b00000| PB 0x00000000c6b00000| Complete 
|1132|0x00000000c6c00000, 0x00000000c6d00000, 0x00000000c6d00000|100%| S|CS|TAMS 0x00000000c6c00000| PB 0x00000000c6c00000| Complete 
|1133|0x00000000c6d00000, 0x00000000c6e00000, 0x00000000c6e00000|100%| S|CS|TAMS 0x00000000c6d00000| PB 0x00000000c6d00000| Complete 
|1134|0x00000000c6e00000, 0x00000000c6f00000, 0x00000000c6f00000|100%| S|CS|TAMS 0x00000000c6e00000| PB 0x00000000c6e00000| Complete 
|1135|0x00000000c6f00000, 0x00000000c7000000, 0x00000000c7000000|100%| S|CS|TAMS 0x00000000c6f00000| PB 0x00000000c6f00000| Complete 
|1136|0x00000000c7000000, 0x00000000c7100000, 0x00000000c7100000|100%| S|CS|TAMS 0x00000000c7000000| PB 0x00000000c7000000| Complete 
|1137|0x00000000c7100000, 0x00000000c7200000, 0x00000000c7200000|100%| S|CS|TAMS 0x00000000c7100000| PB 0x00000000c7100000| Complete 
|1138|0x00000000c7200000, 0x00000000c7300000, 0x00000000c7300000|100%| S|CS|TAMS 0x00000000c7200000| PB 0x00000000c7200000| Complete 
|1139|0x00000000c7300000, 0x00000000c7400000, 0x00000000c7400000|100%| S|CS|TAMS 0x00000000c7300000| PB 0x00000000c7300000| Complete 
|1140|0x00000000c7400000, 0x00000000c7500000, 0x00000000c7500000|100%| S|CS|TAMS 0x00000000c7400000| PB 0x00000000c7400000| Complete 
|1141|0x00000000c7500000, 0x00000000c7600000, 0x00000000c7600000|100%| S|CS|TAMS 0x00000000c7500000| PB 0x00000000c7500000| Complete 
|1142|0x00000000c7600000, 0x00000000c7700000, 0x00000000c7700000|100%| S|CS|TAMS 0x00000000c7600000| PB 0x00000000c7600000| Complete 
|1143|0x00000000c7700000, 0x00000000c7800000, 0x00000000c7800000|100%| S|CS|TAMS 0x00000000c7700000| PB 0x00000000c7700000| Complete 
|1144|0x00000000c7800000, 0x00000000c7900000, 0x00000000c7900000|100%| S|CS|TAMS 0x00000000c7800000| PB 0x00000000c7800000| Complete 
|1145|0x00000000c7900000, 0x00000000c7a00000, 0x00000000c7a00000|100%| S|CS|TAMS 0x00000000c7900000| PB 0x00000000c7900000| Complete 
|1146|0x00000000c7a00000, 0x00000000c7b00000, 0x00000000c7b00000|100%| S|CS|TAMS 0x00000000c7a00000| PB 0x00000000c7a00000| Complete 
|1147|0x00000000c7b00000, 0x00000000c7c00000, 0x00000000c7c00000|100%| S|CS|TAMS 0x00000000c7b00000| PB 0x00000000c7b00000| Complete 
|1148|0x00000000c7c00000, 0x00000000c7d00000, 0x00000000c7d00000|100%| S|CS|TAMS 0x00000000c7c00000| PB 0x00000000c7c00000| Complete 
|1149|0x00000000c7d00000, 0x00000000c7e00000, 0x00000000c7e00000|100%| S|CS|TAMS 0x00000000c7d00000| PB 0x00000000c7d00000| Complete 
|1150|0x00000000c7e00000, 0x00000000c7f00000, 0x00000000c7f00000|100%| E|CS|TAMS 0x00000000c7e00000| PB 0x00000000c7e00000| Complete 
|1151|0x00000000c7f00000, 0x00000000c8000000, 0x00000000c8000000|100%| E|CS|TAMS 0x00000000c7f00000| PB 0x00000000c7f00000| Complete 
|1152|0x00000000c8000000, 0x00000000c8100000, 0x00000000c8100000|100%| E|CS|TAMS 0x00000000c8000000| PB 0x00000000c8000000| Complete 
|1153|0x00000000c8100000, 0x00000000c8200000, 0x00000000c8200000|100%| E|CS|TAMS 0x00000000c8100000| PB 0x00000000c8100000| Complete 
|1154|0x00000000c8200000, 0x00000000c8300000, 0x00000000c8300000|100%| E|CS|TAMS 0x00000000c8200000| PB 0x00000000c8200000| Complete 
|1155|0x00000000c8300000, 0x00000000c8400000, 0x00000000c8400000|100%| E|CS|TAMS 0x00000000c8300000| PB 0x00000000c8300000| Complete 
|1156|0x00000000c8400000, 0x00000000c8500000, 0x00000000c8500000|100%| E|CS|TAMS 0x00000000c8400000| PB 0x00000000c8400000| Complete 
|1157|0x00000000c8500000, 0x00000000c8600000, 0x00000000c8600000|100%| E|CS|TAMS 0x00000000c8500000| PB 0x00000000c8500000| Complete 
|1158|0x00000000c8600000, 0x00000000c8700000, 0x00000000c8700000|100%| E|CS|TAMS 0x00000000c8600000| PB 0x00000000c8600000| Complete 
|1159|0x00000000c8700000, 0x00000000c8800000, 0x00000000c8800000|100%| E|CS|TAMS 0x00000000c8700000| PB 0x00000000c8700000| Complete 
|1160|0x00000000c8800000, 0x00000000c8900000, 0x00000000c8900000|100%| E|CS|TAMS 0x00000000c8800000| PB 0x00000000c8800000| Complete 
|1161|0x00000000c8900000, 0x00000000c8a00000, 0x00000000c8a00000|100%| E|CS|TAMS 0x00000000c8900000| PB 0x00000000c8900000| Complete 
|1162|0x00000000c8a00000, 0x00000000c8b00000, 0x00000000c8b00000|100%| E|CS|TAMS 0x00000000c8a00000| PB 0x00000000c8a00000| Complete 
|1163|0x00000000c8b00000, 0x00000000c8c00000, 0x00000000c8c00000|100%| E|CS|TAMS 0x00000000c8b00000| PB 0x00000000c8b00000| Complete 
|1164|0x00000000c8c00000, 0x00000000c8d00000, 0x00000000c8d00000|100%| E|CS|TAMS 0x00000000c8c00000| PB 0x00000000c8c00000| Complete 
|1165|0x00000000c8d00000, 0x00000000c8e00000, 0x00000000c8e00000|100%| E|CS|TAMS 0x00000000c8d00000| PB 0x00000000c8d00000| Complete 
|1166|0x00000000c8e00000, 0x00000000c8f00000, 0x00000000c8f00000|100%| E|CS|TAMS 0x00000000c8e00000| PB 0x00000000c8e00000| Complete 
|1167|0x00000000c8f00000, 0x00000000c9000000, 0x00000000c9000000|100%| E|CS|TAMS 0x00000000c8f00000| PB 0x00000000c8f00000| Complete 
|1168|0x00000000c9000000, 0x00000000c9100000, 0x00000000c9100000|100%| E|CS|TAMS 0x00000000c9000000| PB 0x00000000c9000000| Complete 
|1169|0x00000000c9100000, 0x00000000c9200000, 0x00000000c9200000|100%| E|CS|TAMS 0x00000000c9100000| PB 0x00000000c9100000| Complete 
|1170|0x00000000c9200000, 0x00000000c9300000, 0x00000000c9300000|100%| E|CS|TAMS 0x00000000c9200000| PB 0x00000000c9200000| Complete 
|1171|0x00000000c9300000, 0x00000000c9400000, 0x00000000c9400000|100%| E|CS|TAMS 0x00000000c9300000| PB 0x00000000c9300000| Complete 
|1172|0x00000000c9400000, 0x00000000c9500000, 0x00000000c9500000|100%| E|CS|TAMS 0x00000000c9400000| PB 0x00000000c9400000| Complete 
|1173|0x00000000c9500000, 0x00000000c9600000, 0x00000000c9600000|100%| E|CS|TAMS 0x00000000c9500000| PB 0x00000000c9500000| Complete 
|1174|0x00000000c9600000, 0x00000000c9700000, 0x00000000c9700000|100%| E|CS|TAMS 0x00000000c9600000| PB 0x00000000c9600000| Complete 
|1175|0x00000000c9700000, 0x00000000c9800000, 0x00000000c9800000|100%| E|CS|TAMS 0x00000000c9700000| PB 0x00000000c9700000| Complete 
|1176|0x00000000c9800000, 0x00000000c9900000, 0x00000000c9900000|100%| E|CS|TAMS 0x00000000c9800000| PB 0x00000000c9800000| Complete 
|1177|0x00000000c9900000, 0x00000000c9a00000, 0x00000000c9a00000|100%| E|CS|TAMS 0x00000000c9900000| PB 0x00000000c9900000| Complete 
|1178|0x00000000c9a00000, 0x00000000c9b00000, 0x00000000c9b00000|100%| E|CS|TAMS 0x00000000c9a00000| PB 0x00000000c9a00000| Complete 
|1179|0x00000000c9b00000, 0x00000000c9c00000, 0x00000000c9c00000|100%| E|CS|TAMS 0x00000000c9b00000| PB 0x00000000c9b00000| Complete 
|1180|0x00000000c9c00000, 0x00000000c9d00000, 0x00000000c9d00000|100%| E|CS|TAMS 0x00000000c9c00000| PB 0x00000000c9c00000| Complete 
|1181|0x00000000c9d00000, 0x00000000c9e00000, 0x00000000c9e00000|100%| E|CS|TAMS 0x00000000c9d00000| PB 0x00000000c9d00000| Complete 
|1182|0x00000000c9e00000, 0x00000000c9f00000, 0x00000000c9f00000|100%| E|CS|TAMS 0x00000000c9e00000| PB 0x00000000c9e00000| Complete 
|1183|0x00000000c9f00000, 0x00000000ca000000, 0x00000000ca000000|100%| E|CS|TAMS 0x00000000c9f00000| PB 0x00000000c9f00000| Complete 
|1184|0x00000000ca000000, 0x00000000ca100000, 0x00000000ca100000|100%| E|CS|TAMS 0x00000000ca000000| PB 0x00000000ca000000| Complete 
|1185|0x00000000ca100000, 0x00000000ca200000, 0x00000000ca200000|100%| E|CS|TAMS 0x00000000ca100000| PB 0x00000000ca100000| Complete 
|1186|0x00000000ca200000, 0x00000000ca300000, 0x00000000ca300000|100%| E|CS|TAMS 0x00000000ca200000| PB 0x00000000ca200000| Complete 
|1187|0x00000000ca300000, 0x00000000ca400000, 0x00000000ca400000|100%| E|CS|TAMS 0x00000000ca300000| PB 0x00000000ca300000| Complete 
|1188|0x00000000ca400000, 0x00000000ca500000, 0x00000000ca500000|100%| E|CS|TAMS 0x00000000ca400000| PB 0x00000000ca400000| Complete 
|1189|0x00000000ca500000, 0x00000000ca600000, 0x00000000ca600000|100%| E|CS|TAMS 0x00000000ca500000| PB 0x00000000ca500000| Complete 
|1190|0x00000000ca600000, 0x00000000ca700000, 0x00000000ca700000|100%| E|CS|TAMS 0x00000000ca600000| PB 0x00000000ca600000| Complete 
|1191|0x00000000ca700000, 0x00000000ca800000, 0x00000000ca800000|100%| E|CS|TAMS 0x00000000ca700000| PB 0x00000000ca700000| Complete 
|1192|0x00000000ca800000, 0x00000000ca900000, 0x00000000ca900000|100%| E|CS|TAMS 0x00000000ca800000| PB 0x00000000ca800000| Complete 
|1193|0x00000000ca900000, 0x00000000caa00000, 0x00000000caa00000|100%| E|CS|TAMS 0x00000000ca900000| PB 0x00000000ca900000| Complete 
|1194|0x00000000caa00000, 0x00000000cab00000, 0x00000000cab00000|100%| E|CS|TAMS 0x00000000caa00000| PB 0x00000000caa00000| Complete 
|1195|0x00000000cab00000, 0x00000000cac00000, 0x00000000cac00000|100%| E|CS|TAMS 0x00000000cab00000| PB 0x00000000cab00000| Complete 
|1196|0x00000000cac00000, 0x00000000cad00000, 0x00000000cad00000|100%| E|CS|TAMS 0x00000000cac00000| PB 0x00000000cac00000| Complete 
|1197|0x00000000cad00000, 0x00000000cae00000, 0x00000000cae00000|100%| E|CS|TAMS 0x00000000cad00000| PB 0x00000000cad00000| Complete 
|1198|0x00000000cae00000, 0x00000000caf00000, 0x00000000caf00000|100%| E|CS|TAMS 0x00000000cae00000| PB 0x00000000cae00000| Complete 
|1199|0x00000000caf00000, 0x00000000cb000000, 0x00000000cb000000|100%| E|CS|TAMS 0x00000000caf00000| PB 0x00000000caf00000| Complete 
|1200|0x00000000cb000000, 0x00000000cb100000, 0x00000000cb100000|100%| E|CS|TAMS 0x00000000cb000000| PB 0x00000000cb000000| Complete 
|1201|0x00000000cb100000, 0x00000000cb200000, 0x00000000cb200000|100%| E|CS|TAMS 0x00000000cb100000| PB 0x00000000cb100000| Complete 
|1202|0x00000000cb200000, 0x00000000cb300000, 0x00000000cb300000|100%| E|CS|TAMS 0x00000000cb200000| PB 0x00000000cb200000| Complete 
|1203|0x00000000cb300000, 0x00000000cb400000, 0x00000000cb400000|100%| E|CS|TAMS 0x00000000cb300000| PB 0x00000000cb300000| Complete 
|1204|0x00000000cb400000, 0x00000000cb500000, 0x00000000cb500000|100%| E|CS|TAMS 0x00000000cb400000| PB 0x00000000cb400000| Complete 
|1205|0x00000000cb500000, 0x00000000cb600000, 0x00000000cb600000|100%| E|CS|TAMS 0x00000000cb500000| PB 0x00000000cb500000| Complete 
|1206|0x00000000cb600000, 0x00000000cb700000, 0x00000000cb700000|100%| E|CS|TAMS 0x00000000cb600000| PB 0x00000000cb600000| Complete 
|1207|0x00000000cb700000, 0x00000000cb800000, 0x00000000cb800000|100%| E|CS|TAMS 0x00000000cb700000| PB 0x00000000cb700000| Complete 
|1208|0x00000000cb800000, 0x00000000cb900000, 0x00000000cb900000|100%| E|CS|TAMS 0x00000000cb800000| PB 0x00000000cb800000| Complete 
|1209|0x00000000cb900000, 0x00000000cba00000, 0x00000000cba00000|100%| E|CS|TAMS 0x00000000cb900000| PB 0x00000000cb900000| Complete 
|1210|0x00000000cba00000, 0x00000000cbb00000, 0x00000000cbb00000|100%| E|CS|TAMS 0x00000000cba00000| PB 0x00000000cba00000| Complete 
|1211|0x00000000cbb00000, 0x00000000cbc00000, 0x00000000cbc00000|100%| E|CS|TAMS 0x00000000cbb00000| PB 0x00000000cbb00000| Complete 
|1212|0x00000000cbc00000, 0x00000000cbd00000, 0x00000000cbd00000|100%| E|CS|TAMS 0x00000000cbc00000| PB 0x00000000cbc00000| Complete 
|1213|0x00000000cbd00000, 0x00000000cbe00000, 0x00000000cbe00000|100%| E|CS|TAMS 0x00000000cbd00000| PB 0x00000000cbd00000| Complete 
|1214|0x00000000cbe00000, 0x00000000cbf00000, 0x00000000cbf00000|100%| E|CS|TAMS 0x00000000cbe00000| PB 0x00000000cbe00000| Complete 
|1215|0x00000000cbf00000, 0x00000000cc000000, 0x00000000cc000000|100%| E|CS|TAMS 0x00000000cbf00000| PB 0x00000000cbf00000| Complete 
|1216|0x00000000cc000000, 0x00000000cc100000, 0x00000000cc100000|100%| E|CS|TAMS 0x00000000cc000000| PB 0x00000000cc000000| Complete 
|1217|0x00000000cc100000, 0x00000000cc200000, 0x00000000cc200000|100%| E|CS|TAMS 0x00000000cc100000| PB 0x00000000cc100000| Complete 
|1218|0x00000000cc200000, 0x00000000cc300000, 0x00000000cc300000|100%| E|CS|TAMS 0x00000000cc200000| PB 0x00000000cc200000| Complete 
|1219|0x00000000cc300000, 0x00000000cc400000, 0x00000000cc400000|100%| E|CS|TAMS 0x00000000cc300000| PB 0x00000000cc300000| Complete 
|1220|0x00000000cc400000, 0x00000000cc500000, 0x00000000cc500000|100%| E|CS|TAMS 0x00000000cc400000| PB 0x00000000cc400000| Complete 
|1221|0x00000000cc500000, 0x00000000cc600000, 0x00000000cc600000|100%| E|CS|TAMS 0x00000000cc500000| PB 0x00000000cc500000| Complete 
|1222|0x00000000cc600000, 0x00000000cc700000, 0x00000000cc700000|100%| E|CS|TAMS 0x00000000cc600000| PB 0x00000000cc600000| Complete 
|1223|0x00000000cc700000, 0x00000000cc800000, 0x00000000cc800000|100%| E|CS|TAMS 0x00000000cc700000| PB 0x00000000cc700000| Complete 
|1224|0x00000000cc800000, 0x00000000cc900000, 0x00000000cc900000|100%| E|CS|TAMS 0x00000000cc800000| PB 0x00000000cc800000| Complete 
|1225|0x00000000cc900000, 0x00000000cca00000, 0x00000000cca00000|100%| E|CS|TAMS 0x00000000cc900000| PB 0x00000000cc900000| Complete 
|1226|0x00000000cca00000, 0x00000000ccb00000, 0x00000000ccb00000|100%| E|CS|TAMS 0x00000000cca00000| PB 0x00000000cca00000| Complete 
|1227|0x00000000ccb00000, 0x00000000ccc00000, 0x00000000ccc00000|100%| E|CS|TAMS 0x00000000ccb00000| PB 0x00000000ccb00000| Complete 
|1228|0x00000000ccc00000, 0x00000000ccd00000, 0x00000000ccd00000|100%| E|CS|TAMS 0x00000000ccc00000| PB 0x00000000ccc00000| Complete 
|1229|0x00000000ccd00000, 0x00000000cce00000, 0x00000000cce00000|100%| E|CS|TAMS 0x00000000ccd00000| PB 0x00000000ccd00000| Complete 
|1230|0x00000000cce00000, 0x00000000ccf00000, 0x00000000ccf00000|100%| E|CS|TAMS 0x00000000cce00000| PB 0x00000000cce00000| Complete 
|1231|0x00000000ccf00000, 0x00000000cd000000, 0x00000000cd000000|100%| E|CS|TAMS 0x00000000ccf00000| PB 0x00000000ccf00000| Complete 
|1232|0x00000000cd000000, 0x00000000cd100000, 0x00000000cd100000|100%| E|CS|TAMS 0x00000000cd000000| PB 0x00000000cd000000| Complete 
|1233|0x00000000cd100000, 0x00000000cd200000, 0x00000000cd200000|100%| E|CS|TAMS 0x00000000cd100000| PB 0x00000000cd100000| Complete 
|1234|0x00000000cd200000, 0x00000000cd300000, 0x00000000cd300000|100%| E|CS|TAMS 0x00000000cd200000| PB 0x00000000cd200000| Complete 
|1235|0x00000000cd300000, 0x00000000cd400000, 0x00000000cd400000|100%| E|CS|TAMS 0x00000000cd300000| PB 0x00000000cd300000| Complete 
|1236|0x00000000cd400000, 0x00000000cd500000, 0x00000000cd500000|100%| E|CS|TAMS 0x00000000cd400000| PB 0x00000000cd400000| Complete 
|1237|0x00000000cd500000, 0x00000000cd600000, 0x00000000cd600000|100%| E|CS|TAMS 0x00000000cd500000| PB 0x00000000cd500000| Complete 
|1238|0x00000000cd600000, 0x00000000cd700000, 0x00000000cd700000|100%| E|CS|TAMS 0x00000000cd600000| PB 0x00000000cd600000| Complete 
|1239|0x00000000cd700000, 0x00000000cd800000, 0x00000000cd800000|100%| E|CS|TAMS 0x00000000cd700000| PB 0x00000000cd700000| Complete 
|1240|0x00000000cd800000, 0x00000000cd900000, 0x00000000cd900000|100%| E|CS|TAMS 0x00000000cd800000| PB 0x00000000cd800000| Complete 
|1241|0x00000000cd900000, 0x00000000cda00000, 0x00000000cda00000|100%| E|CS|TAMS 0x00000000cd900000| PB 0x00000000cd900000| Complete 
|1242|0x00000000cda00000, 0x00000000cdb00000, 0x00000000cdb00000|100%| E|CS|TAMS 0x00000000cda00000| PB 0x00000000cda00000| Complete 
|1243|0x00000000cdb00000, 0x00000000cdc00000, 0x00000000cdc00000|100%| E|CS|TAMS 0x00000000cdb00000| PB 0x00000000cdb00000| Complete 
|1244|0x00000000cdc00000, 0x00000000cdd00000, 0x00000000cdd00000|100%| E|CS|TAMS 0x00000000cdc00000| PB 0x00000000cdc00000| Complete 
|1245|0x00000000cdd00000, 0x00000000cde00000, 0x00000000cde00000|100%| E|CS|TAMS 0x00000000cdd00000| PB 0x00000000cdd00000| Complete 
|1246|0x00000000cde00000, 0x00000000cdf00000, 0x00000000cdf00000|100%| E|CS|TAMS 0x00000000cde00000| PB 0x00000000cde00000| Complete 
|1247|0x00000000cdf00000, 0x00000000ce000000, 0x00000000ce000000|100%| E|CS|TAMS 0x00000000cdf00000| PB 0x00000000cdf00000| Complete 
|1248|0x00000000ce000000, 0x00000000ce100000, 0x00000000ce100000|100%| E|CS|TAMS 0x00000000ce000000| PB 0x00000000ce000000| Complete 
|1249|0x00000000ce100000, 0x00000000ce200000, 0x00000000ce200000|100%| E|CS|TAMS 0x00000000ce100000| PB 0x00000000ce100000| Complete 
|1250|0x00000000ce200000, 0x00000000ce300000, 0x00000000ce300000|100%| E|CS|TAMS 0x00000000ce200000| PB 0x00000000ce200000| Complete 
|1251|0x00000000ce300000, 0x00000000ce400000, 0x00000000ce400000|100%| E|CS|TAMS 0x00000000ce300000| PB 0x00000000ce300000| Complete 
|1252|0x00000000ce400000, 0x00000000ce500000, 0x00000000ce500000|100%| E|CS|TAMS 0x00000000ce400000| PB 0x00000000ce400000| Complete 
|1253|0x00000000ce500000, 0x00000000ce600000, 0x00000000ce600000|100%| E|CS|TAMS 0x00000000ce500000| PB 0x00000000ce500000| Complete 
|1254|0x00000000ce600000, 0x00000000ce700000, 0x00000000ce700000|100%| E|CS|TAMS 0x00000000ce600000| PB 0x00000000ce600000| Complete 
|1255|0x00000000ce700000, 0x00000000ce800000, 0x00000000ce800000|100%| E|CS|TAMS 0x00000000ce700000| PB 0x00000000ce700000| Complete 
|1256|0x00000000ce800000, 0x00000000ce900000, 0x00000000ce900000|100%| E|CS|TAMS 0x00000000ce800000| PB 0x00000000ce800000| Complete 
|1257|0x00000000ce900000, 0x00000000cea00000, 0x00000000cea00000|100%| E|CS|TAMS 0x00000000ce900000| PB 0x00000000ce900000| Complete 
|1258|0x00000000cea00000, 0x00000000ceb00000, 0x00000000ceb00000|100%| E|CS|TAMS 0x00000000cea00000| PB 0x00000000cea00000| Complete 
|1259|0x00000000ceb00000, 0x00000000cec00000, 0x00000000cec00000|100%| E|CS|TAMS 0x00000000ceb00000| PB 0x00000000ceb00000| Complete 
|1260|0x00000000cec00000, 0x00000000ced00000, 0x00000000ced00000|100%| E|CS|TAMS 0x00000000cec00000| PB 0x00000000cec00000| Complete 
|1261|0x00000000ced00000, 0x00000000cee00000, 0x00000000cee00000|100%| E|CS|TAMS 0x00000000ced00000| PB 0x00000000ced00000| Complete 
|1262|0x00000000cee00000, 0x00000000cef00000, 0x00000000cef00000|100%| E|CS|TAMS 0x00000000cee00000| PB 0x00000000cee00000| Complete 
|1263|0x00000000cef00000, 0x00000000cf000000, 0x00000000cf000000|100%| E|CS|TAMS 0x00000000cef00000| PB 0x00000000cef00000| Complete 
|1264|0x00000000cf000000, 0x00000000cf100000, 0x00000000cf100000|100%| E|CS|TAMS 0x00000000cf000000| PB 0x00000000cf000000| Complete 
|1265|0x00000000cf100000, 0x00000000cf200000, 0x00000000cf200000|100%| E|CS|TAMS 0x00000000cf100000| PB 0x00000000cf100000| Complete 
|1266|0x00000000cf200000, 0x00000000cf300000, 0x00000000cf300000|100%| E|CS|TAMS 0x00000000cf200000| PB 0x00000000cf200000| Complete 
|1267|0x00000000cf300000, 0x00000000cf400000, 0x00000000cf400000|100%| E|CS|TAMS 0x00000000cf300000| PB 0x00000000cf300000| Complete 
|1268|0x00000000cf400000, 0x00000000cf500000, 0x00000000cf500000|100%| E|CS|TAMS 0x00000000cf400000| PB 0x00000000cf400000| Complete 
|1269|0x00000000cf500000, 0x00000000cf600000, 0x00000000cf600000|100%| E|CS|TAMS 0x00000000cf500000| PB 0x00000000cf500000| Complete 
|1270|0x00000000cf600000, 0x00000000cf700000, 0x00000000cf700000|100%| E|CS|TAMS 0x00000000cf600000| PB 0x00000000cf600000| Complete 
|1271|0x00000000cf700000, 0x00000000cf800000, 0x00000000cf800000|100%| E|CS|TAMS 0x00000000cf700000| PB 0x00000000cf700000| Complete 
|1272|0x00000000cf800000, 0x00000000cf900000, 0x00000000cf900000|100%| E|CS|TAMS 0x00000000cf800000| PB 0x00000000cf800000| Complete 
|1273|0x00000000cf900000, 0x00000000cfa00000, 0x00000000cfa00000|100%| E|CS|TAMS 0x00000000cf900000| PB 0x00000000cf900000| Complete 
|1274|0x00000000cfa00000, 0x00000000cfb00000, 0x00000000cfb00000|100%| E|CS|TAMS 0x00000000cfa00000| PB 0x00000000cfa00000| Complete 
|1275|0x00000000cfb00000, 0x00000000cfc00000, 0x00000000cfc00000|100%| E|CS|TAMS 0x00000000cfb00000| PB 0x00000000cfb00000| Complete 
|1276|0x00000000cfc00000, 0x00000000cfd00000, 0x00000000cfd00000|100%| E|CS|TAMS 0x00000000cfc00000| PB 0x00000000cfc00000| Complete 
|1277|0x00000000cfd00000, 0x00000000cfe00000, 0x00000000cfe00000|100%| E|CS|TAMS 0x00000000cfd00000| PB 0x00000000cfd00000| Complete 
|1278|0x00000000cfe00000, 0x00000000cff00000, 0x00000000cff00000|100%| E|CS|TAMS 0x00000000cfe00000| PB 0x00000000cfe00000| Complete 
|1279|0x00000000cff00000, 0x00000000d0000000, 0x00000000d0000000|100%| E|CS|TAMS 0x00000000cff00000| PB 0x00000000cff00000| Complete 
|1280|0x00000000d0000000, 0x00000000d0100000, 0x00000000d0100000|100%| E|CS|TAMS 0x00000000d0000000| PB 0x00000000d0000000| Complete 
|1281|0x00000000d0100000, 0x00000000d0200000, 0x00000000d0200000|100%| E|CS|TAMS 0x00000000d0100000| PB 0x00000000d0100000| Complete 
|1282|0x00000000d0200000, 0x00000000d0300000, 0x00000000d0300000|100%| E|CS|TAMS 0x00000000d0200000| PB 0x00000000d0200000| Complete 
|1283|0x00000000d0300000, 0x00000000d0400000, 0x00000000d0400000|100%| E|CS|TAMS 0x00000000d0300000| PB 0x00000000d0300000| Complete 
|1284|0x00000000d0400000, 0x00000000d0500000, 0x00000000d0500000|100%| E|CS|TAMS 0x00000000d0400000| PB 0x00000000d0400000| Complete 
|1285|0x00000000d0500000, 0x00000000d0600000, 0x00000000d0600000|100%| E|CS|TAMS 0x00000000d0500000| PB 0x00000000d0500000| Complete 
|1286|0x00000000d0600000, 0x00000000d0700000, 0x00000000d0700000|100%| E|CS|TAMS 0x00000000d0600000| PB 0x00000000d0600000| Complete 
|1287|0x00000000d0700000, 0x00000000d0800000, 0x00000000d0800000|100%| E|CS|TAMS 0x00000000d0700000| PB 0x00000000d0700000| Complete 
|1288|0x00000000d0800000, 0x00000000d0900000, 0x00000000d0900000|100%| E|CS|TAMS 0x00000000d0800000| PB 0x00000000d0800000| Complete 
|1289|0x00000000d0900000, 0x00000000d0a00000, 0x00000000d0a00000|100%| E|CS|TAMS 0x00000000d0900000| PB 0x00000000d0900000| Complete 
|1290|0x00000000d0a00000, 0x00000000d0b00000, 0x00000000d0b00000|100%| E|CS|TAMS 0x00000000d0a00000| PB 0x00000000d0a00000| Complete 
|1291|0x00000000d0b00000, 0x00000000d0c00000, 0x00000000d0c00000|100%| E|CS|TAMS 0x00000000d0b00000| PB 0x00000000d0b00000| Complete 
|1292|0x00000000d0c00000, 0x00000000d0d00000, 0x00000000d0d00000|100%| E|CS|TAMS 0x00000000d0c00000| PB 0x00000000d0c00000| Complete 
|1293|0x00000000d0d00000, 0x00000000d0e00000, 0x00000000d0e00000|100%| E|CS|TAMS 0x00000000d0d00000| PB 0x00000000d0d00000| Complete 
|1294|0x00000000d0e00000, 0x00000000d0f00000, 0x00000000d0f00000|100%| E|CS|TAMS 0x00000000d0e00000| PB 0x00000000d0e00000| Complete 
|1295|0x00000000d0f00000, 0x00000000d1000000, 0x00000000d1000000|100%| E|CS|TAMS 0x00000000d0f00000| PB 0x00000000d0f00000| Complete 
|1296|0x00000000d1000000, 0x00000000d1100000, 0x00000000d1100000|100%| E|CS|TAMS 0x00000000d1000000| PB 0x00000000d1000000| Complete 
|1297|0x00000000d1100000, 0x00000000d1200000, 0x00000000d1200000|100%| E|CS|TAMS 0x00000000d1100000| PB 0x00000000d1100000| Complete 
|1298|0x00000000d1200000, 0x00000000d1300000, 0x00000000d1300000|100%| E|CS|TAMS 0x00000000d1200000| PB 0x00000000d1200000| Complete 
|1299|0x00000000d1300000, 0x00000000d1400000, 0x00000000d1400000|100%| E|CS|TAMS 0x00000000d1300000| PB 0x00000000d1300000| Complete 
|1300|0x00000000d1400000, 0x00000000d1500000, 0x00000000d1500000|100%| E|CS|TAMS 0x00000000d1400000| PB 0x00000000d1400000| Complete 
|1301|0x00000000d1500000, 0x00000000d1600000, 0x00000000d1600000|100%| E|CS|TAMS 0x00000000d1500000| PB 0x00000000d1500000| Complete 
|1302|0x00000000d1600000, 0x00000000d1700000, 0x00000000d1700000|100%| E|CS|TAMS 0x00000000d1600000| PB 0x00000000d1600000| Complete 
|1303|0x00000000d1700000, 0x00000000d1800000, 0x00000000d1800000|100%| E|CS|TAMS 0x00000000d1700000| PB 0x00000000d1700000| Complete 
|1304|0x00000000d1800000, 0x00000000d1900000, 0x00000000d1900000|100%| E|CS|TAMS 0x00000000d1800000| PB 0x00000000d1800000| Complete 
|1305|0x00000000d1900000, 0x00000000d1a00000, 0x00000000d1a00000|100%| E|CS|TAMS 0x00000000d1900000| PB 0x00000000d1900000| Complete 
|1306|0x00000000d1a00000, 0x00000000d1b00000, 0x00000000d1b00000|100%| E|CS|TAMS 0x00000000d1a00000| PB 0x00000000d1a00000| Complete 
|1307|0x00000000d1b00000, 0x00000000d1c00000, 0x00000000d1c00000|100%| E|CS|TAMS 0x00000000d1b00000| PB 0x00000000d1b00000| Complete 
|1308|0x00000000d1c00000, 0x00000000d1d00000, 0x00000000d1d00000|100%| E|CS|TAMS 0x00000000d1c00000| PB 0x00000000d1c00000| Complete 
|1309|0x00000000d1d00000, 0x00000000d1e00000, 0x00000000d1e00000|100%| E|CS|TAMS 0x00000000d1d00000| PB 0x00000000d1d00000| Complete 
|1310|0x00000000d1e00000, 0x00000000d1f00000, 0x00000000d1f00000|100%| E|CS|TAMS 0x00000000d1e00000| PB 0x00000000d1e00000| Complete 
|1311|0x00000000d1f00000, 0x00000000d2000000, 0x00000000d2000000|100%| E|CS|TAMS 0x00000000d1f00000| PB 0x00000000d1f00000| Complete 
|1312|0x00000000d2000000, 0x00000000d2100000, 0x00000000d2100000|100%| E|CS|TAMS 0x00000000d2000000| PB 0x00000000d2000000| Complete 
|1313|0x00000000d2100000, 0x00000000d2200000, 0x00000000d2200000|100%| E|CS|TAMS 0x00000000d2100000| PB 0x00000000d2100000| Complete 
|1314|0x00000000d2200000, 0x00000000d2300000, 0x00000000d2300000|100%| E|CS|TAMS 0x00000000d2200000| PB 0x00000000d2200000| Complete 
|1315|0x00000000d2300000, 0x00000000d2400000, 0x00000000d2400000|100%| E|CS|TAMS 0x00000000d2300000| PB 0x00000000d2300000| Complete 
|1316|0x00000000d2400000, 0x00000000d2500000, 0x00000000d2500000|100%| E|CS|TAMS 0x00000000d2400000| PB 0x00000000d2400000| Complete 
|1317|0x00000000d2500000, 0x00000000d2600000, 0x00000000d2600000|100%| E|CS|TAMS 0x00000000d2500000| PB 0x00000000d2500000| Complete 
|1318|0x00000000d2600000, 0x00000000d2700000, 0x00000000d2700000|100%| E|CS|TAMS 0x00000000d2600000| PB 0x00000000d2600000| Complete 
|1319|0x00000000d2700000, 0x00000000d2800000, 0x00000000d2800000|100%| E|CS|TAMS 0x00000000d2700000| PB 0x00000000d2700000| Complete 
|1320|0x00000000d2800000, 0x00000000d2900000, 0x00000000d2900000|100%| E|CS|TAMS 0x00000000d2800000| PB 0x00000000d2800000| Complete 
|1321|0x00000000d2900000, 0x00000000d2a00000, 0x00000000d2a00000|100%| E|CS|TAMS 0x00000000d2900000| PB 0x00000000d2900000| Complete 
|1322|0x00000000d2a00000, 0x00000000d2b00000, 0x00000000d2b00000|100%| E|CS|TAMS 0x00000000d2a00000| PB 0x00000000d2a00000| Complete 
|1323|0x00000000d2b00000, 0x00000000d2c00000, 0x00000000d2c00000|100%| E|CS|TAMS 0x00000000d2b00000| PB 0x00000000d2b00000| Complete 
|1324|0x00000000d2c00000, 0x00000000d2d00000, 0x00000000d2d00000|100%| E|CS|TAMS 0x00000000d2c00000| PB 0x00000000d2c00000| Complete 
|1325|0x00000000d2d00000, 0x00000000d2e00000, 0x00000000d2e00000|100%| E|CS|TAMS 0x00000000d2d00000| PB 0x00000000d2d00000| Complete 
|1326|0x00000000d2e00000, 0x00000000d2f00000, 0x00000000d2f00000|100%| E|CS|TAMS 0x00000000d2e00000| PB 0x00000000d2e00000| Complete 
|1327|0x00000000d2f00000, 0x00000000d3000000, 0x00000000d3000000|100%| E|CS|TAMS 0x00000000d2f00000| PB 0x00000000d2f00000| Complete 
|1328|0x00000000d3000000, 0x00000000d3100000, 0x00000000d3100000|100%| E|CS|TAMS 0x00000000d3000000| PB 0x00000000d3000000| Complete 
|1329|0x00000000d3100000, 0x00000000d3200000, 0x00000000d3200000|100%| E|CS|TAMS 0x00000000d3100000| PB 0x00000000d3100000| Complete 
|1330|0x00000000d3200000, 0x00000000d3300000, 0x00000000d3300000|100%| E|CS|TAMS 0x00000000d3200000| PB 0x00000000d3200000| Complete 
|1331|0x00000000d3300000, 0x00000000d3400000, 0x00000000d3400000|100%| E|CS|TAMS 0x00000000d3300000| PB 0x00000000d3300000| Complete 
|1332|0x00000000d3400000, 0x00000000d3500000, 0x00000000d3500000|100%| E|CS|TAMS 0x00000000d3400000| PB 0x00000000d3400000| Complete 
|1333|0x00000000d3500000, 0x00000000d3600000, 0x00000000d3600000|100%| E|CS|TAMS 0x00000000d3500000| PB 0x00000000d3500000| Complete 
|1334|0x00000000d3600000, 0x00000000d3700000, 0x00000000d3700000|100%| E|CS|TAMS 0x00000000d3600000| PB 0x00000000d3600000| Complete 
|1335|0x00000000d3700000, 0x00000000d3800000, 0x00000000d3800000|100%| E|CS|TAMS 0x00000000d3700000| PB 0x00000000d3700000| Complete 
|1336|0x00000000d3800000, 0x00000000d3900000, 0x00000000d3900000|100%| E|CS|TAMS 0x00000000d3800000| PB 0x00000000d3800000| Complete 
|1337|0x00000000d3900000, 0x00000000d3a00000, 0x00000000d3a00000|100%| E|CS|TAMS 0x00000000d3900000| PB 0x00000000d3900000| Complete 
|1338|0x00000000d3a00000, 0x00000000d3b00000, 0x00000000d3b00000|100%| E|CS|TAMS 0x00000000d3a00000| PB 0x00000000d3a00000| Complete 
|1339|0x00000000d3b00000, 0x00000000d3c00000, 0x00000000d3c00000|100%| E|CS|TAMS 0x00000000d3b00000| PB 0x00000000d3b00000| Complete 
|1340|0x00000000d3c00000, 0x00000000d3d00000, 0x00000000d3d00000|100%| E|CS|TAMS 0x00000000d3c00000| PB 0x00000000d3c00000| Complete 
|1341|0x00000000d3d00000, 0x00000000d3e00000, 0x00000000d3e00000|100%| E|CS|TAMS 0x00000000d3d00000| PB 0x00000000d3d00000| Complete 
|1342|0x00000000d3e00000, 0x00000000d3f00000, 0x00000000d3f00000|100%| E|CS|TAMS 0x00000000d3e00000| PB 0x00000000d3e00000| Complete 
|1343|0x00000000d3f00000, 0x00000000d4000000, 0x00000000d4000000|100%| E|CS|TAMS 0x00000000d3f00000| PB 0x00000000d3f00000| Complete 
|1344|0x00000000d4000000, 0x00000000d4100000, 0x00000000d4100000|100%| E|CS|TAMS 0x00000000d4000000| PB 0x00000000d4000000| Complete 
|1345|0x00000000d4100000, 0x00000000d4200000, 0x00000000d4200000|100%| E|CS|TAMS 0x00000000d4100000| PB 0x00000000d4100000| Complete 
|1346|0x00000000d4200000, 0x00000000d4300000, 0x00000000d4300000|100%| E|CS|TAMS 0x00000000d4200000| PB 0x00000000d4200000| Complete 
|1347|0x00000000d4300000, 0x00000000d4400000, 0x00000000d4400000|100%| E|CS|TAMS 0x00000000d4300000| PB 0x00000000d4300000| Complete 
|1348|0x00000000d4400000, 0x00000000d4500000, 0x00000000d4500000|100%| E|CS|TAMS 0x00000000d4400000| PB 0x00000000d4400000| Complete 
|1349|0x00000000d4500000, 0x00000000d4600000, 0x00000000d4600000|100%| E|CS|TAMS 0x00000000d4500000| PB 0x00000000d4500000| Complete 
|1350|0x00000000d4600000, 0x00000000d4700000, 0x00000000d4700000|100%| E|CS|TAMS 0x00000000d4600000| PB 0x00000000d4600000| Complete 
|1351|0x00000000d4700000, 0x00000000d4800000, 0x00000000d4800000|100%| E|CS|TAMS 0x00000000d4700000| PB 0x00000000d4700000| Complete 
|1352|0x00000000d4800000, 0x00000000d4900000, 0x00000000d4900000|100%| E|CS|TAMS 0x00000000d4800000| PB 0x00000000d4800000| Complete 
|1353|0x00000000d4900000, 0x00000000d4a00000, 0x00000000d4a00000|100%| E|CS|TAMS 0x00000000d4900000| PB 0x00000000d4900000| Complete 
|1354|0x00000000d4a00000, 0x00000000d4b00000, 0x00000000d4b00000|100%| E|CS|TAMS 0x00000000d4a00000| PB 0x00000000d4a00000| Complete 
|1355|0x00000000d4b00000, 0x00000000d4c00000, 0x00000000d4c00000|100%| E|CS|TAMS 0x00000000d4b00000| PB 0x00000000d4b00000| Complete 
|1356|0x00000000d4c00000, 0x00000000d4d00000, 0x00000000d4d00000|100%| E|CS|TAMS 0x00000000d4c00000| PB 0x00000000d4c00000| Complete 
|1357|0x00000000d4d00000, 0x00000000d4e00000, 0x00000000d4e00000|100%| E|CS|TAMS 0x00000000d4d00000| PB 0x00000000d4d00000| Complete 
|1358|0x00000000d4e00000, 0x00000000d4f00000, 0x00000000d4f00000|100%| E|CS|TAMS 0x00000000d4e00000| PB 0x00000000d4e00000| Complete 
|1359|0x00000000d4f00000, 0x00000000d5000000, 0x00000000d5000000|100%| E|CS|TAMS 0x00000000d4f00000| PB 0x00000000d4f00000| Complete 
|1360|0x00000000d5000000, 0x00000000d5100000, 0x00000000d5100000|100%| E|CS|TAMS 0x00000000d5000000| PB 0x00000000d5000000| Complete 
|1361|0x00000000d5100000, 0x00000000d5200000, 0x00000000d5200000|100%| E|CS|TAMS 0x00000000d5100000| PB 0x00000000d5100000| Complete 
|1362|0x00000000d5200000, 0x00000000d5300000, 0x00000000d5300000|100%| E|CS|TAMS 0x00000000d5200000| PB 0x00000000d5200000| Complete 
|1363|0x00000000d5300000, 0x00000000d5400000, 0x00000000d5400000|100%| E|CS|TAMS 0x00000000d5300000| PB 0x00000000d5300000| Complete 
|1364|0x00000000d5400000, 0x00000000d5500000, 0x00000000d5500000|100%| E|CS|TAMS 0x00000000d5400000| PB 0x00000000d5400000| Complete 
|1365|0x00000000d5500000, 0x00000000d5600000, 0x00000000d5600000|100%| E|CS|TAMS 0x00000000d5500000| PB 0x00000000d5500000| Complete 
|1366|0x00000000d5600000, 0x00000000d5700000, 0x00000000d5700000|100%| E|CS|TAMS 0x00000000d5600000| PB 0x00000000d5600000| Complete 
|1367|0x00000000d5700000, 0x00000000d5800000, 0x00000000d5800000|100%| E|CS|TAMS 0x00000000d5700000| PB 0x00000000d5700000| Complete 
|1368|0x00000000d5800000, 0x00000000d5900000, 0x00000000d5900000|100%| E|CS|TAMS 0x00000000d5800000| PB 0x00000000d5800000| Complete 
|1369|0x00000000d5900000, 0x00000000d5a00000, 0x00000000d5a00000|100%| E|CS|TAMS 0x00000000d5900000| PB 0x00000000d5900000| Complete 
|1370|0x00000000d5a00000, 0x00000000d5b00000, 0x00000000d5b00000|100%| E|CS|TAMS 0x00000000d5a00000| PB 0x00000000d5a00000| Complete 
|1371|0x00000000d5b00000, 0x00000000d5c00000, 0x00000000d5c00000|100%| E|CS|TAMS 0x00000000d5b00000| PB 0x00000000d5b00000| Complete 
|1372|0x00000000d5c00000, 0x00000000d5d00000, 0x00000000d5d00000|100%| E|CS|TAMS 0x00000000d5c00000| PB 0x00000000d5c00000| Complete 
|1373|0x00000000d5d00000, 0x00000000d5e00000, 0x00000000d5e00000|100%| E|CS|TAMS 0x00000000d5d00000| PB 0x00000000d5d00000| Complete 
|1374|0x00000000d5e00000, 0x00000000d5f00000, 0x00000000d5f00000|100%| E|CS|TAMS 0x00000000d5e00000| PB 0x00000000d5e00000| Complete 
|1375|0x00000000d5f00000, 0x00000000d6000000, 0x00000000d6000000|100%| E|CS|TAMS 0x00000000d5f00000| PB 0x00000000d5f00000| Complete 
|1376|0x00000000d6000000, 0x00000000d6100000, 0x00000000d6100000|100%| E|CS|TAMS 0x00000000d6000000| PB 0x00000000d6000000| Complete 
|1377|0x00000000d6100000, 0x00000000d6200000, 0x00000000d6200000|100%| E|CS|TAMS 0x00000000d6100000| PB 0x00000000d6100000| Complete 
|1378|0x00000000d6200000, 0x00000000d6300000, 0x00000000d6300000|100%| E|CS|TAMS 0x00000000d6200000| PB 0x00000000d6200000| Complete 
|1379|0x00000000d6300000, 0x00000000d6400000, 0x00000000d6400000|100%| E|CS|TAMS 0x00000000d6300000| PB 0x00000000d6300000| Complete 
|1380|0x00000000d6400000, 0x00000000d6500000, 0x00000000d6500000|100%| E|CS|TAMS 0x00000000d6400000| PB 0x00000000d6400000| Complete 
|1381|0x00000000d6500000, 0x00000000d6600000, 0x00000000d6600000|100%| E|CS|TAMS 0x00000000d6500000| PB 0x00000000d6500000| Complete 
|1382|0x00000000d6600000, 0x00000000d6700000, 0x00000000d6700000|100%| E|CS|TAMS 0x00000000d6600000| PB 0x00000000d6600000| Complete 
|1383|0x00000000d6700000, 0x00000000d6800000, 0x00000000d6800000|100%| E|CS|TAMS 0x00000000d6700000| PB 0x00000000d6700000| Complete 
|1384|0x00000000d6800000, 0x00000000d6900000, 0x00000000d6900000|100%| E|CS|TAMS 0x00000000d6800000| PB 0x00000000d6800000| Complete 
|1385|0x00000000d6900000, 0x00000000d6a00000, 0x00000000d6a00000|100%| E|CS|TAMS 0x00000000d6900000| PB 0x00000000d6900000| Complete 
|1386|0x00000000d6a00000, 0x00000000d6b00000, 0x00000000d6b00000|100%| E|CS|TAMS 0x00000000d6a00000| PB 0x00000000d6a00000| Complete 
|1387|0x00000000d6b00000, 0x00000000d6c00000, 0x00000000d6c00000|100%| E|CS|TAMS 0x00000000d6b00000| PB 0x00000000d6b00000| Complete 
|1388|0x00000000d6c00000, 0x00000000d6d00000, 0x00000000d6d00000|100%| E|CS|TAMS 0x00000000d6c00000| PB 0x00000000d6c00000| Complete 
|1389|0x00000000d6d00000, 0x00000000d6e00000, 0x00000000d6e00000|100%| E|CS|TAMS 0x00000000d6d00000| PB 0x00000000d6d00000| Complete 
|1390|0x00000000d6e00000, 0x00000000d6f00000, 0x00000000d6f00000|100%| E|CS|TAMS 0x00000000d6e00000| PB 0x00000000d6e00000| Complete 
|1391|0x00000000d6f00000, 0x00000000d7000000, 0x00000000d7000000|100%| E|CS|TAMS 0x00000000d6f00000| PB 0x00000000d6f00000| Complete 
|1392|0x00000000d7000000, 0x00000000d7100000, 0x00000000d7100000|100%| E|CS|TAMS 0x00000000d7000000| PB 0x00000000d7000000| Complete 
|1393|0x00000000d7100000, 0x00000000d7200000, 0x00000000d7200000|100%| E|CS|TAMS 0x00000000d7100000| PB 0x00000000d7100000| Complete 
|1394|0x00000000d7200000, 0x00000000d7300000, 0x00000000d7300000|100%| E|CS|TAMS 0x00000000d7200000| PB 0x00000000d7200000| Complete 
|1395|0x00000000d7300000, 0x00000000d7400000, 0x00000000d7400000|100%| E|CS|TAMS 0x00000000d7300000| PB 0x00000000d7300000| Complete 
|1396|0x00000000d7400000, 0x00000000d7500000, 0x00000000d7500000|100%| E|CS|TAMS 0x00000000d7400000| PB 0x00000000d7400000| Complete 
|1397|0x00000000d7500000, 0x00000000d7600000, 0x00000000d7600000|100%| E|CS|TAMS 0x00000000d7500000| PB 0x00000000d7500000| Complete 
|1398|0x00000000d7600000, 0x00000000d7700000, 0x00000000d7700000|100%| E|CS|TAMS 0x00000000d7600000| PB 0x00000000d7600000| Complete 
|1399|0x00000000d7700000, 0x00000000d7800000, 0x00000000d7800000|100%| E|CS|TAMS 0x00000000d7700000| PB 0x00000000d7700000| Complete 
|1400|0x00000000d7800000, 0x00000000d7900000, 0x00000000d7900000|100%| E|CS|TAMS 0x00000000d7800000| PB 0x00000000d7800000| Complete 
|1401|0x00000000d7900000, 0x00000000d7a00000, 0x00000000d7a00000|100%| E|CS|TAMS 0x00000000d7900000| PB 0x00000000d7900000| Complete 
|1402|0x00000000d7a00000, 0x00000000d7b00000, 0x00000000d7b00000|100%| E|CS|TAMS 0x00000000d7a00000| PB 0x00000000d7a00000| Complete 
|1403|0x00000000d7b00000, 0x00000000d7c00000, 0x00000000d7c00000|100%| E|CS|TAMS 0x00000000d7b00000| PB 0x00000000d7b00000| Complete 
|1404|0x00000000d7c00000, 0x00000000d7d00000, 0x00000000d7d00000|100%| E|CS|TAMS 0x00000000d7c00000| PB 0x00000000d7c00000| Complete 
|1405|0x00000000d7d00000, 0x00000000d7e00000, 0x00000000d7e00000|100%| E|CS|TAMS 0x00000000d7d00000| PB 0x00000000d7d00000| Complete 
|1406|0x00000000d7e00000, 0x00000000d7f00000, 0x00000000d7f00000|100%| E|CS|TAMS 0x00000000d7e00000| PB 0x00000000d7e00000| Complete 
|1407|0x00000000d7f00000, 0x00000000d8000000, 0x00000000d8000000|100%| E|CS|TAMS 0x00000000d7f00000| PB 0x00000000d7f00000| Complete 
|1408|0x00000000d8000000, 0x00000000d8100000, 0x00000000d8100000|100%| E|CS|TAMS 0x00000000d8000000| PB 0x00000000d8000000| Complete 
|1409|0x00000000d8100000, 0x00000000d8200000, 0x00000000d8200000|100%| E|CS|TAMS 0x00000000d8100000| PB 0x00000000d8100000| Complete 
|1410|0x00000000d8200000, 0x00000000d8300000, 0x00000000d8300000|100%| E|CS|TAMS 0x00000000d8200000| PB 0x00000000d8200000| Complete 
|1411|0x00000000d8300000, 0x00000000d8400000, 0x00000000d8400000|100%| E|CS|TAMS 0x00000000d8300000| PB 0x00000000d8300000| Complete 
|1412|0x00000000d8400000, 0x00000000d8500000, 0x00000000d8500000|100%| E|CS|TAMS 0x00000000d8400000| PB 0x00000000d8400000| Complete 
|1413|0x00000000d8500000, 0x00000000d8600000, 0x00000000d8600000|100%| E|CS|TAMS 0x00000000d8500000| PB 0x00000000d8500000| Complete 
|1414|0x00000000d8600000, 0x00000000d8700000, 0x00000000d8700000|100%| E|CS|TAMS 0x00000000d8600000| PB 0x00000000d8600000| Complete 
|1415|0x00000000d8700000, 0x00000000d8800000, 0x00000000d8800000|100%| E|CS|TAMS 0x00000000d8700000| PB 0x00000000d8700000| Complete 
|1416|0x00000000d8800000, 0x00000000d8900000, 0x00000000d8900000|100%| E|CS|TAMS 0x00000000d8800000| PB 0x00000000d8800000| Complete 
|1417|0x00000000d8900000, 0x00000000d8a00000, 0x00000000d8a00000|100%| E|CS|TAMS 0x00000000d8900000| PB 0x00000000d8900000| Complete 
|1418|0x00000000d8a00000, 0x00000000d8b00000, 0x00000000d8b00000|100%| E|CS|TAMS 0x00000000d8a00000| PB 0x00000000d8a00000| Complete 
|1419|0x00000000d8b00000, 0x00000000d8c00000, 0x00000000d8c00000|100%| E|CS|TAMS 0x00000000d8b00000| PB 0x00000000d8b00000| Complete 
|1420|0x00000000d8c00000, 0x00000000d8d00000, 0x00000000d8d00000|100%| E|CS|TAMS 0x00000000d8c00000| PB 0x00000000d8c00000| Complete 
|1421|0x00000000d8d00000, 0x00000000d8e00000, 0x00000000d8e00000|100%| E|CS|TAMS 0x00000000d8d00000| PB 0x00000000d8d00000| Complete 
|1422|0x00000000d8e00000, 0x00000000d8f00000, 0x00000000d8f00000|100%| E|CS|TAMS 0x00000000d8e00000| PB 0x00000000d8e00000| Complete 
|1423|0x00000000d8f00000, 0x00000000d9000000, 0x00000000d9000000|100%| E|CS|TAMS 0x00000000d8f00000| PB 0x00000000d8f00000| Complete 
|1424|0x00000000d9000000, 0x00000000d9100000, 0x00000000d9100000|100%| E|CS|TAMS 0x00000000d9000000| PB 0x00000000d9000000| Complete 
|1425|0x00000000d9100000, 0x00000000d9200000, 0x00000000d9200000|100%| E|CS|TAMS 0x00000000d9100000| PB 0x00000000d9100000| Complete 
|1426|0x00000000d9200000, 0x00000000d9300000, 0x00000000d9300000|100%| E|CS|TAMS 0x00000000d9200000| PB 0x00000000d9200000| Complete 
|1427|0x00000000d9300000, 0x00000000d9400000, 0x00000000d9400000|100%| E|CS|TAMS 0x00000000d9300000| PB 0x00000000d9300000| Complete 
|1428|0x00000000d9400000, 0x00000000d9500000, 0x00000000d9500000|100%| E|CS|TAMS 0x00000000d9400000| PB 0x00000000d9400000| Complete 
|1429|0x00000000d9500000, 0x00000000d9600000, 0x00000000d9600000|100%| E|CS|TAMS 0x00000000d9500000| PB 0x00000000d9500000| Complete 
|1430|0x00000000d9600000, 0x00000000d9700000, 0x00000000d9700000|100%| E|CS|TAMS 0x00000000d9600000| PB 0x00000000d9600000| Complete 
|1431|0x00000000d9700000, 0x00000000d9800000, 0x00000000d9800000|100%| E|CS|TAMS 0x00000000d9700000| PB 0x00000000d9700000| Complete 
|1432|0x00000000d9800000, 0x00000000d9900000, 0x00000000d9900000|100%| E|CS|TAMS 0x00000000d9800000| PB 0x00000000d9800000| Complete 
|1433|0x00000000d9900000, 0x00000000d9a00000, 0x00000000d9a00000|100%| E|CS|TAMS 0x00000000d9900000| PB 0x00000000d9900000| Complete 
|1434|0x00000000d9a00000, 0x00000000d9b00000, 0x00000000d9b00000|100%| E|CS|TAMS 0x00000000d9a00000| PB 0x00000000d9a00000| Complete 
|1435|0x00000000d9b00000, 0x00000000d9c00000, 0x00000000d9c00000|100%| E|CS|TAMS 0x00000000d9b00000| PB 0x00000000d9b00000| Complete 
|1436|0x00000000d9c00000, 0x00000000d9d00000, 0x00000000d9d00000|100%| E|CS|TAMS 0x00000000d9c00000| PB 0x00000000d9c00000| Complete 
|1437|0x00000000d9d00000, 0x00000000d9e00000, 0x00000000d9e00000|100%| E|CS|TAMS 0x00000000d9d00000| PB 0x00000000d9d00000| Complete 
|1958|0x00000000fa600000, 0x00000000fa700000, 0x00000000fa700000|100%| O|Cm|TAMS 0x00000000fa600000| PB 0x00000000fa600000| Complete 
|1959|0x00000000fa700000, 0x00000000fa800000, 0x00000000fa800000|100%| O|Cm|TAMS 0x00000000fa700000| PB 0x00000000fa700000| Complete 
|1960|0x00000000fa800000, 0x00000000fa900000, 0x00000000fa900000|100%| O|Cm|TAMS 0x00000000fa800000| PB 0x00000000fa800000| Complete 
|1961|0x00000000fa900000, 0x00000000faa00000, 0x00000000faa00000|100%| O|Cm|TAMS 0x00000000fa900000| PB 0x00000000fa900000| Complete 
|1962|0x00000000faa00000, 0x00000000fab00000, 0x00000000fab00000|100%| O|Cm|TAMS 0x00000000faa00000| PB 0x00000000faa00000| Complete 
|1963|0x00000000fab00000, 0x00000000fac00000, 0x00000000fac00000|100%| O|Cm|TAMS 0x00000000fab00000| PB 0x00000000fab00000| Complete 
|1964|0x00000000fac00000, 0x00000000fad00000, 0x00000000fad00000|100%| O|  |TAMS 0x00000000fac00000| PB 0x00000000fac00000| Untracked 
|1965|0x00000000fad00000, 0x00000000fae00000, 0x00000000fae00000|100%| O|Cm|TAMS 0x00000000fad00000| PB 0x00000000fad00000| Complete 
|1966|0x00000000fae00000, 0x00000000faf00000, 0x00000000faf00000|100%| O|Cm|TAMS 0x00000000fae00000| PB 0x00000000fae00000| Complete 
|1967|0x00000000faf00000, 0x00000000fb000000, 0x00000000fb000000|100%| O|Cm|TAMS 0x00000000faf00000| PB 0x00000000faf00000| Complete 
|1968|0x00000000fb000000, 0x00000000fb100000, 0x00000000fb100000|100%| O|  |TAMS 0x00000000fb000000| PB 0x00000000fb000000| Untracked 
|1969|0x00000000fb100000, 0x00000000fb200000, 0x00000000fb200000|100%| O|Cm|TAMS 0x00000000fb100000| PB 0x00000000fb100000| Complete 
|1970|0x00000000fb200000, 0x00000000fb300000, 0x00000000fb300000|100%| O|Cm|TAMS 0x00000000fb200000| PB 0x00000000fb200000| Complete 
|1971|0x00000000fb300000, 0x00000000fb400000, 0x00000000fb400000|100%| O|Cm|TAMS 0x00000000fb300000| PB 0x00000000fb300000| Complete 
|1972|0x00000000fb400000, 0x00000000fb500000, 0x00000000fb500000|100%| O|Cm|TAMS 0x00000000fb400000| PB 0x00000000fb400000| Complete 
|1973|0x00000000fb500000, 0x00000000fb600000, 0x00000000fb600000|100%| O|  |TAMS 0x00000000fb500000| PB 0x00000000fb500000| Untracked 
|1974|0x00000000fb600000, 0x00000000fb700000, 0x00000000fb700000|100%| O|Cm|TAMS 0x00000000fb600000| PB 0x00000000fb600000| Complete 
|1975|0x00000000fb700000, 0x00000000fb800000, 0x00000000fb800000|100%| O|  |TAMS 0x00000000fb700000| PB 0x00000000fb700000| Untracked 
|1976|0x00000000fb800000, 0x00000000fb900000, 0x00000000fb900000|100%| O|Cm|TAMS 0x00000000fb800000| PB 0x00000000fb800000| Complete 
|1977|0x00000000fb900000, 0x00000000fba00000, 0x00000000fba00000|100%| O|Cm|TAMS 0x00000000fb900000| PB 0x00000000fb900000| Complete 
|1978|0x00000000fba00000, 0x00000000fbb00000, 0x00000000fbb00000|100%| O|Cm|TAMS 0x00000000fba00000| PB 0x00000000fba00000| Complete 
|1979|0x00000000fbb00000, 0x00000000fbc00000, 0x00000000fbc00000|100%| O|Cm|TAMS 0x00000000fbb00000| PB 0x00000000fbb00000| Complete 
|1980|0x00000000fbc00000, 0x00000000fbd00000, 0x00000000fbd00000|100%| O|  |TAMS 0x00000000fbc00000| PB 0x00000000fbc00000| Untracked 
|1981|0x00000000fbd00000, 0x00000000fbe00000, 0x00000000fbe00000|100%| O|Cm|TAMS 0x00000000fbd00000| PB 0x00000000fbd00000| Complete 
|1982|0x00000000fbe00000, 0x00000000fbf00000, 0x00000000fbf00000|100%| O|Cm|TAMS 0x00000000fbe00000| PB 0x00000000fbe00000| Complete 
|1983|0x00000000fbf00000, 0x00000000fc000000, 0x00000000fc000000|100%| O|Cm|TAMS 0x00000000fbf00000| PB 0x00000000fbf00000| Complete 
|1984|0x00000000fc000000, 0x00000000fc100000, 0x00000000fc100000|100%| O|Cm|TAMS 0x00000000fc000000| PB 0x00000000fc000000| Complete 
|1985|0x00000000fc100000, 0x00000000fc200000, 0x00000000fc200000|100%| O|Cm|TAMS 0x00000000fc100000| PB 0x00000000fc100000| Complete 
|1986|0x00000000fc200000, 0x00000000fc300000, 0x00000000fc300000|100%| O|Cm|TAMS 0x00000000fc200000| PB 0x00000000fc200000| Complete 
|1987|0x00000000fc300000, 0x00000000fc400000, 0x00000000fc400000|100%| O|Cm|TAMS 0x00000000fc300000| PB 0x00000000fc300000| Complete 
|1988|0x00000000fc400000, 0x00000000fc500000, 0x00000000fc500000|100%| O|Cm|TAMS 0x00000000fc400000| PB 0x00000000fc400000| Complete 
|1989|0x00000000fc500000, 0x00000000fc600000, 0x00000000fc600000|100%| O|Cm|TAMS 0x00000000fc500000| PB 0x00000000fc500000| Complete 
|1990|0x00000000fc600000, 0x00000000fc700000, 0x00000000fc700000|100%| O|Cm|TAMS 0x00000000fc600000| PB 0x00000000fc600000| Complete 
|1991|0x00000000fc700000, 0x00000000fc800000, 0x00000000fc800000|100%| O|Cm|TAMS 0x00000000fc700000| PB 0x00000000fc700000| Complete 
|1992|0x00000000fc800000, 0x00000000fc900000, 0x00000000fc900000|100%| O|Cm|TAMS 0x00000000fc800000| PB 0x00000000fc800000| Complete 
|1993|0x00000000fc900000, 0x00000000fca00000, 0x00000000fca00000|100%| O|Cm|TAMS 0x00000000fc900000| PB 0x00000000fc900000| Complete 
|1994|0x00000000fca00000, 0x00000000fcb00000, 0x00000000fcb00000|100%| O|Cm|TAMS 0x00000000fca00000| PB 0x00000000fca00000| Complete 
|1995|0x00000000fcb00000, 0x00000000fcc00000, 0x00000000fcc00000|100%| O|  |TAMS 0x00000000fcb00000| PB 0x00000000fcb00000| Untracked 
|1996|0x00000000fcc00000, 0x00000000fcd00000, 0x00000000fcd00000|100%| O|Cm|TAMS 0x00000000fcc00000| PB 0x00000000fcc00000| Complete 
|1997|0x00000000fcd00000, 0x00000000fce00000, 0x00000000fce00000|100%| O|  |TAMS 0x00000000fcd00000| PB 0x00000000fcd00000| Untracked 
|1998|0x00000000fce00000, 0x00000000fcf00000, 0x00000000fcf00000|100%| O|  |TAMS 0x00000000fce00000| PB 0x00000000fce00000| Untracked 
|1999|0x00000000fcf00000, 0x00000000fd000000, 0x00000000fd000000|100%| O|Cm|TAMS 0x00000000fcf00000| PB 0x00000000fcf00000| Complete 
|2000|0x00000000fd000000, 0x00000000fd100000, 0x00000000fd100000|100%| O|Cm|TAMS 0x00000000fd000000| PB 0x00000000fd000000| Complete 
|2001|0x00000000fd100000, 0x00000000fd200000, 0x00000000fd200000|100%| O|  |TAMS 0x00000000fd100000| PB 0x00000000fd100000| Untracked 
|2002|0x00000000fd200000, 0x00000000fd300000, 0x00000000fd300000|100%| O|  |TAMS 0x00000000fd200000| PB 0x00000000fd200000| Untracked 
|2003|0x00000000fd300000, 0x00000000fd400000, 0x00000000fd400000|100%| O|Cm|TAMS 0x00000000fd300000| PB 0x00000000fd300000| Complete 
|2004|0x00000000fd400000, 0x00000000fd500000, 0x00000000fd500000|100%| O|Cm|TAMS 0x00000000fd400000| PB 0x00000000fd400000| Complete 
|2005|0x00000000fd500000, 0x00000000fd600000, 0x00000000fd600000|100%| O|Cm|TAMS 0x00000000fd500000| PB 0x00000000fd500000| Complete 
|2006|0x00000000fd600000, 0x00000000fd700000, 0x00000000fd700000|100%| O|Cm|TAMS 0x00000000fd600000| PB 0x00000000fd600000| Complete 
|2008|0x00000000fd800000, 0x00000000fd900000, 0x00000000fd900000|100%| O|Cm|TAMS 0x00000000fd800000| PB 0x00000000fd800000| Complete 
|2009|0x00000000fd900000, 0x00000000fda00000, 0x00000000fda00000|100%| O|Cm|TAMS 0x00000000fd900000| PB 0x00000000fd900000| Complete 
|2010|0x00000000fda00000, 0x00000000fdb00000, 0x00000000fdb00000|100%| O|Cm|TAMS 0x00000000fda00000| PB 0x00000000fda00000| Complete 
|2011|0x00000000fdb00000, 0x00000000fdc00000, 0x00000000fdc00000|100%| O|Cm|TAMS 0x00000000fdb00000| PB 0x00000000fdb00000| Complete 
|2015|0x00000000fdf00000, 0x00000000fe000000, 0x00000000fe000000|100%| E|CS|TAMS 0x00000000fdf00000| PB 0x00000000fdf00000| Complete 
|2016|0x00000000fe000000, 0x00000000fe100000, 0x00000000fe100000|100%| E|CS|TAMS 0x00000000fe000000| PB 0x00000000fe000000| Complete 
|2017|0x00000000fe100000, 0x00000000fe200000, 0x00000000fe200000|100%| E|CS|TAMS 0x00000000fe100000| PB 0x00000000fe100000| Complete 
|2018|0x00000000fe200000, 0x00000000fe300000, 0x00000000fe300000|100%| E|CS|TAMS 0x00000000fe200000| PB 0x00000000fe200000| Complete 
|2019|0x00000000fe300000, 0x00000000fe400000, 0x00000000fe400000|100%| E|CS|TAMS 0x00000000fe300000| PB 0x00000000fe300000| Complete 
|2020|0x00000000fe400000, 0x00000000fe500000, 0x00000000fe500000|100%| E|CS|TAMS 0x00000000fe400000| PB 0x00000000fe400000| Complete 
|2021|0x00000000fe500000, 0x00000000fe600000, 0x00000000fe600000|100%| E|CS|TAMS 0x00000000fe500000| PB 0x00000000fe500000| Complete 
|2022|0x00000000fe600000, 0x00000000fe700000, 0x00000000fe700000|100%| E|CS|TAMS 0x00000000fe600000| PB 0x00000000fe600000| Complete 
|2023|0x00000000fe700000, 0x00000000fe800000, 0x00000000fe800000|100%| E|CS|TAMS 0x00000000fe700000| PB 0x00000000fe700000| Complete 
|2024|0x00000000fe800000, 0x00000000fe900000, 0x00000000fe900000|100%| O|  |TAMS 0x00000000fe800000| PB 0x00000000fe800000| Untracked 
|2025|0x00000000fe900000, 0x00000000fea00000, 0x00000000fea00000|100%| E|CS|TAMS 0x00000000fe900000| PB 0x00000000fe900000| Complete 
|2026|0x00000000fea00000, 0x00000000feb00000, 0x00000000feb00000|100%| E|CS|TAMS 0x00000000fea00000| PB 0x00000000fea00000| Complete 
|2027|0x00000000feb00000, 0x00000000fec00000, 0x00000000fec00000|100%| E|CS|TAMS 0x00000000feb00000| PB 0x00000000feb00000| Complete 
|2028|0x00000000fec00000, 0x00000000fed00000, 0x00000000fed00000|100%| E|CS|TAMS 0x00000000fec00000| PB 0x00000000fec00000| Complete 
|2029|0x00000000fed00000, 0x00000000fee00000, 0x00000000fee00000|100%| E|CS|TAMS 0x00000000fed00000| PB 0x00000000fed00000| Complete 
|2030|0x00000000fee00000, 0x00000000fef00000, 0x00000000fef00000|100%| E|CS|TAMS 0x00000000fee00000| PB 0x00000000fee00000| Complete 
|2031|0x00000000fef00000, 0x00000000ff000000, 0x00000000ff000000|100%| E|CS|TAMS 0x00000000fef00000| PB 0x00000000fef00000| Complete 
|2032|0x00000000ff000000, 0x00000000ff100000, 0x00000000ff100000|100%| E|CS|TAMS 0x00000000ff000000| PB 0x00000000ff000000| Complete 
|2033|0x00000000ff100000, 0x00000000ff200000, 0x00000000ff200000|100%| E|CS|TAMS 0x00000000ff100000| PB 0x00000000ff100000| Complete 
|2034|0x00000000ff200000, 0x00000000ff300000, 0x00000000ff300000|100%| E|CS|TAMS 0x00000000ff200000| PB 0x00000000ff200000| Complete 
|2035|0x00000000ff300000, 0x00000000ff400000, 0x00000000ff400000|100%| E|CS|TAMS 0x00000000ff300000| PB 0x00000000ff300000| Complete 
|2036|0x00000000ff400000, 0x00000000ff500000, 0x00000000ff500000|100%| E|CS|TAMS 0x00000000ff400000| PB 0x00000000ff400000| Complete 
|2037|0x00000000ff500000, 0x00000000ff600000, 0x00000000ff600000|100%| E|CS|TAMS 0x00000000ff500000| PB 0x00000000ff500000| Complete 
|2038|0x00000000ff600000, 0x00000000ff700000, 0x00000000ff700000|100%| O|Cm|TAMS 0x00000000ff600000| PB 0x00000000ff600000| Complete 
|2039|0x00000000ff700000, 0x00000000ff800000, 0x00000000ff800000|100%| O|  |TAMS 0x00000000ff700000| PB 0x00000000ff700000| Untracked 
|2040|0x00000000ff800000, 0x00000000ff900000, 0x00000000ff900000|100%| O|  |TAMS 0x00000000ff800000| PB 0x00000000ff800000| Untracked 
|2041|0x00000000ff900000, 0x00000000ffa00000, 0x00000000ffa00000|100%| E|CS|TAMS 0x00000000ff900000| PB 0x00000000ff900000| Complete 
|2042|0x00000000ffa00000, 0x00000000ffb00000, 0x00000000ffb00000|100%| E|CS|TAMS 0x00000000ffa00000| PB 0x00000000ffa00000| Complete 
|2043|0x00000000ffb00000, 0x00000000ffc00000, 0x00000000ffc00000|100%| E|CS|TAMS 0x00000000ffb00000| PB 0x00000000ffb00000| Complete 
|2044|0x00000000ffc00000, 0x00000000ffd00000, 0x00000000ffd00000|100%| E|CS|TAMS 0x00000000ffc00000| PB 0x00000000ffc00000| Complete 
|2045|0x00000000ffd00000, 0x00000000ffe00000, 0x00000000ffe00000|100%| E|CS|TAMS 0x00000000ffd00000| PB 0x00000000ffd00000| Complete 
|2046|0x00000000ffe00000, 0x00000000fff00000, 0x00000000fff00000|100%| O|  |TAMS 0x00000000ffe00000| PB 0x00000000ffe00000| Untracked 
|2047|0x00000000fff00000, 0x0000000100000000, 0x0000000100000000|100%| E|CS|TAMS 0x00000000fff00000| PB 0x00000000fff00000| Complete 

Card table byte_map: [0x00007922c7000000,0x00007922c7400000] _byte_map_base: 0x00007922c6c00000

Marking Bits: (CMBitMap*) 0x00007922e008b160
 Bits: [0x00007922c5000000, 0x00007922c7000000)

Polling page: 0x00007922e66fb000

Metaspace:

Usage:
  Non-class:    140.11 MB used.
      Class:     22.31 MB used.
       Both:    162.41 MB used.

Virtual space:
  Non-class space:      192.00 MB reserved,     141.38 MB ( 74%) committed,  3 nodes.
      Class space:        1.00 GB reserved,      23.56 MB (  2%) committed,  1 nodes.
             Both:        1.19 GB reserved,     164.94 MB ( 14%) committed. 

Chunk freelists:
   Non-Class:  2.03 MB
       Class:  8.44 MB
        Both:  10.47 MB

MaxMetaspaceSize: unlimited
CompressedClassSpaceSize: 1.00 GB
Initial GC threshold: 21.00 MB
Current GC threshold: 263.69 MB
CDS: on
 - commit_granule_bytes: 65536.
 - commit_granule_words: 8192.
 - virtual_space_node_default_size: 8388608.
 - enlarge_chunks_in_place: 1.
 - use_allocation_guard: 0.


Internal statistics:

num_allocs_failed_limit: 12.
num_arena_births: 5120.
num_arena_deaths: 144.
num_vsnodes_births: 4.
num_vsnodes_deaths: 0.
num_space_committed: 2627.
num_space_uncommitted: 0.
num_chunks_returned_to_freelist: 216.
num_chunks_taken_from_freelist: 12630.
num_chunk_merges: 95.
num_chunk_splits: 8188.
num_chunks_enlarged: 5150.
num_inconsistent_stats: 0.

CodeHeap 'non-profiled nmethods': size=118880Kb used=31342Kb max_used=31342Kb free=87537Kb
 bounds [0x00007922d03e8000, 0x00007922d2288000, 0x00007922d7800000]
CodeHeap 'profiled nmethods': size=118876Kb used=43508Kb max_used=43508Kb free=75367Kb
 bounds [0x00007922c8800000, 0x00007922cb280000, 0x00007922cfc17000]
CodeHeap 'non-nmethods': size=8004Kb used=4039Kb max_used=4785Kb free=3964Kb
 bounds [0x00007922cfc17000, 0x00007922d00d7000, 0x00007922d03e8000]
CodeCache: size=245760Kb, used=78889Kb, max_used=79635Kb, free=166868Kb
 total_blobs=25611, nmethods=24573, adapters=938, full_count=0
Compilation: enabled, stopped_count=0, restarted_count=0

Compilation events (20 events):
Event: 93.312 Thread 0x00007922e084cde0 nmethod 44868 0x00007922d2271e90 code [0x00007922d2272420, 0x00007922d2277348]
Event: 93.375 Thread 0x000079223c6071e0 44871       3       java.util.ArrayList$SubList$2::forEachRemaining (133 bytes)
Event: 93.375 Thread 0x00007922e084cde0 44872       4       org.gradle.api.internal.collections.AbstractIterationOrderRetainingElementSource$RealizedElementCollectionIterator::updateNext (157 bytes)
Event: 93.375 Thread 0x000079223c6071e0 nmethod 44871 0x00007922cb255290 code [0x00007922cb2554a0, 0x00007922cb255af0]
Event: 93.376 Thread 0x000079223c6071e0 44873       1       com.android.build.gradle.internal.dsl.CompileSdkVersionImpl::getCodeName (5 bytes)
Event: 93.376 Thread 0x000079223c25f290 44874       1       com.android.build.gradle.internal.dsl.CompileSdkVersionImpl::getVendorName (5 bytes)
Event: 93.376 Thread 0x000079223c6071e0 nmethod 44873 0x00007922d2279710 code [0x00007922d22798a0, 0x00007922d2279960]
Event: 93.376 Thread 0x000079223c25f290 nmethod 44874 0x00007922d2279a10 code [0x00007922d2279ba0, 0x00007922d2279c60]
Event: 93.376 Thread 0x000079223c6071e0 44875       3       org.gradle.internal.snapshot.impl.ClassImplementationSnapshot::appendToHasher (32 bytes)
Event: 93.377 Thread 0x00007922480bdc40 44876       4       java.util.stream.ReferencePipeline$7$1::cancellationRequested (15 bytes)
Event: 93.377 Thread 0x00007922480bdc40 nmethod 44876 0x00007922d2279d10 code [0x00007922d2279ea0, 0x00007922d2279f80]
Event: 93.377 Thread 0x000079223c6071e0 nmethod 44875 0x00007922cb255d90 code [0x00007922cb256180, 0x00007922cb257d10]
Event: 93.378 Thread 0x000079223c25f290 44877       3       org.gradle.api.internal.ConventionTask::getConventionMapping (38 bytes)
Event: 93.378 Thread 0x000079223c25f290 nmethod 44877 0x00007922cb258810 code [0x00007922cb258b40, 0x00007922cb25a110]
Event: 93.379 Thread 0x00007922480bdc40 44878       4       org.gradle.api.internal.file.CompositeFileCollection::visitContents (11 bytes)
Event: 93.379 Thread 0x00007922480bdc40 nmethod 44878 0x00007922d227a090 code [0x00007922d227a220, 0x00007922d227a338]
Event: 93.381 Thread 0x00007922e084cde0 nmethod 44872 0x00007922d227a490 code [0x00007922d227a6c0, 0x00007922d227b070]
Event: 93.381 Thread 0x00007922e084cde0 44879       4       java.lang.Class::getMethodsRecursive (99 bytes)
Event: 93.381 Thread 0x000079223c25f290 44880       3       java.lang.reflect.ProxyGenerator$PrimitiveTypeInfo::get (97 bytes)
Event: 93.381 Thread 0x000079223c25f290 nmethod 44880 0x00007922cb25a710 code [0x00007922cb25a920, 0x00007922cb25ae20]

GC Heap History (20 events):
Event: 11.296 GC heap before
{Heap before GC invocations=73 (full 0):
 garbage-first heap   total 1594368K, used 1397896K [0x0000000080000000, 0x0000000100000000)
  region size 1024K, 934 young (956416K), 41 survivors (41984K)
 Metaspace       used 139255K, committed 141696K, reserved 1179648K
  class space    used 19730K, committed 20928K, reserved 1048576K
}
Event: 11.304 GC heap after
{Heap after GC invocations=74 (full 0):
 garbage-first heap   total 1594368K, used 479835K [0x0000000080000000, 0x0000000100000000)
  region size 1024K, 43 young (44032K), 43 survivors (44032K)
 Metaspace       used 139255K, committed 141696K, reserved 1179648K
  class space    used 19730K, committed 20928K, reserved 1048576K
}
Event: 11.534 GC heap before
{Heap before GC invocations=74 (full 0):
 garbage-first heap   total 1594368K, used 1397339K [0x0000000080000000, 0x0000000100000000)
  region size 1024K, 934 young (956416K), 43 survivors (44032K)
 Metaspace       used 139258K, committed 141696K, reserved 1179648K
  class space    used 19730K, committed 20928K, reserved 1048576K
}
Event: 11.540 GC heap after
{Heap after GC invocations=75 (full 0):
 garbage-first heap   total 1594368K, used 471476K [0x0000000080000000, 0x0000000100000000)
  region size 1024K, 37 young (37888K), 37 survivors (37888K)
 Metaspace       used 139258K, committed 141696K, reserved 1179648K
  class space    used 19730K, committed 20928K, reserved 1048576K
}
Event: 11.824 GC heap before
{Heap before GC invocations=75 (full 0):
 garbage-first heap   total 1594368K, used 1398196K [0x0000000080000000, 0x0000000100000000)
  region size 1024K, 934 young (956416K), 37 survivors (37888K)
 Metaspace       used 139277K, committed 141696K, reserved 1179648K
  class space    used 19730K, committed 20928K, reserved 1048576K
}
Event: 11.831 GC heap after
{Heap after GC invocations=76 (full 0):
 garbage-first heap   total 1594368K, used 472257K [0x0000000080000000, 0x0000000100000000)
  region size 1024K, 37 young (37888K), 37 survivors (37888K)
 Metaspace       used 139277K, committed 141696K, reserved 1179648K
  class space    used 19730K, committed 20928K, reserved 1048576K
}
Event: 12.246 GC heap before
{Heap before GC invocations=76 (full 0):
 garbage-first heap   total 1594368K, used 1398977K [0x0000000080000000, 0x0000000100000000)
  region size 1024K, 934 young (956416K), 37 survivors (37888K)
 Metaspace       used 139280K, committed 141696K, reserved 1179648K
  class space    used 19730K, committed 20928K, reserved 1048576K
}
Event: 12.253 GC heap after
{Heap after GC invocations=77 (full 0):
 garbage-first heap   total 1594368K, used 468972K [0x0000000080000000, 0x0000000100000000)
  region size 1024K, 33 young (33792K), 33 survivors (33792K)
 Metaspace       used 139280K, committed 141696K, reserved 1179648K
  class space    used 19730K, committed 20928K, reserved 1048576K
}
Event: 12.537 GC heap before
{Heap before GC invocations=77 (full 0):
 garbage-first heap   total 1594368K, used 917484K [0x0000000080000000, 0x0000000100000000)
  region size 1024K, 443 young (453632K), 33 survivors (33792K)
 Metaspace       used 139575K, committed 142016K, reserved 1179648K
  class space    used 19769K, committed 20992K, reserved 1048576K
}
Event: 12.543 GC heap after
{Heap after GC invocations=78 (full 0):
 garbage-first heap   total 1594368K, used 486399K [0x0000000080000000, 0x0000000100000000)
  region size 1024K, 31 young (31744K), 31 survivors (31744K)
 Metaspace       used 139575K, committed 142016K, reserved 1179648K
  class space    used 19769K, committed 20992K, reserved 1048576K
}
Event: 12.570 GC heap before
{Heap before GC invocations=78 (full 0):
 garbage-first heap   total 1594368K, used 599039K [0x0000000080000000, 0x0000000100000000)
  region size 1024K, 131 young (134144K), 31 survivors (31744K)
 Metaspace       used 139902K, committed 142336K, reserved 1179648K
  class space    used 19831K, committed 21056K, reserved 1048576K
}
Event: 12.576 GC heap after
{Heap after GC invocations=79 (full 0):
 garbage-first heap   total 1594368K, used 499861K [0x0000000080000000, 0x0000000100000000)
  region size 1024K, 31 young (31744K), 31 survivors (31744K)
 Metaspace       used 139902K, committed 142336K, reserved 1179648K
  class space    used 19831K, committed 21056K, reserved 1048576K
}
Event: 13.840 GC heap before
{Heap before GC invocations=80 (full 0):
 garbage-first heap   total 1594368K, used 1524885K [0x0000000080000000, 0x0000000100000000)
  region size 1024K, 934 young (956416K), 31 survivors (31744K)
 Metaspace       used 152350K, committed 154880K, reserved 1245184K
  class space    used 21143K, committed 22400K, reserved 1048576K
}
Event: 13.862 GC heap after
{Heap after GC invocations=81 (full 0):
 garbage-first heap   total 1701888K, used 664779K [0x0000000080000000, 0x0000000100000000)
  region size 1024K, 117 young (119808K), 117 survivors (119808K)
 Metaspace       used 152350K, committed 154880K, reserved 1245184K
  class space    used 21143K, committed 22400K, reserved 1048576K
}
Event: 13.996 GC heap before
{Heap before GC invocations=81 (full 0):
 garbage-first heap   total 1701888K, used 1522891K [0x0000000080000000, 0x0000000100000000)
  region size 1024K, 952 young (974848K), 117 survivors (119808K)
 Metaspace       used 152777K, committed 155264K, reserved 1245184K
  class space    used 21157K, committed 22400K, reserved 1048576K
}
Event: 14.015 GC heap after
{Heap after GC invocations=82 (full 0):
 garbage-first heap   total 1701888K, used 535872K [0x0000000080000000, 0x0000000100000000)
  region size 1024K, 14 young (14336K), 14 survivors (14336K)
 Metaspace       used 152777K, committed 155264K, reserved 1245184K
  class space    used 21157K, committed 22400K, reserved 1048576K
}
Event: 14.741 GC heap before
{Heap before GC invocations=82 (full 0):
 garbage-first heap   total 1701888K, used 1611072K [0x0000000080000000, 0x0000000100000000)
  region size 1024K, 997 young (1020928K), 14 survivors (14336K)
 Metaspace       used 152816K, committed 155264K, reserved 1245184K
  class space    used 21161K, committed 22400K, reserved 1048576K
}
Event: 14.746 GC heap after
{Heap after GC invocations=83 (full 0):
 garbage-first heap   total 1701888K, used 541649K [0x0000000080000000, 0x0000000100000000)
  region size 1024K, 22 young (22528K), 22 survivors (22528K)
 Metaspace       used 152816K, committed 155264K, reserved 1245184K
  class space    used 21161K, committed 22400K, reserved 1048576K
}
Event: 17.832 GC heap before
{Heap before GC invocations=83 (full 0):
 garbage-first heap   total 1701888K, used 1004497K [0x0000000080000000, 0x0000000100000000)
  region size 1024K, 476 young (487424K), 22 survivors (22528K)
 Metaspace       used 158989K, committed 161600K, reserved 1245184K
  class space    used 21975K, committed 23296K, reserved 1048576K
}
Event: 17.835 GC heap after
{Heap after GC invocations=84 (full 0):
 garbage-first heap   total 1701888K, used 543744K [0x0000000080000000, 0x0000000100000000)
  region size 1024K, 24 young (24576K), 24 survivors (24576K)
 Metaspace       used 158989K, committed 161600K, reserved 1245184K
  class space    used 21975K, committed 23296K, reserved 1048576K
}

Dll operation events (15 events):
Event: 0.001 Loaded shared library /home/achille/.jdks/jdk-21.0.11+10/lib/libjava.so
Event: 0.024 Loaded shared library /home/achille/.jdks/jdk-21.0.11+10/lib/libjsvml.so
Event: 0.035 Loaded shared library /home/achille/.jdks/jdk-21.0.11+10/lib/libzip.so
Event: 0.035 Loaded shared library /home/achille/.jdks/jdk-21.0.11+10/lib/libinstrument.so
Event: 0.036 Loaded shared library /home/achille/.jdks/jdk-21.0.11+10/lib/libnio.so
Event: 0.037 Loaded shared library /home/achille/.jdks/jdk-21.0.11+10/lib/libzip.so
Event: 0.077 Loaded shared library /home/achille/.jdks/jdk-21.0.11+10/lib/libjimage.so
Event: 0.100 Loaded shared library /home/achille/.jdks/jdk-21.0.11+10/lib/libverify.so
Event: 0.118 Loaded shared library /home/achille/.jdks/jdk-21.0.11+10/lib/libnet.so
Event: 0.118 Loaded shared library /home/achille/.gradle/native/1def1411415f61bf3af743bc5b6707747c0891f09f0c88961ee8f79bc544acac/linux-amd64/libnative-platform.so
Event: 0.121 Loaded shared library /home/achille/.gradle/native/0.2.7/x86_64-linux-gnu/libgradle-fileevents.so
Event: 0.300 Loaded shared library /home/achille/.jdks/jdk-21.0.11+10/lib/libmanagement.so
Event: 0.300 Loaded shared library /home/achille/.jdks/jdk-21.0.11+10/lib/libmanagement_ext.so
Event: 0.327 Loaded shared library /home/achille/.jdks/jdk-21.0.11+10/lib/libextnet.so
Event: 15.278 Loaded shared library /home/achille/.jdks/jdk-21.0.11+10/lib/librmi.so

Deoptimization events (20 events):
Event: 93.223 Thread 0x0000791fa40213f0 DEOPT PACKING pc=0x00007922d225d7cc sp=0x000079207dbfb120
Event: 93.223 Thread 0x0000791fa40213f0 DEOPT UNPACKING pc=0x00007922cfc6af99 sp=0x000079207dbfaee0 mode 2
Event: 93.276 Thread 0x0000791fa40213f0 DEOPT PACKING pc=0x00007922ca2217e1 sp=0x000079207dbfb960
Event: 93.276 Thread 0x0000791fa40213f0 DEOPT UNPACKING pc=0x00007922cfc6b72f sp=0x000079207dbfaf08 mode 0
Event: 93.315 Thread 0x0000791fa40213f0 Uncommon trap: trap_request=0xffffff45 fr.pc=0x00007922d1ef057c relative=0x000000000000129c
Event: 93.315 Thread 0x0000791fa40213f0 Uncommon trap: reason=unstable_if action=reinterpret pc=0x00007922d1ef057c method=java.util.jar.Manifest$FastInputStream.readLine([BII)I @ 106 c2
Event: 93.315 Thread 0x0000791fa40213f0 DEOPT PACKING pc=0x00007922d1ef057c sp=0x000079207dbfb300
Event: 93.315 Thread 0x0000791fa40213f0 DEOPT UNPACKING pc=0x00007922cfc6af99 sp=0x000079207dbfb1d0 mode 2
Event: 93.315 Thread 0x0000791fa40213f0 Uncommon trap: trap_request=0xffffff45 fr.pc=0x00007922d1ba2618 relative=0x0000000000000438
Event: 93.315 Thread 0x0000791fa40213f0 Uncommon trap: reason=unstable_if action=reinterpret pc=0x00007922d1ba2618 method=java.util.jar.Manifest$FastInputStream.readLine([BII)I @ 106 c2
Event: 93.315 Thread 0x0000791fa40213f0 DEOPT PACKING pc=0x00007922d1ba2618 sp=0x000079207dbfb290
Event: 93.315 Thread 0x0000791fa40213f0 DEOPT UNPACKING pc=0x00007922cfc6af99 sp=0x000079207dbfb1c8 mode 2
Event: 93.315 Thread 0x0000791fa40213f0 Uncommon trap: trap_request=0xffffff45 fr.pc=0x00007922d1b9cd38 relative=0x0000000000000458
Event: 93.315 Thread 0x0000791fa40213f0 Uncommon trap: reason=unstable_if action=reinterpret pc=0x00007922d1b9cd38 method=java.util.jar.Manifest$FastInputStream.readLine([BII)I @ 106 c2
Event: 93.315 Thread 0x0000791fa40213f0 DEOPT PACKING pc=0x00007922d1b9cd38 sp=0x000079207dbfb220
Event: 93.315 Thread 0x0000791fa40213f0 DEOPT UNPACKING pc=0x00007922cfc6af99 sp=0x000079207dbfb1d0 mode 2
Event: 93.381 Thread 0x0000791fa40213f0 Uncommon trap: trap_request=0xffffff54 fr.pc=0x00007922d12cb5e4 relative=0x0000000000000f24
Event: 93.381 Thread 0x0000791fa40213f0 Uncommon trap: reason=speculate_null_assert action=make_not_entrant pc=0x00007922d12cb5e4 method=org.gradle.internal.logging.sink.OutputEventTransformer.onOutput(Lorg/gradle/internal/logging/events/OutputEvent;)V @ 59 c2
Event: 93.381 Thread 0x0000791fa40213f0 DEOPT PACKING pc=0x00007922d12cb5e4 sp=0x000079207dbfa4a0
Event: 93.381 Thread 0x0000791fa40213f0 DEOPT UNPACKING pc=0x00007922cfc6af99 sp=0x000079207dbfa488 mode 2

Classes loaded (20 events):
Event: 45.277 Loading class java/lang/StackStreamFactory$WalkerState
Event: 45.277 Loading class java/lang/StackStreamFactory$WalkerState done
Event: 45.277 Loading class java/lang/StackStreamFactory$StackFrameTraverser$StackFrameBuffer
Event: 45.278 Loading class java/lang/StackStreamFactory$FrameBuffer
Event: 45.278 Loading class java/lang/StackStreamFactory$FrameBuffer done
Event: 45.278 Loading class java/lang/StackStreamFactory$StackFrameTraverser$StackFrameBuffer done
Event: 45.278 Loading class java/util/logging/LogRecord
Event: 45.278 Loading class java/util/logging/LogRecord done
Event: 50.661 Loading class java/io/CharArrayReader
Event: 50.661 Loading class java/io/CharArrayReader done
Event: 50.671 Loading class java/lang/Throwable$WrappedPrintWriter
Event: 50.671 Loading class java/lang/Throwable$PrintStreamOrWriter
Event: 50.671 Loading class java/lang/Throwable$PrintStreamOrWriter done
Event: 50.671 Loading class java/lang/Throwable$WrappedPrintWriter done
Event: 50.695 Loading class java/util/Collections$EmptyListIterator
Event: 50.695 Loading class java/util/Collections$EmptyListIterator done
Event: 50.720 Loading class java/net/UrlDeserializedState
Event: 50.720 Loading class java/net/UrlDeserializedState done
Event: 92.817 Loading class sun/reflect/generics/scope/DummyScope
Event: 92.817 Loading class sun/reflect/generics/scope/DummyScope done

Classes unloaded (20 events):
Event: 7.433 Thread 0x00007922e083aa10 Unloading class 0x0000792269278c00 'java/lang/invoke/LambdaForm$DMH+0x0000792269278c00'
Event: 7.433 Thread 0x00007922e083aa10 Unloading class 0x0000792269278800 'java/lang/invoke/LambdaForm$DMH+0x0000792269278800'
Event: 7.433 Thread 0x00007922e083aa10 Unloading class 0x0000792269278400 'java/lang/invoke/LambdaForm$DMH+0x0000792269278400'
Event: 7.433 Thread 0x00007922e083aa10 Unloading class 0x0000792269200000 'java/lang/invoke/LambdaForm$DMH+0x0000792269200000'
Event: 7.433 Thread 0x00007922e083aa10 Unloading class 0x00007922691fe400 'java/lang/invoke/LambdaForm$DMH+0x00007922691fe400'
Event: 7.433 Thread 0x00007922e083aa10 Unloading class 0x00007922691fe000 'java/lang/invoke/LambdaForm$DMH+0x00007922691fe000'
Event: 7.433 Thread 0x00007922e083aa10 Unloading class 0x00007922691fdc00 'java/lang/invoke/LambdaForm$DMH+0x00007922691fdc00'
Event: 7.433 Thread 0x00007922e083aa10 Unloading class 0x00007922691fd800 'java/lang/invoke/LambdaForm$DMH+0x00007922691fd800'
Event: 7.433 Thread 0x00007922e083aa10 Unloading class 0x00007922691fd400 'java/lang/invoke/LambdaForm$DMH+0x00007922691fd400'
Event: 7.433 Thread 0x00007922e083aa10 Unloading class 0x00007922691fd000 'java/lang/invoke/LambdaForm$DMH+0x00007922691fd000'
Event: 7.433 Thread 0x00007922e083aa10 Unloading class 0x00007922691fcc00 'java/lang/invoke/LambdaForm$DMH+0x00007922691fcc00'
Event: 7.433 Thread 0x00007922e083aa10 Unloading class 0x00007922691fc800 'java/lang/invoke/LambdaForm$DMH+0x00007922691fc800'
Event: 7.433 Thread 0x00007922e083aa10 Unloading class 0x00007922691fc000 'java/lang/invoke/LambdaForm$DMH+0x00007922691fc000'
Event: 17.871 Thread 0x00007922e083aa10 Unloading class 0x0000792269595800 'java/lang/invoke/LambdaForm$DMH+0x0000792269595800'
Event: 17.871 Thread 0x00007922e083aa10 Unloading class 0x0000792269595400 'java/lang/invoke/LambdaForm$DMH+0x0000792269595400'
Event: 17.871 Thread 0x00007922e083aa10 Unloading class 0x0000792269595000 'java/lang/invoke/LambdaForm$DMH+0x0000792269595000'
Event: 17.871 Thread 0x00007922e083aa10 Unloading class 0x0000792269594c00 'java/lang/invoke/LambdaForm$DMH+0x0000792269594c00'
Event: 17.871 Thread 0x00007922e083aa10 Unloading class 0x0000792269594400 'java/lang/invoke/LambdaForm$DMH+0x0000792269594400'
Event: 17.871 Thread 0x00007922e083aa10 Unloading class 0x0000792269594800 'java/lang/invoke/LambdaForm$DMH+0x0000792269594800'
Event: 17.871 Thread 0x00007922e083aa10 Unloading class 0x000079226954c400 'java/lang/invoke/LambdaForm$DMH+0x000079226954c400'

Classes redefined (0 events):
No events

Internal exceptions (20 events):
Event: 93.003 Thread 0x0000791fa40188e0 Exception <a 'sun/nio/fs/UnixException'{0x00000000ba4f6ba0}> (0x00000000ba4f6ba0) 
thrown [src/hotspot/share/prims/jni.cpp, line 520]
Event: 93.004 Thread 0x0000791fa400f610 Exception <a 'sun/nio/fs/UnixException'{0x00000000ba6e0308}> (0x00000000ba6e0308) 
thrown [src/hotspot/share/prims/jni.cpp, line 520]
Event: 93.004 Thread 0x00007920a0007b30 Exception <a 'sun/nio/fs/UnixException'{0x00000000b4970538}> (0x00000000b4970538) 
thrown [src/hotspot/share/prims/jni.cpp, line 520]
Event: 93.004 Thread 0x0000792110004640 Exception <a 'sun/nio/fs/UnixException'{0x00000000b4943308}> (0x00000000b4943308) 
thrown [src/hotspot/share/prims/jni.cpp, line 520]
Event: 93.005 Thread 0x0000791fa400f610 Exception <a 'sun/nio/fs/UnixException'{0x00000000ba6f9880}> (0x00000000ba6f9880) 
thrown [src/hotspot/share/prims/jni.cpp, line 520]
Event: 93.005 Thread 0x00007920a0007b30 Exception <a 'sun/nio/fs/UnixException'{0x00000000b49a8580}> (0x00000000b49a8580) 
thrown [src/hotspot/share/prims/jni.cpp, line 520]
Event: 93.009 Thread 0x0000791fa40213f0 Exception <a 'sun/nio/fs/UnixException'{0x00000000b48f9ac8}> (0x00000000b48f9ac8) 
thrown [src/hotspot/share/prims/jni.cpp, line 520]
Event: 93.009 Thread 0x0000791fa40213f0 Exception <a 'sun/nio/fs/UnixException'{0x00000000b48fb428}> (0x00000000b48fb428) 
thrown [src/hotspot/share/prims/jni.cpp, line 520]
Event: 93.009 Thread 0x0000791fa40213f0 Exception <a 'sun/nio/fs/UnixException'{0x00000000b48fd168}> (0x00000000b48fd168) 
thrown [src/hotspot/share/prims/jni.cpp, line 520]
Event: 93.031 Thread 0x000079219dea9960 Implicit null exception at 0x00007922d1d59dbc to 0x00007922d1d5e8c4
Event: 93.031 Thread 0x000079219dea9960 Implicit null exception at 0x00007922d0d3983d to 0x00007922d0d3a05c
Event: 93.158 Thread 0x000079219e79d640 Exception <a 'java/io/IOException'{0x00000000bfd27960}> (0x00000000bfd27960) 
thrown [src/hotspot/share/prims/jni.cpp, line 520]
Event: 93.223 Thread 0x0000791fa40213f0 Exception <a 'sun/nio/fs/UnixException'{0x00000000b2275e50}> (0x00000000b2275e50) 
thrown [src/hotspot/share/prims/jni.cpp, line 520]
Event: 93.223 Thread 0x0000791fa40213f0 Exception <a 'sun/nio/fs/UnixException'{0x00000000b2277a90}> (0x00000000b2277a90) 
thrown [src/hotspot/share/prims/jni.cpp, line 520]
Event: 93.223 Thread 0x0000791fa40213f0 Exception <a 'sun/nio/fs/UnixException'{0x00000000b2279538}> (0x00000000b2279538) 
thrown [src/hotspot/share/prims/jni.cpp, line 520]
Event: 93.223 Thread 0x0000791fa40213f0 Exception <a 'sun/nio/fs/UnixException'{0x00000000b2289890}> (0x00000000b2289890) 
thrown [src/hotspot/share/prims/jni.cpp, line 520]
Event: 93.223 Thread 0x0000791fa40213f0 Exception <a 'sun/nio/fs/UnixException'{0x00000000b228b508}> (0x00000000b228b508) 
thrown [src/hotspot/share/prims/jni.cpp, line 520]
Event: 93.226 Thread 0x0000791fa40213f0 Exception <a 'sun/nio/fs/UnixException'{0x00000000b2113f68}> (0x00000000b2113f68) 
thrown [src/hotspot/share/prims/jni.cpp, line 520]
Event: 93.226 Thread 0x0000791fa40213f0 Exception <a 'sun/nio/fs/UnixException'{0x00000000b2115a58}> (0x00000000b2115a58) 
thrown [src/hotspot/share/prims/jni.cpp, line 520]
Event: 93.226 Thread 0x0000791fa40213f0 Exception <a 'sun/nio/fs/UnixException'{0x00000000b2117128}> (0x00000000b2117128) 
thrown [src/hotspot/share/prims/jni.cpp, line 520]

ZGC Phase Switch (0 events):
No events

VM Operations (20 events):
Event: 92.844 Executing non-safepoint VM operation: HandshakeAllThreads (Deoptimize)
Event: 92.845 Executing non-safepoint VM operation: HandshakeAllThreads (Deoptimize) done
Event: 92.848 Executing non-safepoint VM operation: HandshakeAllThreads (Deoptimize)
Event: 92.848 Executing non-safepoint VM operation: HandshakeAllThreads (Deoptimize) done
Event: 92.854 Executing safepoint VM operation: ICBufferFull
Event: 92.854 Executing safepoint VM operation: ICBufferFull done
Event: 92.867 Executing non-safepoint VM operation: HandshakeAllThreads (Deoptimize)
Event: 92.867 Executing non-safepoint VM operation: HandshakeAllThreads (Deoptimize) done
Event: 92.898 Executing non-safepoint VM operation: HandshakeAllThreads (Deoptimize)
Event: 92.898 Executing non-safepoint VM operation: HandshakeAllThreads (Deoptimize) done
Event: 92.907 Executing safepoint VM operation: ICBufferFull
Event: 92.907 Executing safepoint VM operation: ICBufferFull done
Event: 92.957 Executing safepoint VM operation: ICBufferFull
Event: 92.957 Executing safepoint VM operation: ICBufferFull done
Event: 93.006 Executing safepoint VM operation: ICBufferFull
Event: 93.006 Executing safepoint VM operation: ICBufferFull done
Event: 93.027 Executing non-safepoint VM operation: HandshakeAllThreads (Deoptimize)
Event: 93.027 Executing non-safepoint VM operation: HandshakeAllThreads (Deoptimize) done
Event: 93.051 Executing safepoint VM operation: ICBufferFull
Event: 93.051 Executing safepoint VM operation: ICBufferFull done

Memory protections (20 events):
Event: 92.986 Protecting memory [0x0000791e65900000,0x0000791e65904000] with protection modes 0
Event: 92.986 Protecting memory [0x0000791e65800000,0x0000791e65804000] with protection modes 0
Event: 92.986 Protecting memory [0x0000791e65700000,0x0000791e65704000] with protection modes 0
Event: 92.986 Protecting memory [0x0000791e65600000,0x0000791e65604000] with protection modes 0
Event: 92.990 Protecting memory [0x0000791e65500000,0x0000791e65504000] with protection modes 0
Event: 92.990 Protecting memory [0x0000791e65400000,0x0000791e65404000] with protection modes 0
Event: 92.990 Protecting memory [0x0000791e65300000,0x0000791e65304000] with protection modes 0
Event: 92.990 Protecting memory [0x0000791e65200000,0x0000791e65204000] with protection modes 0
Event: 92.990 Protecting memory [0x0000791e65100000,0x0000791e65104000] with protection modes 0
Event: 92.990 Protecting memory [0x0000791e65000000,0x0000791e65004000] with protection modes 0
Event: 92.990 Protecting memory [0x0000791e64f00000,0x0000791e64f04000] with protection modes 0
Event: 92.990 Protecting memory [0x0000791e64e00000,0x0000791e64e04000] with protection modes 0
Event: 93.002 Protecting memory [0x0000791e64d00000,0x0000791e64d04000] with protection modes 0
Event: 93.003 Protecting memory [0x0000791e64c00000,0x0000791e64c04000] with protection modes 0
Event: 93.005 Protecting memory [0x0000791e64b00000,0x0000791e64b04000] with protection modes 0
Event: 93.049 Protecting memory [0x0000791e64a00000,0x0000791e64a04000] with protection modes 0
Event: 93.051 Protecting memory [0x0000791e64900000,0x0000791e64904000] with protection modes 0
Event: 93.235 Protecting memory [0x00007922b4300000,0x00007922b4304000] with protection modes 0
Event: 93.235 Protecting memory [0x0000792262d00000,0x0000792262d04000] with protection modes 0
Event: 93.235 Protecting memory [0x0000792262900000,0x0000792262904000] with protection modes 0

Nmethod flushes (20 events):
Event: 17.884 Thread 0x00007922e083aa10 flushing  nmethod 0x00007922c98c8f90
Event: 17.884 Thread 0x00007922e083aa10 flushing  nmethod 0x00007922c98cf310
Event: 17.884 Thread 0x00007922e083aa10 flushing  nmethod 0x00007922c9b4f190
Event: 17.884 Thread 0x00007922e083aa10 flushing  nmethod 0x00007922c9b4f690
Event: 17.884 Thread 0x00007922e083aa10 flushing  nmethod 0x00007922c9b50910
Event: 17.884 Thread 0x00007922e083aa10 flushing  nmethod 0x00007922c9c02a90
Event: 17.884 Thread 0x00007922e083aa10 flushing  nmethod 0x00007922c9da3c10
Event: 17.884 Thread 0x00007922e083aa10 flushing  nmethod 0x00007922c9f71690
Event: 17.884 Thread 0x00007922e083aa10 flushing  nmethod 0x00007922c9f71c10
Event: 17.884 Thread 0x00007922e083aa10 flushing  nmethod 0x00007922c9f72090
Event: 17.884 Thread 0x00007922e083aa10 flushing  nmethod 0x00007922ca36d110
Event: 17.884 Thread 0x00007922e083aa10 flushing  nmethod 0x00007922ca36d590
Event: 17.884 Thread 0x00007922e083aa10 flushing  nmethod 0x00007922ca36d910
Event: 17.884 Thread 0x00007922e083aa10 flushing  nmethod 0x00007922ca36de90
Event: 17.884 Thread 0x00007922e083aa10 flushing  nmethod 0x00007922ca36e310
Event: 17.884 Thread 0x00007922e083aa10 flushing  nmethod 0x00007922ca36e710
Event: 17.884 Thread 0x00007922e083aa10 flushing  nmethod 0x00007922ca36ff90
Event: 17.884 Thread 0x00007922e083aa10 flushing osr nmethod 0x00007922ca723890
Event: 17.884 Thread 0x00007922e083aa10 flushing  nmethod 0x00007922ca74db90
Event: 17.884 Thread 0x00007922e083aa10 flushing osr nmethod 0x00007922ca763010

Events (20 events):
Event: 92.990 Thread 0x0000791fa401d780 Thread added: 0x00007920440b38e0
Event: 92.990 Thread 0x0000791fa401d780 Thread added: 0x00007920440b4720
Event: 92.990 Thread 0x0000791fa401d780 Thread added: 0x00007920440b5550
Event: 92.990 Thread 0x0000791fa401d780 Thread added: 0x00007920440b6380
Event: 92.990 Thread 0x0000791fa401d780 Thread added: 0x00007920440b71c0
Event: 92.990 Thread 0x0000791fa401d780 Thread added: 0x00007920440b8000
Event: 93.001 Thread 0x0000791fa401c960 Thread added: 0x00007920a0007b30
Event: 93.003 Thread 0x0000791fa40188e0 Thread added: 0x0000792110004640
Event: 93.005 Thread 0x0000791fa400f610 Thread added: 0x0000791fa801dc60
Event: 93.049 Thread 0x0000791fa40213f0 Thread added: 0x00007920d0123eb0
Event: 93.051 Thread 0x0000792110004640 Thread added: 0x00007921c8006670
Event: 93.180 Thread 0x000079220015b080 Thread exited: 0x000079220015b080
Event: 93.180 Thread 0x000079223c1ca760 Thread exited: 0x000079223c1ca760
Event: 93.180 Thread 0x000079220007dcf0 Thread exited: 0x000079220007dcf0
Event: 93.218 Thread 0x0000791e707354d0 Thread exited: 0x0000791e707354d0
Event: 93.218 Thread 0x000079223c30dcc0 Thread exited: 0x000079223c30dcc0
Event: 93.220 Thread 0x000079223c60e970 Thread exited: 0x000079223c60e970
Event: 93.235 Thread 0x00007922e084cde0 Thread added: 0x0000792248781f50
Event: 93.235 Thread 0x00007922e084cde0 Thread added: 0x00007922480bdc40
Event: 93.235 Thread 0x00007922e084cde0 Thread added: 0x0000792248782af0


Dynamic libraries:
80000000-d9e00000 rw-p 00000000 00:00 0 
d9e00000-fa600000 ---p 00000000 00:00 0 
fa600000-fd700000 rw-p 00000000 00:00 0 
fd700000-fd800000 ---p 00000000 00:00 0 
fd800000-fd900000 rw-p 00000000 00:00 0 
fd900000-fdc00000 rw-p 00000000 00:00 0 
fdc00000-fdf00000 ---p 00000000 00:00 0 
fdf00000-ffe00000 rw-p 00000000 00:00 0 
ffe00000-fff0d000 rw-p 00cda000 103:05 59378668                          /home/achille/.jdks/jdk-21.0.11+10/lib/server/classes.jsa
fff0d000-100000000 rw-p 00000000 00:00 0 
5e650a5ea000-5e650a5eb000 r-xp 00000000 103:05 59378532                  /home/achille/.jdks/jdk-21.0.11+10/bin/java
5e650a5ec000-5e650a5ed000 r--p 00001000 103:05 59378532                  /home/achille/.jdks/jdk-21.0.11+10/bin/java
5e650a5ed000-5e650a5ee000 rw-p 00002000 103:05 59378532                  /home/achille/.jdks/jdk-21.0.11+10/bin/java
5e6528443000-5e652923c000 rw-p 00000000 00:00 0                          [heap]
791e582dd000-791e582e1000 ---p 00000000 00:00 0 
791e582e1000-791e583dd000 rw-p 00000000 00:00 0 
791e583dd000-791e583e1000 ---p 00000000 00:00 0 
791e583e1000-791e584dd000 rw-p 00000000 00:00 0 
791e58b5a000-791e5a1c6000 rw-p 00000000 00:00 0 
791e5a1c6000-791e5a1ca000 ---p 00000000 00:00 0 
791e5a1ca000-791e5a2c6000 rw-p 00000000 00:00 0 
791e5a2c6000-791e5a2ca000 ---p 00000000 00:00 0 
791e5a2ca000-791e5a3c6000 rw-p 00000000 00:00 0 
791e5a3c6000-791e5a3ca000 ---p 00000000 00:00 0 
791e5a3ca000-791e5a4c6000 rw-p 00000000 00:00 0 
791e5a4c6000-791e5a4ca000 ---p 00000000 00:00 0 
791e5a4ca000-791e5a5c6000 rw-p 00000000 00:00 0 
791e5a5c6000-791e5a5ca000 ---p 00000000 00:00 0 
791e5a5ca000-791e5a6c6000 rw-p 00000000 00:00 0 
791e5a6c6000-791e5a6ca000 ---p 00000000 00:00 0 
791e5a6ca000-791e5a7c6000 rw-p 00000000 00:00 0 
791e5a7c6000-791e5a7ca000 ---p 00000000 00:00 0 
791e5a7ca000-791e5a8c6000 rw-p 00000000 00:00 0 
791e5a8c6000-791e5a8ca000 ---p 00000000 00:00 0 
791e5a8ca000-791e5a9c6000 rw-p 00000000 00:00 0 
791e5a9c6000-791e5a9ca000 ---p 00000000 00:00 0 
791e5a9ca000-791e5aac6000 rw-p 00000000 00:00 0 
791e5abc6000-791e5abca000 ---p 00000000 00:00 0 
791e5abca000-791e5acc6000 rw-p 00000000 00:00 0 
791e5acc6000-791e5acca000 ---p 00000000 00:00 0 
791e5acca000-791e5adc6000 rw-p 00000000 00:00 0 
791e5adc6000-791e5adca000 ---p 00000000 00:00 0 
791e5adca000-791e5aec6000 rw-p 00000000 00:00 0 
791e5c000000-791e5c5c0000 rw-p 00000000 00:00 0 
791e5c5c0000-791e5c600000 rw-p 00000000 00:00 0 
791e5c600000-791e5c900000 rw-p 00000000 00:00 0 
791e5c900000-791e5c960000 rw-p 00000000 00:00 0 
791e5c960000-791e5ca00000 ---p 00000000 00:00 0 
791e5ca00000-791e5ce00000 rw-p 00000000 00:00 0 
791e5ce00000-791e60000000 ---p 00000000 00:00 0 
791e60037000-791e6003b000 ---p 00000000 00:00 0 
791e6003b000-791e60137000 rw-p 00000000 00:00 0 
791e60137000-791e6013b000 ---p 00000000 00:00 0 
791e6013b000-791e60237000 rw-p 00000000 00:00 0 
791e64900000-791e64904000 ---p 00000000 00:00 0 
791e64904000-791e64a00000 rw-p 00000000 00:00 0 
791e64a00000-791e64a04000 ---p 00000000 00:00 0 
791e64a04000-791e64b00000 rw-p 00000000 00:00 0 
791e64b00000-791e64b04000 ---p 00000000 00:00 0 
791e64b04000-791e64c00000 rw-p 00000000 00:00 0 
791e64c00000-791e64c04000 ---p 00000000 00:00 0 
791e64c04000-791e64d00000 rw-p 00000000 00:00 0 
791e64d00000-791e64d04000 ---p 00000000 00:00 0 
791e64d04000-791e64e00000 rw-p 00000000 00:00 0 
791e64e00000-791e64e04000 ---p 00000000 00:00 0 
791e64e04000-791e64f00000 rw-p 00000000 00:00 0 
791e64f00000-791e64f04000 ---p 00000000 00:00 0 
791e64f04000-791e65000000 rw-p 00000000 00:00 0 
791e65000000-791e65004000 ---p 00000000 00:00 0 
791e65004000-791e65100000 rw-p 00000000 00:00 0 
791e65100000-791e65104000 ---p 00000000 00:00 0 
791e65104000-791e65200000 rw-p 00000000 00:00 0 
791e65200000-791e65204000 ---p 00000000 00:00 0 
791e65204000-791e65300000 rw-p 00000000 00:00 0 
791e65300000-791e65304000 ---p 00000000 00:00 0 
791e65304000-791e65400000 rw-p 00000000 00:00 0 
791e65400000-791e65404000 ---p 00000000 00:00 0 
791e65404000-791e65500000 rw-p 00000000 00:00 0 
791e65500000-791e65504000 ---p 00000000 00:00 0 
791e65504000-791e65600000 rw-p 00000000 00:00 0 
791e65600000-791e65604000 ---p 00000000 00:00 0 
791e65604000-791e65700000 rw-p 00000000 00:00 0 
791e65700000-791e65704000 ---p 00000000 00:00 0 
791e65704000-791e65800000 rw-p 00000000 00:00 0 
791e65800000-791e65804000 ---p 00000000 00:00 0 
791e65804000-791e65900000 rw-p 00000000 00:00 0 
791e65900000-791e65904000 ---p 00000000 00:00 0 
791e65904000-791e65a00000 rw-p 00000000 00:00 0 
791e65a00000-791e65a04000 ---p 00000000 00:00 0 
791e65a04000-791e65b00000 rw-p 00000000 00:00 0 
791e65b00000-791e65b04000 ---p 00000000 00:00 0 
791e65b04000-791e65c00000 rw-p 00000000 00:00 0 
791e65c00000-791e65c04000 ---p 00000000 00:00 0 
791e65c04000-791e65d00000 rw-p 00000000 00:00 0 
791e65d00000-791e65d04000 ---p 00000000 00:00 0 
791e65d04000-791e65e00000 rw-p 00000000 00:00 0 
791e65e00000-791e65e04000 ---p 00000000 00:00 0 
791e65e04000-791e65f00000 rw-p 00000000 00:00 0 
791e65f00000-791e65f04000 ---p 00000000 00:00 0 
791e65f04000-791e66000000 rw-p 00000000 00:00 0 
791e66000000-791e66004000 ---p 00000000 00:00 0 
791e66004000-791e66100000 rw-p 00000000 00:00 0 
791e66100000-791e66104000 ---p 00000000 00:00 0 
791e66104000-791e66200000 rw-p 00000000 00:00 0 
791e66200000-791e66204000 ---p 00000000 00:00 0 
791e66204000-791e66300000 rw-p 00000000 00:00 0 
791e66300000-791e66304000 ---p 00000000 00:00 0 
791e66304000-791e66400000 rw-p 00000000 00:00 0 
791e66400000-791e66404000 ---p 00000000 00:00 0 
791e66404000-791e66500000 rw-p 00000000 00:00 0 
791e66500000-791e66504000 ---p 00000000 00:00 0 
791e66504000-791e66600000 rw-p 00000000 00:00 0 
791e66600000-791e66604000 ---p 00000000 00:00 0 
791e66604000-791e66700000 rw-p 00000000 00:00 0 
791e66700000-791e66704000 ---p 00000000 00:00 0 
791e66704000-791e66800000 rw-p 00000000 00:00 0 
791e66800000-791e66804000 ---p 00000000 00:00 0 
791e66804000-791e66900000 rw-p 00000000 00:00 0 
791e66900000-791e66904000 ---p 00000000 00:00 0 
791e66904000-791e66a00000 rw-p 00000000 00:00 0 
791e66a00000-791e66a04000 ---p 00000000 00:00 0 
791e66a04000-791e66b00000 rw-p 00000000 00:00 0 
791e66b00000-791e66b04000 ---p 00000000 00:00 0 
791e66b04000-791e66c00000 rw-p 00000000 00:00 0 
791e66c00000-791e66c04000 ---p 00000000 00:00 0 
791e66c04000-791e66d00000 rw-p 00000000 00:00 0 
791e66d00000-791e66d04000 ---p 00000000 00:00 0 
791e66d04000-791e66e00000 rw-p 00000000 00:00 0 
791e66e00000-791e66e04000 ---p 00000000 00:00 0 
791e66e04000-791e66f00000 rw-p 00000000 00:00 0 
791e66f00000-791e66f04000 ---p 00000000 00:00 0 
791e66f04000-791e67000000 rw-p 00000000 00:00 0 
791e67000000-791e67004000 ---p 00000000 00:00 0 
791e67004000-791e67100000 rw-p 00000000 00:00 0 
791e67100000-791e67104000 ---p 00000000 00:00 0 
791e67104000-791e67200000 rw-p 00000000 00:00 0 
791e67200000-791e67204000 ---p 00000000 00:00 0 
791e67204000-791e67300000 rw-p 00000000 00:00 0 
791e67300000-791e67304000 ---p 00000000 00:00 0 
791e67304000-791e67400000 rw-p 00000000 00:00 0 
791e67400000-791e67404000 ---p 00000000 00:00 0 
791e67404000-791e67500000 rw-p 00000000 00:00 0 
791e67500000-791e67504000 ---p 00000000 00:00 0 
791e67504000-791e67600000 rw-p 00000000 00:00 0 
791e67600000-791e67604000 ---p 00000000 00:00 0 
791e67604000-791e67700000 rw-p 00000000 00:00 0 
791e67700000-791e67704000 ---p 00000000 00:00 0 
791e67704000-791e67800000 rw-p 00000000 00:00 0 
791e67800000-791e67804000 ---p 00000000 00:00 0 
791e67804000-791e67900000 rw-p 00000000 00:00 0 
791e67900000-791e67904000 ---p 00000000 00:00 0 
791e67904000-791e67a00000 rw-p 00000000 00:00 0 
791e67a00000-791e67a04000 ---p 00000000 00:00 0 
791e67a04000-791e67b00000 rw-p 00000000 00:00 0 
791e67b00000-791e67b04000 ---p 00000000 00:00 0 
791e67b04000-791e67c00000 rw-p 00000000 00:00 0 
791e67c00000-791e67c04000 ---p 00000000 00:00 0 
791e67c04000-791e67d00000 rw-p 00000000 00:00 0 
791e67d00000-791e67d04000 ---p 00000000 00:00 0 
791e67d04000-791e67e00000 rw-p 00000000 00:00 0 
791e67e00000-791e67e04000 ---p 00000000 00:00 0 
791e67e04000-791e67f00000 rw-p 00000000 00:00 0 
791e67f00000-791e67f04000 ---p 00000000 00:00 0 
791e67f04000-791e68000000 rw-p 00000000 00:00 0 
791e68000000-791e68004000 ---p 00000000 00:00 0 
791e68004000-791e68100000 rw-p 00000000 00:00 0 
791e68100000-791e68104000 ---p 00000000 00:00 0 
791e68104000-791e68200000 rw-p 00000000 00:00 0 
791e68200000-791e68204000 ---p 00000000 00:00 0 
791e68204000-791e68300000 rw-p 00000000 00:00 0 
791e68300000-791e68304000 ---p 00000000 00:00 0 
791e68304000-791e68400000 rw-p 00000000 00:00 0 
791e68400000-791e68404000 ---p 00000000 00:00 0 
791e68404000-791e68500000 rw-p 00000000 00:00 0 
791e68500000-791e68504000 ---p 00000000 00:00 0 
791e68504000-791e68600000 rw-p 00000000 00:00 0 
791e68600000-791e68604000 ---p 00000000 00:00 0 
791e68604000-791e68700000 rw-p 00000000 00:00 0 
791e68700000-791e68704000 ---p 00000000 00:00 0 
791e68704000-791e68800000 rw-p 00000000 00:00 0 
791e68800000-791e68804000 ---p 00000000 00:00 0 
791e68804000-791e68900000 rw-p 00000000 00:00 0 
791e68900000-791e68904000 ---p 00000000 00:00 0 
791e68904000-791e68a00000 rw-p 00000000 00:00 0 
791e68a00000-791e68a04000 ---p 00000000 00:00 0 
791e68a04000-791e68b00000 rw-p 00000000 00:00 0 
791e68b00000-791e68b04000 ---p 00000000 00:00 0 
791e68b04000-791e68c00000 rw-p 00000000 00:00 0 
791e68c00000-791e68c04000 ---p 00000000 00:00 0 
791e68c04000-791e68d00000 rw-p 00000000 00:00 0 
791e68d00000-791e68d04000 ---p 00000000 00:00 0 
791e68d04000-791e68e00000 rw-p 00000000 00:00 0 
791e68e00000-791e68e04000 ---p 00000000 00:00 0 
791e68e04000-791e68f00000 rw-p 00000000 00:00 0 
791e68f00000-791e68f04000 ---p 00000000 00:00 0 
791e68f04000-791e69000000 rw-p 00000000 00:00 0 
791e69000000-791e69004000 ---p 00000000 00:00 0 
791e69004000-791e69100000 rw-p 00000000 00:00 0 
791e69100000-791e69104000 ---p 00000000 00:00 0 
791e69104000-791e69200000 rw-p 00000000 00:00 0 
791e69200000-791e69204000 ---p 00000000 00:00 0 
791e69204000-791e69300000 rw-p 00000000 00:00 0 
791e69300000-791e69304000 ---p 00000000 00:00 0 
791e69304000-791e69400000 rw-p 00000000 00:00 0 
791e69400000-791e69404000 ---p 00000000 00:00 0 
791e69404000-791e69500000 rw-p 00000000 00:00 0 
791e69500000-791e69504000 ---p 00000000 00:00 0 
791e69504000-791e69600000 rw-p 00000000 00:00 0 
791e69600000-791e69604000 ---p 00000000 00:00 0 
791e69604000-791e69700000 rw-p 00000000 00:00 0 
791e69700000-791e69704000 ---p 00000000 00:00 0 
791e69704000-791e69800000 rw-p 00000000 00:00 0 
791e69800000-791e69804000 ---p 00000000 00:00 0 
791e69804000-791e69900000 rw-p 00000000 00:00 0 
791e69900000-791e69904000 ---p 00000000 00:00 0 
791e69904000-791e69a00000 rw-p 00000000 00:00 0 
791e69a00000-791e69a04000 ---p 00000000 00:00 0 
791e69a04000-791e69b00000 rw-p 00000000 00:00 0 
791e69b00000-791e69b04000 ---p 00000000 00:00 0 
791e69b04000-791e69c00000 rw-p 00000000 00:00 0 
791e69c00000-791e69c04000 ---p 00000000 00:00 0 
791e69c04000-791e69d00000 rw-p 00000000 00:00 0 
791e69d00000-791e69d04000 ---p 00000000 00:00 0 
791e69d04000-791e69e00000 rw-p 00000000 00:00 0 
791e69e00000-791e69e04000 ---p 00000000 00:00 0 
791e69e04000-791e69f00000 rw-p 00000000 00:00 0 
791e69f00000-791e69f04000 ---p 00000000 00:00 0 
791e69f04000-791e6a000000 rw-p 00000000 00:00 0 
791e6a000000-791e6a004000 ---p 00000000 00:00 0 
791e6a004000-791e6a100000 rw-p 00000000 00:00 0 
791e6a100000-791e6a104000 ---p 00000000 00:00 0 
791e6a104000-791e6a200000 rw-p 00000000 00:00 0 
791e6a200000-791e6a204000 ---p 00000000 00:00 0 
791e6a204000-791e6a300000 rw-p 00000000 00:00 0 
791e6a300000-791e6a304000 ---p 00000000 00:00 0 
791e6a304000-791e6a400000 rw-p 00000000 00:00 0 
791e6a400000-791e6a404000 ---p 00000000 00:00 0 
791e6a404000-791e6a500000 rw-p 00000000 00:00 0 
791e6a500000-791e6a504000 ---p 00000000 00:00 0 
791e6a504000-791e6a600000 rw-p 00000000 00:00 0 
791e6a600000-791e6a604000 ---p 00000000 00:00 0 
791e6a604000-791e6a700000 rw-p 00000000 00:00 0 
791e6a700000-791e6a704000 ---p 00000000 00:00 0 
791e6a704000-791e6a800000 rw-p 00000000 00:00 0 
791e6a800000-791e6a804000 ---p 00000000 00:00 0 
791e6a804000-791e6a900000 rw-p 00000000 00:00 0 
791e6a900000-791e6a904000 ---p 00000000 00:00 0 
791e6a904000-791e6aa00000 rw-p 00000000 00:00 0 
791e6aa00000-791e6aa04000 ---p 00000000 00:00 0 
791e6aa04000-791e6ab00000 rw-p 00000000 00:00 0 
791e6ab00000-791e6ab04000 ---p 00000000 00:00 0 
791e6ab04000-791e6ac00000 rw-p 00000000 00:00 0 
791e6ac00000-791e6ac04000 ---p 00000000 00:00 0 
791e6ac04000-791e6ad00000 rw-p 00000000 00:00 0 
791e6ad00000-791e6ad04000 ---p 00000000 00:00 0 
791e6ad04000-791e6ae00000 rw-p 00000000 00:00 0 
791e6ae00000-791e6ae04000 ---p 00000000 00:00 0 
791e6ae04000-791e6af00000 rw-p 00000000 00:00 0 
791e6af00000-791e6af04000 ---p 00000000 00:00 0 
791e6af04000-791e6b000000 rw-p 00000000 00:00 0 
791e6b000000-791e6b004000 ---p 00000000 00:00 0 
791e6b004000-791e6b100000 rw-p 00000000 00:00 0 
791e6b100000-791e6b104000 ---p 00000000 00:00 0 
791e6b104000-791e6b200000 rw-p 00000000 00:00 0 
791e6b200000-791e6b204000 ---p 00000000 00:00 0 
791e6b204000-791e6b300000 rw-p 00000000 00:00 0 
791e6b300000-791e6b304000 ---p 00000000 00:00 0 
791e6b304000-791e6b400000 rw-p 00000000 00:00 0 
791e6b400000-791e6b404000 ---p 00000000 00:00 0 
791e6b404000-791e6b500000 rw-p 00000000 00:00 0 
791e6b500000-791e6b504000 ---p 00000000 00:00 0 
791e6b504000-791e6b600000 rw-p 00000000 00:00 0 
791e6b600000-791e6b604000 ---p 00000000 00:00 0 
791e6b604000-791e6b700000 rw-p 00000000 00:00 0 
791e6b700000-791e6b704000 ---p 00000000 00:00 0 
791e6b704000-791e6b800000 rw-p 00000000 00:00 0 
791e6b800000-791e6b804000 ---p 00000000 00:00 0 
791e6b804000-791e6b900000 rw-p 00000000 00:00 0 
791e6b900000-791e6b904000 ---p 00000000 00:00 0 
791e6b904000-791e6ba00000 rw-p 00000000 00:00 0 
791e6ba00000-791e6ba04000 ---p 00000000 00:00 0 
791e6ba04000-791e6bb00000 rw-p 00000000 00:00 0 
791e6bb00000-791e6bb04000 ---p 00000000 00:00 0 
791e6bb04000-791e6bc00000 rw-p 00000000 00:00 0 
791e6bc00000-791e6bc04000 ---p 00000000 00:00 0 
791e6bc04000-791e6bd00000 rw-p 00000000 00:00 0 
791e6bd00000-791e6bd04000 ---p 00000000 00:00 0 
791e6bd04000-791e6be00000 rw-p 00000000 00:00 0 
791e6be00000-791e6be04000 ---p 00000000 00:00 0 
791e6be04000-791e6bf00000 rw-p 00000000 00:00 0 
791e6bf00000-791e6bf04000 ---p 00000000 00:00 0 
791e6bf04000-791e6c000000 rw-p 00000000 00:00 0 
791e6c000000-791e6d1ca000 rw-p 00000000 00:00 0 
791e6d1ca000-791e70000000 ---p 00000000 00:00 0 
791e70000000-791e7158e000 rw-p 00000000 00:00 0 
791e7158e000-791e74004000 ---p 00000000 00:00 0 
791e74004000-791e74100000 rw-p 00000000 00:00 0 
791e74100000-791e74104000 ---p 00000000 00:00 0 
791e74104000-791e74200000 rw-p 00000000 00:00 0 
791e74200000-791e74204000 ---p 00000000 00:00 0 
791e74204000-791e74300000 rw-p 00000000 00:00 0 
791e74300000-791e74304000 ---p 00000000 00:00 0 
791e74304000-791e74400000 rw-p 00000000 00:00 0 
791e74400000-791e74404000 ---p 00000000 00:00 0 
791e74404000-791e74500000 rw-p 00000000 00:00 0 
791e74500000-791e74504000 ---p 00000000 00:00 0 
791e74504000-791e74600000 rw-p 00000000 00:00 0 
791e74600000-791e74604000 ---p 00000000 00:00 0 
791e74604000-791e74700000 rw-p 00000000 00:00 0 
791e74700000-791e74704000 ---p 00000000 00:00 0 
791e74704000-791e74800000 rw-p 00000000 00:00 0 
791e74800000-791e74804000 ---p 00000000 00:00 0 
791e74804000-791e74900000 rw-p 00000000 00:00 0 
791e74900000-791e74904000 ---p 00000000 00:00 0 
791e74904000-791e74a00000 rw-p 00000000 00:00 0 
791e74a00000-791e74a04000 ---p 00000000 00:00 0 
791e74a04000-791e74b00000 rw-p 00000000 00:00 0 
791e74b00000-791e74b04000 ---p 00000000 00:00 0 
791e74b04000-791e74c00000 rw-p 00000000 00:00 0 
791e74c00000-791e74c04000 ---p 00000000 00:00 0 
791e74c04000-791e74d00000 rw-p 00000000 00:00 0 
791e74d00000-791e74d04000 ---p 00000000 00:00 0 
791e74d04000-791e74e00000 rw-p 00000000 00:00 0 
791e74e00000-791e74e04000 ---p 00000000 00:00 0 
791e74e04000-791e74f00000 rw-p 00000000 00:00 0 
791e74f00000-791e74f04000 ---p 00000000 00:00 0 
791e74f04000-791e75000000 rw-p 00000000 00:00 0 
791e75000000-791e75004000 ---p 00000000 00:00 0 
791e75004000-791e75100000 rw-p 00000000 00:00 0 
791e75100000-791e75104000 ---p 00000000 00:00 0 
791e75104000-791e75200000 rw-p 00000000 00:00 0 
791e75200000-791e75204000 ---p 00000000 00:00 0 
791e75204000-791e75300000 rw-p 00000000 00:00 0 
791e75300000-791e75304000 ---p 00000000 00:00 0 
791e75304000-791e75400000 rw-p 00000000 00:00 0 
791e75400000-791e75404000 ---p 00000000 00:00 0 
791e75404000-791e75500000 rw-p 00000000 00:00 0 
791e75500000-791e75504000 ---p 00000000 00:00 0 
791e75504000-791e75600000 rw-p 00000000 00:00 0 
791e75600000-791e75604000 ---p 00000000 00:00 0 
791e75604000-791e75700000 rw-p 00000000 00:00 0 
791e75700000-791e75704000 ---p 00000000 00:00 0 
791e75704000-791e75800000 rw-p 00000000 00:00 0 
791e75800000-791e75804000 ---p 00000000 00:00 0 
791e75804000-791e75900000 rw-p 00000000 00:00 0 
791e75900000-791e75904000 ---p 00000000 00:00 0 
791e75904000-791e75a00000 rw-p 00000000 00:00 0 
791e75a00000-791e75a04000 ---p 00000000 00:00 0 
791e75a04000-791e75b00000 rw-p 00000000 00:00 0 
791e75b00000-791e75b04000 ---p 00000000 00:00 0 
791e75b04000-791e75c00000 rw-p 00000000 00:00 0 
791e75c00000-791e75c04000 ---p 00000000 00:00 0 
791e75c04000-791e75d00000 rw-p 00000000 00:00 0 
791e75d00000-791e75d04000 ---p 00000000 00:00 0 
791e75d04000-791e75e00000 rw-p 00000000 00:00 0 
791e75e00000-791e75e04000 ---p 00000000 00:00 0 
791e75e04000-791e75f00000 rw-p 00000000 00:00 0 
791e75f00000-791e75f04000 ---p 00000000 00:00 0 
791e75f04000-791e76000000 rw-p 00000000 00:00 0 
791e76000000-791e76004000 ---p 00000000 00:00 0 
791e76004000-791e76100000 rw-p 00000000 00:00 0 
791e76100000-791e76104000 ---p 00000000 00:00 0 
791e76104000-791e76200000 rw-p 00000000 00:00 0 
791e76200000-791e76204000 ---p 00000000 00:00 0 
791e76204000-791e76300000 rw-p 00000000 00:00 0 
791e76300000-791e76304000 ---p 00000000 00:00 0 
791e76304000-791e76400000 rw-p 00000000 00:00 0 
791e76400000-791e76404000 ---p 00000000 00:00 0 
791e76404000-791e76500000 rw-p 00000000 00:00 0 
791e76500000-791e76504000 ---p 00000000 00:00 0 
791e76504000-791e76600000 rw-p 00000000 00:00 0 
791e76600000-791e76604000 ---p 00000000 00:00 0 
791e76604000-791e76700000 rw-p 00000000 00:00 0 
791e76700000-791e76704000 ---p 00000000 00:00 0 
791e76704000-791e76800000 rw-p 00000000 00:00 0 
791e76800000-791e76804000 ---p 00000000 00:00 0 
791e76804000-791e76900000 rw-p 00000000 00:00 0 
791e76900000-791e76904000 ---p 00000000 00:00 0 
791e76904000-791e76a00000 rw-p 00000000 00:00 0 
791e76a00000-791e76a04000 ---p 00000000 00:00 0 
791e76a04000-791e76b00000 rw-p 00000000 00:00 0 
791e76b00000-791e76b04000 ---p 00000000 00:00 0 
791e76b04000-791e76c00000 rw-p 00000000 00:00 0 
791e76c00000-791e76c04000 ---p 00000000 00:00 0 
791e76c04000-791e76d00000 rw-p 00000000 00:00 0 
791e76d00000-791e76d04000 ---p 00000000 00:00 0 
791e76d04000-791e76e00000 rw-p 00000000 00:00 0 
791e76e00000-791e76e04000 ---p 00000000 00:00 0 
791e76e04000-791e76f00000 rw-p 00000000 00:00 0 
791e76f00000-791e76f04000 ---p 00000000 00:00 0 
791e76f04000-791e77000000 rw-p 00000000 00:00 0 
791e77000000-791e77004000 ---p 00000000 00:00 0 
791e77004000-791e77100000 rw-p 00000000 00:00 0 
791e77100000-791e77104000 ---p 00000000 00:00 0 
791e77104000-791e77200000 rw-p 00000000 00:00 0 
791e77200000-791e77204000 ---p 00000000 00:00 0 
791e77204000-791e77300000 rw-p 00000000 00:00 0 
791e77300000-791e77304000 ---p 00000000 00:00 0 
791e77304000-791e77400000 rw-p 00000000 00:00 0 
791e77400000-791e77404000 ---p 00000000 00:00 0 
791e77404000-791e77500000 rw-p 00000000 00:00 0 
791e77500000-791e77504000 ---p 00000000 00:00 0 
791e77504000-791e77600000 rw-p 00000000 00:00 0 
791e77600000-791e77604000 ---p 00000000 00:00 0 
791e77604000-791e77700000 rw-p 00000000 00:00 0 
791e77700000-791e77704000 ---p 00000000 00:00 0 
791e77704000-791e77800000 rw-p 00000000 00:00 0 
791e77800000-791e77804000 ---p 00000000 00:00 0 
791e77804000-791e77900000 rw-p 00000000 00:00 0 
791e77900000-791e77904000 ---p 00000000 00:00 0 
791e77904000-791e77a00000 rw-p 00000000 00:00 0 
791e77a00000-791e77a04000 ---p 00000000 00:00 0 
791e77a04000-791e77b00000 rw-p 00000000 00:00 0 
791e77b00000-791e77b04000 ---p 00000000 00:00 0 
791e77b04000-791e77c00000 rw-p 00000000 00:00 0 
791e77c00000-791e77c04000 ---p 00000000 00:00 0 
791e77c04000-791e77d00000 rw-p 00000000 00:00 0 
791e77d00000-791e77d04000 ---p 00000000 00:00 0 
791e77d04000-791e77e00000 rw-p 00000000 00:00 0 
791e77e00000-791e77e04000 ---p 00000000 00:00 0 
791e77e04000-791e77f00000 rw-p 00000000 00:00 0 
791e77f00000-791e77f04000 ---p 00000000 00:00 0 
791e77f04000-791e78000000 rw-p 00000000 00:00 0 
791e78000000-791e782d4000 rw-p 00000000 00:00 0 
791e782d4000-791e7c000000 ---p 00000000 00:00 0 
791e7c000000-791e7cc73000 rw-p 00000000 00:00 0 
791e7cc73000-791e80000000 ---p 00000000 00:00 0 
791e80000000-791e811cd000 rw-p 00000000 00:00 0 
791e811cd000-791e84000000 ---p 00000000 00:00 0 
791e84000000-791e8466f000 rw-p 00000000 00:00 0 
791e8466f000-791e88000000 ---p 00000000 00:00 0 
791e88000000-791e895b9000 rw-p 00000000 00:00 0 
791e895b9000-791e8c000000 ---p 00000000 00:00 0 
791e8c000000-791e8d2f7000 rw-p 00000000 00:00 0 
791e8d2f7000-791e90000000 ---p 00000000 00:00 0 
791e90000000-791e9015b000 rw-p 00000000 00:00 0 
791e9015b000-791e94000000 ---p 00000000 00:00 0 
791e94000000-791e94058000 rw-p 00000000 00:00 0 
791e94058000-791e98000000 ---p 00000000 00:00 0 
791e98000000-791e98169000 rw-p 00000000 00:00 0 
791e98169000-791e9c000000 ---p 00000000 00:00 0 
791e9c000000-791e9c062000 rw-p 00000000 00:00 0 
791e9c062000-791ea0000000 ---p 00000000 00:00 0 
791ea0000000-791ea0126000 rw-p 00000000 00:00 0 
791ea0126000-791ea4000000 ---p 00000000 00:00 0 
791ea4000000-791ea4191000 rw-p 00000000 00:00 0 
791ea4191000-791ea8000000 ---p 00000000 00:00 0 
791ea8000000-791ea8125000 rw-p 00000000 00:00 0 
791ea8125000-791eac000000 ---p 00000000 00:00 0 
791eac000000-791eac121000 rw-p 00000000 00:00 0 
791eac121000-791eb0000000 ---p 00000000 00:00 0 
791eb0000000-791eb015d000 rw-p 00000000 00:00 0 
791eb015d000-791eb4000000 ---p 00000000 00:00 0 
791eb4000000-791eb4031000 rw-p 00000000 00:00 0 
791eb4031000-791eb8000000 ---p 00000000 00:00 0 
791eb8000000-791eb8114000 rw-p 00000000 00:00 0 
791eb8114000-791ebc000000 ---p 00000000 00:00 0 
791ebc000000-791ebc02a000 rw-p 00000000 00:00 0 
791ebc02a000-791ec0000000 ---p 00000000 00:00 0 
791ec0000000-791ec0338000 rw-p 00000000 00:00 0 
791ec0338000-791ec4000000 ---p 00000000 00:00 0 
791ec4000000-791ec4043000 rw-p 00000000 00:00 0 
791ec4043000-791ec8000000 ---p 00000000 00:00 0 
791ec8000000-791ec8070000 rw-p 00000000 00:00 0 
791ec8070000-791ecc000000 ---p 00000000 00:00 0 
791ecc000000-791ecc021000 rw-p 00000000 00:00 0 
791ecc021000-791ed0000000 ---p 00000000 00:00 0 
791ed0000000-791ed0093000 rw-p 00000000 00:00 0 
791ed0093000-791ed4000000 ---p 00000000 00:00 0 
791ed4000000-791ed40de000 rw-p 00000000 00:00 0 
791ed40de000-791ed8000000 ---p 00000000 00:00 0 
791ed8000000-791ed80a9000 rw-p 00000000 00:00 0 
791ed80a9000-791edc000000 ---p 00000000 00:00 0 
791edc000000-791edc2e4000 rw-p 00000000 00:00 0 
791edc2e4000-791ee0000000 ---p 00000000 00:00 0 
791ee0000000-791ee0085000 rw-p 00000000 00:00 0 
791ee0085000-791ee4000000 ---p 00000000 00:00 0 
791ee4000000-791ee46e0000 rw-p 00000000 00:00 0 
791ee46e0000-791ee8000000 ---p 00000000 00:00 0 
791ee8000000-791eea2b6000 rw-p 00000000 00:00 0 
791eea2b6000-791eec000000 ---p 00000000 00:00 0 
791eec000000-791eec0d8000 rw-p 00000000 00:00 0 
791eec0d8000-791ef0000000 ---p 00000000 00:00 0 
791ef0000000-791ef006e000 rw-p 00000000 00:00 0 
791ef006e000-791ef4000000 ---p 00000000 00:00 0 
791ef4000000-791ef4045000 rw-p 00000000 00:00 0 
791ef4045000-791ef8000000 ---p 00000000 00:00 0 
791ef8000000-791ef8dd8000 rw-p 00000000 00:00 0 
791ef8dd8000-791efc000000 ---p 00000000 00:00 0 
791efc000000-791efc090000 rw-p 00000000 00:00 0 
791efc090000-791f00000000 ---p 00000000 00:00 0 
791f00000000-791f00046000 rw-p 00000000 00:00 0 
791f00046000-791f04000000 ---p 00000000 00:00 0 
791f04000000-791f04043000 rw-p 00000000 00:00 0 
791f04043000-791f08000000 ---p 00000000 00:00 0 
791f08000000-791f08241000 rw-p 00000000 00:00 0 
791f08241000-791f0c000000 ---p 00000000 00:00 0 
791f0c000000-791f0c100000 rw-p 00000000 00:00 0 
791f0c100000-791f10000000 ---p 00000000 00:00 0 
791f10000000-791f119e7000 rw-p 00000000 00:00 0 
791f119e7000-791f14000000 ---p 00000000 00:00 0 
791f14000000-791f14059000 rw-p 00000000 00:00 0 
791f14059000-791f18000000 ---p 00000000 00:00 0 
791f18000000-791f180bb000 rw-p 00000000 00:00 0 
791f180bb000-791f1c000000 ---p 00000000 00:00 0 
791f1c000000-791f1d5b0000 rw-p 00000000 00:00 0 
791f1d5b0000-791f20000000 ---p 00000000 00:00 0 
791f20000000-791f20244000 rw-p 00000000 00:00 0 
791f20244000-791f24000000 ---p 00000000 00:00 0 
791f24000000-791f26916000 rw-p 00000000 00:00 0 
791f26916000-791f28000000 ---p 00000000 00:00 0 
791f28000000-791f28072000 rw-p 00000000 00:00 0 
791f28072000-791f2c000000 ---p 00000000 00:00 0 
791f2c000000-791f2c082000 rw-p 00000000 00:00 0 
791f2c082000-791f30000000 ---p 00000000 00:00 0 
791f30000000-791f3008a000 rw-p 00000000 00:00 0 
791f3008a000-791f34000000 ---p 00000000 00:00 0 
791f34000000-791f3408d000 rw-p 00000000 00:00 0 
791f3408d000-791f38000000 ---p 00000000 00:00 0 
791f38000000-791f3804a000 rw-p 00000000 00:00 0 
791f3804a000-791f3c000000 ---p 00000000 00:00 0 
791f3c000000-791f3d409000 rw-p 00000000 00:00 0 
791f3d409000-791f40000000 ---p 00000000 00:00 0 
791f40000000-791f4006c000 rw-p 00000000 00:00 0 
791f4006c000-791f44000000 ---p 00000000 00:00 0 
791f44000000-791f44122000 rw-p 00000000 00:00 0 
791f44122000-791f48000000 ---p 00000000 00:00 0 
791f48000000-791f480a0000 rw-p 00000000 00:00 0 
791f480a0000-791f4c000000 ---p 00000000 00:00 0 
791f4c000000-791f4d2ba000 rw-p 00000000 00:00 0 
791f4d2ba000-791f50000000 ---p 00000000 00:00 0 
791f50000000-791f5005b000 rw-p 00000000 00:00 0 
791f5005b000-791f54000000 ---p 00000000 00:00 0 
791f54000000-791f54414000 rw-p 00000000 00:00 0 
791f54414000-791f58000000 ---p 00000000 00:00 0 
791f58000000-791f58075000 rw-p 00000000 00:00 0 
791f58075000-791f5c000000 ---p 00000000 00:00 0 
791f5c000000-791f5c0b2000 rw-p 00000000 00:00 0 
791f5c0b2000-791f60000000 ---p 00000000 00:00 0 
791f60000000-791f60054000 rw-p 00000000 00:00 0 
791f60054000-791f64000000 ---p 00000000 00:00 0 
791f64000000-791f6406e000 rw-p 00000000 00:00 0 
791f6406e000-791f68000000 ---p 00000000 00:00 0 
791f68000000-791f6818b000 rw-p 00000000 00:00 0 
791f6818b000-791f6c000000 ---p 00000000 00:00 0 
791f6c000000-791f6c0f8000 rw-p 00000000 00:00 0 
791f6c0f8000-791f70000000 ---p 00000000 00:00 0 
791f70000000-791f70054000 rw-p 00000000 00:00 0 
791f70054000-791f74000000 ---p 00000000 00:00 0 
791f74000000-791f74082000 rw-p 00000000 00:00 0 
791f74082000-791f78004000 ---p 00000000 00:00 0 
791f78004000-791f78100000 rw-p 00000000 00:00 0 
791f78100000-791f78104000 ---p 00000000 00:00 0 
791f78104000-791f78200000 rw-p 00000000 00:00 0 
791f78200000-791f78204000 ---p 00000000 00:00 0 
791f78204000-791f78300000 rw-p 00000000 00:00 0 
791f78300000-791f78304000 ---p 00000000 00:00 0 
791f78304000-791f78400000 rw-p 00000000 00:00 0 
791f78400000-791f78404000 ---p 00000000 00:00 0 
791f78404000-791f78500000 rw-p 00000000 00:00 0 
791f78500000-791f78504000 ---p 00000000 00:00 0 
791f78504000-791f78600000 rw-p 00000000 00:00 0 
791f78600000-791f78604000 ---p 00000000 00:00 0 
791f78604000-791f78700000 rw-p 00000000 00:00 0 
791f78700000-791f78704000 ---p 00000000 00:00 0 
791f78704000-791f78800000 rw-p 00000000 00:00 0 
791f78800000-791f78804000 ---p 00000000 00:00 0 
791f78804000-791f78900000 rw-p 00000000 00:00 0 
791f78900000-791f78904000 ---p 00000000 00:00 0 
791f78904000-791f78a00000 rw-p 00000000 00:00 0 
791f78a00000-791f78a04000 ---p 00000000 00:00 0 
791f78a04000-791f78b00000 rw-p 00000000 00:00 0 
791f78b00000-791f78b04000 ---p 00000000 00:00 0 
791f78b04000-791f78c00000 rw-p 00000000 00:00 0 
791f78c00000-791f78c04000 ---p 00000000 00:00 0 
791f78c04000-791f78d00000 rw-p 00000000 00:00 0 
791f78d00000-791f78d04000 ---p 00000000 00:00 0 
791f78d04000-791f78e00000 rw-p 00000000 00:00 0 
791f78e00000-791f78e04000 ---p 00000000 00:00 0 
791f78e04000-791f78f00000 rw-p 00000000 00:00 0 
791f78f00000-791f78f04000 ---p 00000000 00:00 0 
791f78f04000-791f79000000 rw-p 00000000 00:00 0 
791f79000000-791f79004000 ---p 00000000 00:00 0 
791f79004000-791f79100000 rw-p 00000000 00:00 0 
791f79100000-791f79104000 ---p 00000000 00:00 0 
791f79104000-791f79200000 rw-p 00000000 00:00 0 
791f79200000-791f79204000 ---p 00000000 00:00 0 
791f79204000-791f79300000 rw-p 00000000 00:00 0 
791f79300000-791f79304000 ---p 00000000 00:00 0 
791f79304000-791f79400000 rw-p 00000000 00:00 0 
791f79400000-791f79404000 ---p 00000000 00:00 0 
791f79404000-791f79500000 rw-p 00000000 00:00 0 
791f79500000-791f79504000 ---p 00000000 00:00 0 
791f79504000-791f79600000 rw-p 00000000 00:00 0 
791f79600000-791f79604000 ---p 00000000 00:00 0 
791f79604000-791f79700000 rw-p 00000000 00:00 0 
791f79700000-791f79704000 ---p 00000000 00:00 0 
791f79704000-791f79800000 rw-p 00000000 00:00 0 
791f79800000-791f79804000 ---p 00000000 00:00 0 
791f79804000-791f79900000 rw-p 00000000 00:00 0 
791f79900000-791f79904000 ---p 00000000 00:00 0 
791f79904000-791f79a00000 rw-p 00000000 00:00 0 
791f79a00000-791f79a04000 ---p 00000000 00:00 0 
791f79a04000-791f79b00000 rw-p 00000000 00:00 0 
791f79b00000-791f79b04000 ---p 00000000 00:00 0 
791f79b04000-791f79c00000 rw-p 00000000 00:00 0 
791f79c00000-791f79c04000 ---p 00000000 00:00 0 
791f79c04000-791f79d00000 rw-p 00000000 00:00 0 
791f79d00000-791f79d04000 ---p 00000000 00:00 0 
791f79d04000-791f79e00000 rw-p 00000000 00:00 0 
791f79e00000-791f79e04000 ---p 00000000 00:00 0 
791f79e04000-791f79f00000 rw-p 00000000 00:00 0 
791f79f00000-791f79f04000 ---p 00000000 00:00 0 
791f79f04000-791f7a000000 rw-p 00000000 00:00 0 
791f7a000000-791f7a004000 ---p 00000000 00:00 0 
791f7a004000-791f7a100000 rw-p 00000000 00:00 0 
791f7a100000-791f7a104000 ---p 00000000 00:00 0 
791f7a104000-791f7a200000 rw-p 00000000 00:00 0 
791f7a200000-791f7a204000 ---p 00000000 00:00 0 
791f7a204000-791f7a300000 rw-p 00000000 00:00 0 
791f7a300000-791f7a304000 ---p 00000000 00:00 0 
791f7a304000-791f7a400000 rw-p 00000000 00:00 0 
791f7a400000-791f7a404000 ---p 00000000 00:00 0 
791f7a404000-791f7a500000 rw-p 00000000 00:00 0 
791f7a500000-791f7a504000 ---p 00000000 00:00 0 
791f7a504000-791f7a600000 rw-p 00000000 00:00 0 
791f7a600000-791f7a604000 ---p 00000000 00:00 0 
791f7a604000-791f7a700000 rw-p 00000000 00:00 0 
791f7a700000-791f7a704000 ---p 00000000 00:00 0 
791f7a704000-791f7a800000 rw-p 00000000 00:00 0 
791f7a800000-791f7a804000 ---p 00000000 00:00 0 
791f7a804000-791f7a900000 rw-p 00000000 00:00 0 
791f7a900000-791f7a904000 ---p 00000000 00:00 0 
791f7a904000-791f7aa00000 rw-p 00000000 00:00 0 
791f7aa00000-791f7aa04000 ---p 00000000 00:00 0 
791f7aa04000-791f7ab00000 rw-p 00000000 00:00 0 
791f7ab00000-791f7ab04000 ---p 00000000 00:00 0 
791f7ab04000-791f7ac00000 rw-p 00000000 00:00 0 
791f7ac00000-791f7ac04000 ---p 00000000 00:00 0 
791f7ac04000-791f7ad00000 rw-p 00000000 00:00 0 
791f7ad00000-791f7ad04000 ---p 00000000 00:00 0 
791f7ad04000-791f7ae00000 rw-p 00000000 00:00 0 
791f7ae00000-791f7ae04000 ---p 00000000 00:00 0 
791f7ae04000-791f7af00000 rw-p 00000000 00:00 0 
791f7af00000-791f7af04000 ---p 00000000 00:00 0 
791f7af04000-791f7b000000 rw-p 00000000 00:00 0 
791f7b000000-791f7b004000 ---p 00000000 00:00 0 
791f7b004000-791f7b100000 rw-p 00000000 00:00 0 
791f7b100000-791f7b104000 ---p 00000000 00:00 0 
791f7b104000-791f7b200000 rw-p 00000000 00:00 0 
791f7b200000-791f7b204000 ---p 00000000 00:00 0 
791f7b204000-791f7b300000 rw-p 00000000 00:00 0 
791f7b300000-791f7b304000 ---p 00000000 00:00 0 
791f7b304000-791f7b400000 rw-p 00000000 00:00 0 
791f7b400000-791f7b404000 ---p 00000000 00:00 0 
791f7b404000-791f7b500000 rw-p 00000000 00:00 0 
791f7b500000-791f7b504000 ---p 00000000 00:00 0 
791f7b504000-791f7b600000 rw-p 00000000 00:00 0 
791f7b600000-791f7b604000 ---p 00000000 00:00 0 
791f7b604000-791f7b700000 rw-p 00000000 00:00 0 
791f7b700000-791f7b704000 ---p 00000000 00:00 0 
791f7b704000-791f7b800000 rw-p 00000000 00:00 0 
791f7b800000-791f7b804000 ---p 00000000 00:00 0 
791f7b804000-791f7b900000 rw-p 00000000 00:00 0 
791f7b900000-791f7b904000 ---p 00000000 00:00 0 
791f7b904000-791f7ba00000 rw-p 00000000 00:00 0 
791f7ba00000-791f7ba04000 ---p 00000000 00:00 0 
791f7ba04000-791f7bb00000 rw-p 00000000 00:00 0 
791f7bb00000-791f7bb04000 ---p 00000000 00:00 0 
791f7bb04000-791f7bc00000 rw-p 00000000 00:00 0 
791f7bc00000-791f7bc04000 ---p 00000000 00:00 0 
791f7bc04000-791f7bd00000 rw-p 00000000 00:00 0 
791f7bd00000-791f7bd04000 ---p 00000000 00:00 0 
791f7bd04000-791f7be00000 rw-p 00000000 00:00 0 
791f7be00000-791f7be04000 ---p 00000000 00:00 0 
791f7be04000-791f7bf00000 rw-p 00000000 00:00 0 
791f7bf00000-791f7bf04000 ---p 00000000 00:00 0 
791f7bf04000-791f7c000000 rw-p 00000000 00:00 0 
791f7c000000-791f7c065000 rw-p 00000000 00:00 0 
791f7c065000-791f80000000 ---p 00000000 00:00 0 
791f80000000-791f80074000 rw-p 00000000 00:00 0 
791f80074000-791f84000000 ---p 00000000 00:00 0 
791f84000000-791f8403f000 rw-p 00000000 00:00 0 
791f8403f000-791f88000000 ---p 00000000 00:00 0 
791f88000000-791f88082000 rw-p 00000000 00:00 0 
791f88082000-791f8c000000 ---p 00000000 00:00 0 
791f8c000000-791f8c362000 rw-p 00000000 00:00 0 
791f8c362000-791f90000000 ---p 00000000 00:00 0 
791f90000000-791f90074000 rw-p 00000000 00:00 0 
791f90074000-791f94000000 ---p 00000000 00:00 0 
791f94000000-791f94042000 rw-p 00000000 00:00 0 
791f94042000-791f98000000 ---p 00000000 00:00 0 
791f98000000-791f9816f000 rw-p 00000000 00:00 0 
791f9816f000-791f9c000000 ---p 00000000 00:00 0 
791f9c000000-791f9c04d000 rw-p 00000000 00:00 0 
791f9c04d000-791fa0000000 ---p 00000000 00:00 0 
791fa0000000-791fa005a000 rw-p 00000000 00:00 0 
791fa005a000-791fa4000000 ---p 00000000 00:00 0 
791fa4000000-791fa4026000 rw-p 00000000 00:00 0 
791fa4026000-791fa8000000 ---p 00000000 00:00 0 
791fa8000000-791fa803a000 rw-p 00000000 00:00 0 
791fa803a000-791fac000000 ---p 00000000 00:00 0 
791fac000000-791fac71c000 rw-p 00000000 00:00 0 
791fac71c000-791fb0000000 ---p 00000000 00:00 0 
791fb0000000-791fb0021000 rw-p 00000000 00:00 0 
791fb0021000-791fb4000000 ---p 00000000 00:00 0 
791fb4000000-791fb4564000 rw-p 00000000 00:00 0 
791fb4564000-791fb8000000 ---p 00000000 00:00 0 
791fb8000000-791fb8021000 rw-p 00000000 00:00 0 
791fb8021000-791fbc000000 ---p 00000000 00:00 0 
791fbc000000-791fbd100000 rw-p 00000000 00:00 0 
791fbd100000-791fbd200000 rw-p 00000000 00:00 0 
791fbd200000-791fbd700000 rw-p 00000000 00:00 0 
791fbd700000-791fbd800000 rw-p 00000000 00:00 0 
791fbd800000-791fbdd80000 rw-p 00000000 00:00 0 
791fbdd80000-791fbde00000 rw-p 00000000 00:00 0 
791fbde00000-791fbe300000 rw-p 00000000 00:00 0 
791fbe300000-791fbe400000 rw-p 00000000 00:00 0 
791fbe400000-791fbf7c0000 rw-p 00000000 00:00 0 
791fbf7c0000-791fbf900000 rw-p 00000000 00:00 0 
791fbf900000-791fbfb00000 rw-p 00000000 00:00 0 
791fbfb00000-791fbfb80000 rw-p 00000000 00:00 0 
791fbfb80000-791fbfc00000 rw-p 00000000 00:00 0 
791fbfc00000-791fbfd00000 rw-p 00000000 00:00 0 
791fbfd00000-791fbfe00000 rw-p 00000000 00:00 0 
791fbfe00000-791fc0000000 rw-p 00000000 00:00 0 
791fc0000000-791fc0409000 rw-p 00000000 00:00 0 
791fc0409000-791fc4000000 ---p 00000000 00:00 0 
791fc4000000-791fc4050000 rw-p 00000000 00:00 0 
791fc4050000-791fc8000000 ---p 00000000 00:00 0 
791fc8000000-791fc9b9f000 rw-p 00000000 00:00 0 
791fc9b9f000-791fcc000000 ---p 00000000 00:00 0 
791fcc000000-791fcc635000 rw-p 00000000 00:00 0 
791fcc635000-791fd0000000 ---p 00000000 00:00 0 
791fd0000000-791fd250d000 rw-p 00000000 00:00 0 
791fd250d000-791fd4000000 ---p 00000000 00:00 0 
791fd4000000-791fd4319000 rw-p 00000000 00:00 0 
791fd4319000-791fd8000000 ---p 00000000 00:00 0 
791fd8000000-791fd8021000 rw-p 00000000 00:00 0 
791fd8021000-791fdc000000 ---p 00000000 00:00 0 
791fdc000000-791fddd95000 rw-p 00000000 00:00 0 
791fddd95000-791fe0000000 ---p 00000000 00:00 0 
791fe0000000-791fe0021000 rw-p 00000000 00:00 0 
791fe0021000-791fe4000000 ---p 00000000 00:00 0 
791fe4000000-791fe4021000 rw-p 00000000 00:00 0 
791fe4021000-791fe8000000 ---p 00000000 00:00 0 
791fe8000000-791fe8088000 rw-p 00000000 00:00 0 
791fe8088000-791fec000000 ---p 00000000 00:00 0 
791fec000000-791fec775000 rw-p 00000000 00:00 0 
791fec775000-791ff0000000 ---p 00000000 00:00 0 
791ff0000000-791ff0fbf000 rw-p 00000000 00:00 0 
791ff0fbf000-791ff4000000 ---p 00000000 00:00 0 
791ff4000000-791ff40d5000 rw-p 00000000 00:00 0 
791ff40d5000-791ff8000000 ---p 00000000 00:00 0 
791ff8000000-791ff806d000 rw-p 00000000 00:00 0 
791ff806d000-791ffc000000 ---p 00000000 00:00 0 
791ffc000000-791ffc06d000 rw-p 00000000 00:00 0 
791ffc06d000-792000000000 ---p 00000000 00:00 0 
792000000000-7920001f6000 rw-p 00000000 00:00 0 
7920001f6000-792004000000 ---p 00000000 00:00 0 
792004000000-792004037000 rw-p 00000000 00:00 0 
792004037000-792008000000 ---p 00000000 00:00 0 
792008000000-792008053000 rw-p 00000000 00:00 0 
792008053000-79200c000000 ---p 00000000 00:00 0 
79200c000000-79200c021000 rw-p 00000000 00:00 0 
79200c021000-792010000000 ---p 00000000 00:00 0 
792010000000-7920100ac000 rw-p 00000000 00:00 0 
7920100ac000-792014000000 ---p 00000000 00:00 0 
792014000000-792014021000 rw-p 00000000 00:00 0 
792014021000-792018000000 ---p 00000000 00:00 0 
792018000000-792018025000 rw-p 00000000 00:00 0 
792018025000-79201c000000 ---p 00000000 00:00 0 
79201c000000-79201c0d5000 rw-p 00000000 00:00 0 
79201c0d5000-792020000000 ---p 00000000 00:00 0 
792020000000-792020021000 rw-p 00000000 00:00 0 
792020021000-792024000000 ---p 00000000 00:00 0 
792024000000-792024021000 rw-p 00000000 00:00 0 
792024021000-792028000000 ---p 00000000 00:00 0 
792028000000-792028025000 rw-p 00000000 00:00 0 
792028025000-79202c000000 ---p 00000000 00:00 0 
79202c000000-79202c025000 rw-p 00000000 00:00 0 
79202c025000-792030000000 ---p 00000000 00:00 0 
792030000000-7920300b6000 rw-p 00000000 00:00 0 
7920300b6000-792034000000 ---p 00000000 00:00 0 
792034000000-792034025000 rw-p 00000000 00:00 0 
792034025000-792038000000 ---p 00000000 00:00 0 
792038000000-792038918000 rw-p 00000000 00:00 0 
792038918000-79203c000000 ---p 00000000 00:00 0 
79203c000000-79203c024000 rw-p 00000000 00:00 0 
79203c024000-792040000000 ---p 00000000 00:00 0 
792040000000-792040021000 rw-p 00000000 00:00 0 
792040021000-792044000000 ---p 00000000 00:00 0 
792044000000-7920440be000 rw-p 00000000 00:00 0 
7920440be000-792048000000 ---p 00000000 00:00 0 
792048000000-792048066000 rw-p 00000000 00:00 0 
792048066000-79204c000000 ---p 00000000 00:00 0 
79204c000000-79204c03e000 rw-p 00000000 00:00 0 
79204c03e000-792050000000 ---p 00000000 00:00 0 
792050000000-792050021000 rw-p 00000000 00:00 0 
792050021000-792054000000 ---p 00000000 00:00 0 
792054000000-792054023000 rw-p 00000000 00:00 0 
792054023000-792058000000 ---p 00000000 00:00 0 
792058000000-792058021000 rw-p 00000000 00:00 0 
792058021000-79205c000000 ---p 00000000 00:00 0 
79205c000000-79205c021000 rw-p 00000000 00:00 0 
79205c021000-792060000000 ---p 00000000 00:00 0 
792060000000-792060021000 rw-p 00000000 00:00 0 
792060021000-792064000000 ---p 00000000 00:00 0 
792064000000-792064021000 rw-p 00000000 00:00 0 
792064021000-792068000000 ---p 00000000 00:00 0 
792068000000-792068021000 rw-p 00000000 00:00 0 
792068021000-79206c000000 ---p 00000000 00:00 0 
79206c000000-79206c023000 rw-p 00000000 00:00 0 
79206c023000-792070000000 ---p 00000000 00:00 0 
792070000000-792070034000 rw-p 00000000 00:00 0 
792070034000-792074000000 ---p 00000000 00:00 0 
792074000000-792074021000 rw-p 00000000 00:00 0 
792074021000-792078000000 ---p 00000000 00:00 0 
792078000000-792078021000 rw-p 00000000 00:00 0 
792078021000-79207c004000 ---p 00000000 00:00 0 
79207c004000-79207c100000 rw-p 00000000 00:00 0 
79207c100000-79207c104000 ---p 00000000 00:00 0 
79207c104000-79207c200000 rw-p 00000000 00:00 0 
79207c200000-79207c204000 ---p 00000000 00:00 0 
79207c204000-79207c300000 rw-p 00000000 00:00 0 
79207c300000-79207c304000 ---p 00000000 00:00 0 
79207c304000-79207c400000 rw-p 00000000 00:00 0 
79207c400000-79207c404000 ---p 00000000 00:00 0 
79207c404000-79207c500000 rw-p 00000000 00:00 0 
79207c500000-79207c504000 ---p 00000000 00:00 0 
79207c504000-79207c600000 rw-p 00000000 00:00 0 
79207c600000-79207c604000 ---p 00000000 00:00 0 
79207c604000-79207c700000 rw-p 00000000 00:00 0 
79207c700000-79207c704000 ---p 00000000 00:00 0 
79207c704000-79207c800000 rw-p 00000000 00:00 0 
79207c800000-79207c804000 ---p 00000000 00:00 0 
79207c804000-79207c900000 rw-p 00000000 00:00 0 
79207c900000-79207c904000 ---p 00000000 00:00 0 
79207c904000-79207ca00000 rw-p 00000000 00:00 0 
79207ca00000-79207ca04000 ---p 00000000 00:00 0 
79207ca04000-79207cb00000 rw-p 00000000 00:00 0 
79207cb00000-79207cb04000 ---p 00000000 00:00 0 
79207cb04000-79207cc00000 rw-p 00000000 00:00 0 
79207cc00000-79207cc04000 ---p 00000000 00:00 0 
79207cc04000-79207cd00000 rw-p 00000000 00:00 0 
79207cd00000-79207cd04000 ---p 00000000 00:00 0 
79207cd04000-79207ce00000 rw-p 00000000 00:00 0 
79207ce00000-79207ce04000 ---p 00000000 00:00 0 
79207ce04000-79207cf00000 rw-p 00000000 00:00 0 
79207cf00000-79207cf04000 ---p 00000000 00:00 0 
79207cf04000-79207d000000 rw-p 00000000 00:00 0 
79207d000000-79207d004000 ---p 00000000 00:00 0 
79207d004000-79207d100000 rw-p 00000000 00:00 0 
79207d100000-79207d104000 ---p 00000000 00:00 0 
79207d104000-79207d200000 rw-p 00000000 00:00 0 
79207d200000-79207d204000 ---p 00000000 00:00 0 
79207d204000-79207d300000 rw-p 00000000 00:00 0 
79207d300000-79207d304000 ---p 00000000 00:00 0 
79207d304000-79207d400000 rw-p 00000000 00:00 0 
79207d400000-79207d404000 ---p 00000000 00:00 0 
79207d404000-79207d500000 rw-p 00000000 00:00 0 
79207d500000-79207d504000 ---p 00000000 00:00 0 
79207d504000-79207d600000 rw-p 00000000 00:00 0 
79207d600000-79207d604000 ---p 00000000 00:00 0 
79207d604000-79207d700000 rw-p 00000000 00:00 0 
79207d700000-79207d704000 ---p 00000000 00:00 0 
79207d704000-79207d800000 rw-p 00000000 00:00 0 
79207d800000-79207d804000 ---p 00000000 00:00 0 
79207d804000-79207d900000 rw-p 00000000 00:00 0 
79207d900000-79207d904000 ---p 00000000 00:00 0 
79207d904000-79207da00000 rw-p 00000000 00:00 0 
79207da00000-79207da04000 ---p 00000000 00:00 0 
79207da04000-79207db00000 rw-p 00000000 00:00 0 
79207db00000-79207db04000 ---p 00000000 00:00 0 
79207db04000-79207dc00000 rw-p 00000000 00:00 0 
79207dc00000-79207dc04000 ---p 00000000 00:00 0 
79207dc04000-79207dd00000 rw-p 00000000 00:00 0 
79207dd00000-79207dd04000 ---p 00000000 00:00 0 
79207dd04000-79207de00000 rw-p 00000000 00:00 0 
79207de00000-79207de04000 ---p 00000000 00:00 0 
79207de04000-79207df00000 rw-p 00000000 00:00 0 
79207df00000-79207df04000 ---p 00000000 00:00 0 
79207df04000-79207e000000 rw-p 00000000 00:00 0 
79207e000000-79207e004000 ---p 00000000 00:00 0 
79207e004000-79207e100000 rw-p 00000000 00:00 0 
79207e100000-79207e104000 ---p 00000000 00:00 0 
79207e104000-79207e200000 rw-p 00000000 00:00 0 
79207e200000-79207e204000 ---p 00000000 00:00 0 
79207e204000-79207e300000 rw-p 00000000 00:00 0 
79207e300000-79207e304000 ---p 00000000 00:00 0 
79207e304000-79207e400000 rw-p 00000000 00:00 0 
79207e400000-79207e404000 ---p 00000000 00:00 0 
79207e404000-79207e500000 rw-p 00000000 00:00 0 
79207e500000-79207e504000 ---p 00000000 00:00 0 
79207e504000-79207e600000 rw-p 00000000 00:00 0 
79207e600000-79207e604000 ---p 00000000 00:00 0 
79207e604000-79207e700000 rw-p 00000000 00:00 0 
79207e700000-79207e704000 ---p 00000000 00:00 0 
79207e704000-79207e800000 rw-p 00000000 00:00 0 
79207e800000-79207e804000 ---p 00000000 00:00 0 
79207e804000-79207e900000 rw-p 00000000 00:00 0 
79207e900000-79207e904000 ---p 00000000 00:00 0 
79207e904000-79207ea00000 rw-p 00000000 00:00 0 
79207ea00000-79207ea04000 ---p 00000000 00:00 0 
79207ea04000-79207eb00000 rw-p 00000000 00:00 0 
79207eb00000-79207eb04000 ---p 00000000 00:00 0 
79207eb04000-79207ec00000 rw-p 00000000 00:00 0 
79207ec00000-79207ec04000 ---p 00000000 00:00 0 
79207ec04000-79207ed00000 rw-p 00000000 00:00 0 
79207ed00000-79207ed04000 ---p 00000000 00:00 0 
79207ed04000-79207ee00000 rw-p 00000000 00:00 0 
79207ee00000-79207ee04000 ---p 00000000 00:00 0 
79207ee04000-79207ef00000 rw-p 00000000 00:00 0 
79207ef00000-79207ef04000 ---p 00000000 00:00 0 
79207ef04000-79207f000000 rw-p 00000000 00:00 0 
79207f000000-79207f004000 ---p 00000000 00:00 0 
79207f004000-79207f100000 rw-p 00000000 00:00 0 
79207f100000-79207f104000 ---p 00000000 00:00 0 
79207f104000-79207f200000 rw-p 00000000 00:00 0 
79207f200000-79207f204000 ---p 00000000 00:00 0 
79207f204000-79207f300000 rw-p 00000000 00:00 0 
79207f300000-79207f304000 ---p 00000000 00:00 0 
79207f304000-79207f400000 rw-p 00000000 00:00 0 
79207f400000-79207f404000 ---p 00000000 00:00 0 
79207f404000-79207f500000 rw-p 00000000 00:00 0 
79207f500000-79207f504000 ---p 00000000 00:00 0 
79207f504000-79207f600000 rw-p 00000000 00:00 0 
79207f600000-79207f604000 ---p 00000000 00:00 0 
79207f604000-79207f700000 rw-p 00000000 00:00 0 
79207f700000-79207f704000 ---p 00000000 00:00 0 
79207f704000-79207f800000 rw-p 00000000 00:00 0 
79207f800000-79207f804000 ---p 00000000 00:00 0 
79207f804000-79207f900000 rw-p 00000000 00:00 0 
79207f900000-79207f904000 ---p 00000000 00:00 0 
79207f904000-79207fa00000 rw-p 00000000 00:00 0 
79207fa00000-79207fa04000 ---p 00000000 00:00 0 
79207fa04000-79207fb00000 rw-p 00000000 00:00 0 
79207fb00000-79207fb04000 ---p 00000000 00:00 0 
79207fb04000-79207fc00000 rw-p 00000000 00:00 0 
79207fc00000-79207fc04000 ---p 00000000 00:00 0 
79207fc04000-79207fd00000 rw-p 00000000 00:00 0 
79207fd00000-79207fd04000 ---p 00000000 00:00 0 
79207fd04000-79207fe00000 rw-p 00000000 00:00 0 
79207fe00000-79207fe04000 ---p 00000000 00:00 0 
79207fe04000-79207ff00000 rw-p 00000000 00:00 0 
79207ff00000-79207ff04000 ---p 00000000 00:00 0 
79207ff04000-792080000000 rw-p 00000000 00:00 0 
792080000000-792080023000 rw-p 00000000 00:00 0 
792080023000-792084000000 ---p 00000000 00:00 0 
792084000000-792084021000 rw-p 00000000 00:00 0 
792084021000-792088000000 ---p 00000000 00:00 0 
792088000000-792088021000 rw-p 00000000 00:00 0 
792088021000-79208c000000 ---p 00000000 00:00 0 
79208c000000-79208c021000 rw-p 00000000 00:00 0 
79208c021000-792090000000 ---p 00000000 00:00 0 
792090000000-792090021000 rw-p 00000000 00:00 0 
792090021000-792094000000 ---p 00000000 00:00 0 
792094000000-792094021000 rw-p 00000000 00:00 0 
792094021000-792098000000 ---p 00000000 00:00 0 
792098000000-792098024000 rw-p 00000000 00:00 0 
792098024000-79209c000000 ---p 00000000 00:00 0 
79209c000000-79209c021000 rw-p 00000000 00:00 0 
79209c021000-7920a0000000 ---p 00000000 00:00 0 
7920a0000000-7920a0023000 rw-p 00000000 00:00 0 
7920a0023000-7920a4000000 ---p 00000000 00:00 0 
7920a4000000-7920a4021000 rw-p 00000000 00:00 0 
7920a4021000-7920a8000000 ---p 00000000 00:00 0 
7920a8000000-7920a8021000 rw-p 00000000 00:00 0 
7920a8021000-7920ac000000 ---p 00000000 00:00 0 
7920ac000000-7920ac021000 rw-p 00000000 00:00 0 
7920ac021000-7920b0000000 ---p 00000000 00:00 0 
7920b0000000-7920b0021000 rw-p 00000000 00:00 0 
7920b0021000-7920b4000000 ---p 00000000 00:00 0 
7920b4000000-7920b4021000 rw-p 00000000 00:00 0 
7920b4021000-7920b8000000 ---p 00000000 00:00 0 
7920b8000000-7920b8023000 rw-p 00000000 00:00 0 
7920b8023000-7920bc000000 ---p 00000000 00:00 0 
7920bc000000-7920bc024000 rw-p 00000000 00:00 0 
7920bc024000-7920c0000000 ---p 00000000 00:00 0 
7920c0000000-7920c0021000 rw-p 00000000 00:00 0 
7920c0021000-7920c4000000 ---p 00000000 00:00 0 
7920c4000000-7920c51c3000 rw-p 00000000 00:00 0 
7920c51c3000-7920c8000000 ---p 00000000 00:00 0 
7920c8000000-7920c8021000 rw-p 00000000 00:00 0 
7920c8021000-7920cc000000 ---p 00000000 00:00 0 
7920cc000000-7920cc021000 rw-p 00000000 00:00 0 
7920cc021000-7920d0000000 ---p 00000000 00:00 0 
7920d0000000-7920d0429000 rw-p 00000000 00:00 0 
7920d0429000-7920d4000000 ---p 00000000 00:00 0 
7920d4000000-7920d4027000 rw-p 00000000 00:00 0 
7920d4027000-7920d8000000 ---p 00000000 00:00 0 
7920d8000000-7920d8021000 rw-p 00000000 00:00 0 
7920d8021000-7920dc000000 ---p 00000000 00:00 0 
7920dc000000-7920dc021000 rw-p 00000000 00:00 0 
7920dc021000-7920e0000000 ---p 00000000 00:00 0 
7920e0000000-7920e0021000 rw-p 00000000 00:00 0 
7920e0021000-7920e4000000 ---p 00000000 00:00 0 
7920e4000000-7920e4021000 rw-p 00000000 00:00 0 
7920e4021000-7920e8000000 ---p 00000000 00:00 0 
7920e8000000-7920e8021000 rw-p 00000000 00:00 0 
7920e8021000-7920ec000000 ---p 00000000 00:00 0 
7920ec000000-7920ec021000 rw-p 00000000 00:00 0 
7920ec021000-7920f0000000 ---p 00000000 00:00 0 
7920f0000000-7920f0024000 rw-p 00000000 00:00 0 
7920f0024000-7920f4000000 ---p 00000000 00:00 0 
7920f4000000-7920f4021000 rw-p 00000000 00:00 0 
7920f4021000-7920f8000000 ---p 00000000 00:00 0 
7920f8000000-7920f8021000 rw-p 00000000 00:00 0 
7920f8021000-7920fc000000 ---p 00000000 00:00 0 
7920fc000000-7920fc021000 rw-p 00000000 00:00 0 
7920fc021000-792100000000 ---p 00000000 00:00 0 
792100000000-792100f75000 rw-p 00000000 00:00 0 
792100f75000-792104000000 ---p 00000000 00:00 0 
792104000000-792104021000 rw-p 00000000 00:00 0 
792104021000-792108000000 ---p 00000000 00:00 0 
792108000000-792108021000 rw-p 00000000 00:00 0 
792108021000-79210c000000 ---p 00000000 00:00 0 
79210c000000-79210c021000 rw-p 00000000 00:00 0 
79210c021000-792110000000 ---p 00000000 00:00 0 
792110000000-792110022000 rw-p 00000000 00:00 0 
792110022000-792114000000 ---p 00000000 00:00 0 
792114000000-792114021000 rw-p 00000000 00:00 0 
792114021000-792118000000 ---p 00000000 00:00 0 
792118000000-792118021000 rw-p 00000000 00:00 0 
792118021000-79211c000000 ---p 00000000 00:00 0 
79211c000000-79211c7c4000 rw-p 00000000 00:00 0 
79211c7c4000-792120000000 ---p 00000000 00:00 0 
792120000000-79212004d000 rw-p 00000000 00:00 0 
79212004d000-792124000000 ---p 00000000 00:00 0 
792124000000-792124021000 rw-p 00000000 00:00 0 
792124021000-792128000000 ---p 00000000 00:00 0 
792128000000-792128069000 rw-p 00000000 00:00 0 
792128069000-79212c000000 ---p 00000000 00:00 0 
79212c000000-79212c03f000 rw-p 00000000 00:00 0 
79212c03f000-792130000000 ---p 00000000 00:00 0 
792130000000-79213002c000 rw-p 00000000 00:00 0 
79213002c000-792134000000 ---p 00000000 00:00 0 
792134000000-792134066000 rw-p 00000000 00:00 0 
792134066000-792138000000 ---p 00000000 00:00 0 
792138000000-79213802e000 rw-p 00000000 00:00 0 
79213802e000-79213c000000 ---p 00000000 00:00 0 
79213c000000-79213c025000 rw-p 00000000 00:00 0 
79213c025000-792140000000 ---p 00000000 00:00 0 
792140000000-79214002a000 rw-p 00000000 00:00 0 
79214002a000-792144000000 ---p 00000000 00:00 0 
792144000000-79214402f000 rw-p 00000000 00:00 0 
79214402f000-792148000000 ---p 00000000 00:00 0 
792148000000-792148029000 rw-p 00000000 00:00 0 
792148029000-79214c000000 ---p 00000000 00:00 0 
79214c000000-79214c03e000 rw-p 00000000 00:00 0 
79214c03e000-792150000000 ---p 00000000 00:00 0 
792150000000-79215002b000 rw-p 00000000 00:00 0 
79215002b000-792154000000 ---p 00000000 00:00 0 
792154000000-792154032000 rw-p 00000000 00:00 0 
792154032000-792158000000 ---p 00000000 00:00 0 
792158000000-792158029000 rw-p 00000000 00:00 0 
792158029000-79215c000000 ---p 00000000 00:00 0 
79215c000000-79215c03c000 rw-p 00000000 00:00 0 
79215c03c000-792160000000 ---p 00000000 00:00 0 
792160000000-792160026000 rw-p 00000000 00:00 0 
792160026000-792164000000 ---p 00000000 00:00 0 
792164000000-792164026000 rw-p 00000000 00:00 0 
792164026000-792168000000 ---p 00000000 00:00 0 
792168000000-792168023000 rw-p 00000000 00:00 0 
792168023000-79216c000000 ---p 00000000 00:00 0 
79216c000000-79216c027000 rw-p 00000000 00:00 0 
79216c027000-792170000000 ---p 00000000 00:00 0 
792170000000-79217018c000 rw-p 00000000 00:00 0 
79217018c000-792174000000 ---p 00000000 00:00 0 
792174000000-79217414d000 rw-p 00000000 00:00 0 
79217414d000-792178000000 ---p 00000000 00:00 0 
792178000000-792178152000 rw-p 00000000 00:00 0 
792178152000-79217c000000 ---p 00000000 00:00 0 
79217c000000-79217c1f6000 rw-p 00000000 00:00 0 
79217c1f6000-792180000000 ---p 00000000 00:00 0 
7921800fd000-792180101000 ---p 00000000 00:00 0 
792180101000-7921801fd000 rw-p 00000000 00:00 0 
7921801fd000-792180201000 ---p 00000000 00:00 0 
792180201000-7921802fd000 rw-p 00000000 00:00 0 
7921802fd000-792180301000 ---p 00000000 00:00 0 
792180301000-7921803fd000 rw-p 00000000 00:00 0 
7921803fd000-792180401000 ---p 00000000 00:00 0 
792180401000-7921804fd000 rw-p 00000000 00:00 0 
7921804fd000-792180501000 ---p 00000000 00:00 0 
792180501000-7921805fd000 rw-p 00000000 00:00 0 
7921805fd000-792180601000 ---p 00000000 00:00 0 
792180601000-7921806fd000 rw-p 00000000 00:00 0 
7921806fd000-792180701000 ---p 00000000 00:00 0 
792180701000-7921807fd000 rw-p 00000000 00:00 0 
7921807fd000-792180801000 ---p 00000000 00:00 0 
792180801000-7921808fd000 rw-p 00000000 00:00 0 
7921808fd000-792180901000 ---p 00000000 00:00 0 
792180901000-7921809fd000 rw-p 00000000 00:00 0 
7921809fd000-792180a01000 ---p 00000000 00:00 0 
792180a01000-792180afd000 rw-p 00000000 00:00 0 
792180afd000-792180b01000 ---p 00000000 00:00 0 
792180b01000-792180bfd000 rw-p 00000000 00:00 0 
792180bfd000-792180c01000 ---p 00000000 00:00 0 
792180c01000-792180cfd000 rw-p 00000000 00:00 0 
792180cfd000-792180d01000 ---p 00000000 00:00 0 
792180d01000-792180dfd000 rw-p 00000000 00:00 0 
792180dfd000-792180e01000 ---p 00000000 00:00 0 
792180e01000-792180efd000 rw-p 00000000 00:00 0 
792180efd000-792180f01000 ---p 00000000 00:00 0 
792180f01000-792180ffd000 rw-p 00000000 00:00 0 
792180ffd000-792181001000 ---p 00000000 00:00 0 
792181001000-7921810fd000 rw-p 00000000 00:00 0 
7921810fd000-792181101000 ---p 00000000 00:00 0 
792181101000-7921811fd000 rw-p 00000000 00:00 0 
7921811fd000-792181201000 ---p 00000000 00:00 0 
792181201000-7921812fd000 rw-p 00000000 00:00 0 
7921812fd000-792181301000 ---p 00000000 00:00 0 
792181301000-7921813fd000 rw-p 00000000 00:00 0 
7921813fd000-792181401000 ---p 00000000 00:00 0 
792181401000-7921814fd000 rw-p 00000000 00:00 0 
7921814fd000-792181501000 ---p 00000000 00:00 0 
792181501000-7921815fd000 rw-p 00000000 00:00 0 
7921815fd000-792181601000 ---p 00000000 00:00 0 
792181601000-7921816fd000 rw-p 00000000 00:00 0 
7921816fd000-792181701000 ---p 00000000 00:00 0 
792181701000-7921817fd000 rw-p 00000000 00:00 0 
7921817fd000-792181801000 ---p 00000000 00:00 0 
792181801000-7921818fd000 rw-p 00000000 00:00 0 
7921818fd000-792181901000 ---p 00000000 00:00 0 
792181901000-7921819fd000 rw-p 00000000 00:00 0 
7921819fd000-792181a01000 ---p 00000000 00:00 0 
792181a01000-792181afd000 rw-p 00000000 00:00 0 
792181afd000-792181b01000 ---p 00000000 00:00 0 
792181b01000-792181bfd000 rw-p 00000000 00:00 0 
792181bfd000-792181c01000 ---p 00000000 00:00 0 
792181c01000-792181cfd000 rw-p 00000000 00:00 0 
792181cfd000-792181d01000 ---p 00000000 00:00 0 
792181d01000-792181dfd000 rw-p 00000000 00:00 0 
792181dfd000-792181e01000 ---p 00000000 00:00 0 
792181e01000-792181efd000 rw-p 00000000 00:00 0 
792181efd000-792181f01000 ---p 00000000 00:00 0 
792181f01000-792181ffd000 rw-p 00000000 00:00 0 
792181ffd000-792182001000 ---p 00000000 00:00 0 
792182001000-7921820fd000 rw-p 00000000 00:00 0 
7921820fd000-792182101000 ---p 00000000 00:00 0 
792182101000-7921821fd000 rw-p 00000000 00:00 0 
7921821fd000-792182201000 ---p 00000000 00:00 0 
792182201000-7921822fd000 rw-p 00000000 00:00 0 
7921822fd000-792182301000 ---p 00000000 00:00 0 
792182301000-7921823fd000 rw-p 00000000 00:00 0 
7921823fd000-792182401000 ---p 00000000 00:00 0 
792182401000-7921824fd000 rw-p 00000000 00:00 0 
7921824fd000-792182501000 ---p 00000000 00:00 0 
792182501000-7921825fd000 rw-p 00000000 00:00 0 
7921825fd000-792182601000 ---p 00000000 00:00 0 
792182601000-7921826fd000 rw-p 00000000 00:00 0 
7921826fd000-792182701000 ---p 00000000 00:00 0 
792182701000-7921827fd000 rw-p 00000000 00:00 0 
7921827fd000-792182801000 ---p 00000000 00:00 0 
792182801000-7921828fd000 rw-p 00000000 00:00 0 
7921828fd000-792182901000 ---p 00000000 00:00 0 
792182901000-7921829fd000 rw-p 00000000 00:00 0 
7921829fd000-792182a01000 ---p 00000000 00:00 0 
792182a01000-792182afd000 rw-p 00000000 00:00 0 
792182afd000-792182b01000 ---p 00000000 00:00 0 
792182b01000-792182bfd000 rw-p 00000000 00:00 0 
792182bfd000-792182c01000 ---p 00000000 00:00 0 
792182c01000-792182cfd000 rw-p 00000000 00:00 0 
792182cfd000-792182d01000 ---p 00000000 00:00 0 
792182d01000-792182dfd000 rw-p 00000000 00:00 0 
792182dfd000-792182e01000 ---p 00000000 00:00 0 
792182e01000-792182efd000 rw-p 00000000 00:00 0 
792182efd000-792182f01000 ---p 00000000 00:00 0 
792182f01000-792182ffd000 rw-p 00000000 00:00 0 
792182ffd000-792183001000 ---p 00000000 00:00 0 
792183001000-7921830fd000 rw-p 00000000 00:00 0 
7921830fd000-792183101000 ---p 00000000 00:00 0 
792183101000-7921831fd000 rw-p 00000000 00:00 0 
7921831fd000-792183201000 ---p 00000000 00:00 0 
792183201000-7921832fd000 rw-p 00000000 00:00 0 
7921832fd000-792183301000 ---p 00000000 00:00 0 
792183301000-7921833fd000 rw-p 00000000 00:00 0 
7921833fd000-792183401000 ---p 00000000 00:00 0 
792183401000-7921834fd000 rw-p 00000000 00:00 0 
7921834fd000-792183501000 ---p 00000000 00:00 0 
792183501000-7921835fd000 rw-p 00000000 00:00 0 
7921835fd000-792183601000 ---p 00000000 00:00 0 
792183601000-7921836fd000 rw-p 00000000 00:00 0 
7921836fd000-792183701000 ---p 00000000 00:00 0 
792183701000-7921837fd000 rw-p 00000000 00:00 0 
7921837fd000-792183801000 ---p 00000000 00:00 0 
792183801000-7921838fd000 rw-p 00000000 00:00 0 
7921838fd000-792183901000 ---p 00000000 00:00 0 
792183901000-7921839fd000 rw-p 00000000 00:00 0 
7921839fd000-792183a01000 ---p 00000000 00:00 0 
792183a01000-792183afd000 rw-p 00000000 00:00 0 
792183afd000-792183b01000 ---p 00000000 00:00 0 
792183b01000-792183bfd000 rw-p 00000000 00:00 0 
792183bfd000-792183c01000 ---p 00000000 00:00 0 
792183c01000-792184000000 rw-p 00000000 00:00 0 
792184000000-79218404c000 rw-p 00000000 00:00 0 
79218404c000-792188000000 ---p 00000000 00:00 0 
792188000000-792188206000 rw-p 00000000 00:00 0 
792188206000-79218c000000 ---p 00000000 00:00 0 
79218c000000-79218c03c000 rw-p 00000000 00:00 0 
79218c03c000-792190000000 ---p 00000000 00:00 0 
792190000000-792190026000 rw-p 00000000 00:00 0 
792190026000-792194000000 ---p 00000000 00:00 0 
792194000000-79219403a000 rw-p 00000000 00:00 0 
79219403a000-792198000000 ---p 00000000 00:00 0 
792198000000-7921982d9000 rw-p 00000000 00:00 0 
7921982d9000-79219c000000 ---p 00000000 00:00 0 
79219c000000-79219f598000 rw-p 00000000 00:00 0 
79219f598000-7921a0000000 ---p 00000000 00:00 0 
7921a0000000-7921a002e000 rw-p 00000000 00:00 0 
7921a002e000-7921a4000000 ---p 00000000 00:00 0 
7921a4000000-7921a405b000 rw-p 00000000 00:00 0 
7921a405b000-7921a8000000 ---p 00000000 00:00 0 
7921a8000000-7921a803f000 rw-p 00000000 00:00 0 
7921a803f000-7921ac000000 ---p 00000000 00:00 0 
7921ac000000-7921ac04e000 rw-p 00000000 00:00 0 
7921ac04e000-7921b0000000 ---p 00000000 00:00 0 
7921b0000000-7921b003b000 rw-p 00000000 00:00 0 
7921b003b000-7921b4000000 ---p 00000000 00:00 0 
7921b4000000-7921b4043000 rw-p 00000000 00:00 0 
7921b4043000-7921b8000000 ---p 00000000 00:00 0 
7921b8000000-7921b803d000 rw-p 00000000 00:00 0 
7921b803d000-7921bc000000 ---p 00000000 00:00 0 
7921bc000000-7921bc06a000 rw-p 00000000 00:00 0 
7921bc06a000-7921c0000000 ---p 00000000 00:00 0 
7921c0000000-7921c0036000 rw-p 00000000 00:00 0 
7921c0036000-7921c4000000 ---p 00000000 00:00 0 
7921c4000000-7921c4043000 rw-p 00000000 00:00 0 
7921c4043000-7921c8000000 ---p 00000000 00:00 0 
7921c8000000-7921c805e000 rw-p 00000000 00:00 0 
7921c805e000-7921cc000000 ---p 00000000 00:00 0 
7921cc000000-7921cc040000 rw-p 00000000 00:00 0 
7921cc040000-7921d0000000 ---p 00000000 00:00 0 
7921d0000000-7921d004a000 rw-p 00000000 00:00 0 
7921d004a000-7921d4000000 ---p 00000000 00:00 0 
7921d4000000-7921d4ce3000 rw-p 00000000 00:00 0 
7921d4ce3000-7921d8000000 ---p 00000000 00:00 0 
7921d8000000-7921d802c000 rw-p 00000000 00:00 0 
7921d802c000-7921dc000000 ---p 00000000 00:00 0 
7921dc000000-7921dc06a000 rw-p 00000000 00:00 0 
7921dc06a000-7921e0000000 ---p 00000000 00:00 0 
7921e0000000-7921e0038000 rw-p 00000000 00:00 0 
7921e0038000-7921e4000000 ---p 00000000 00:00 0 
7921e4000000-7921e4064000 rw-p 00000000 00:00 0 
7921e4064000-7921e8000000 ---p 00000000 00:00 0 
7921e8000000-7921e804c000 rw-p 00000000 00:00 0 
7921e804c000-7921ec000000 ---p 00000000 00:00 0 
7921ec000000-7921ec054000 rw-p 00000000 00:00 0 
7921ec054000-7921f0000000 ---p 00000000 00:00 0 
7921f0000000-7921f0059000 rw-p 00000000 00:00 0 
7921f0059000-7921f4000000 ---p 00000000 00:00 0 
7921f4000000-7921f4058000 rw-p 00000000 00:00 0 
7921f4058000-7921f8000000 ---p 00000000 00:00 0 
7921f8000000-7921f8055000 rw-p 00000000 00:00 0 
7921f8055000-7921fc000000 ---p 00000000 00:00 0 
7921fc000000-7921fc3ef000 rw-p 00000000 00:00 0 
7921fc3ef000-792200000000 ---p 00000000 00:00 0 
792200000000-792200a8b000 rw-p 00000000 00:00 0 
792200a8b000-792204000000 ---p 00000000 00:00 0 
792204000000-792204021000 rw-p 00000000 00:00 0 
792204021000-792208000000 ---p 00000000 00:00 0 
792208000000-792208021000 rw-p 00000000 00:00 0 
792208021000-79220c000000 ---p 00000000 00:00 0 
79220c000000-79220c021000 rw-p 00000000 00:00 0 
79220c021000-792210000000 ---p 00000000 00:00 0 
792210000000-792210053000 rw-p 00000000 00:00 0 
792210053000-792214000000 ---p 00000000 00:00 0 
792214000000-79221518b000 rw-p 00000000 00:00 0 
79221518b000-792218000000 ---p 00000000 00:00 0 
792218000000-792219dce000 rw-p 00000000 00:00 0 
792219dce000-79221c000000 ---p 00000000 00:00 0 
79221c000000-79221ddb5000 rw-p 00000000 00:00 0 
79221ddb5000-792220000000 ---p 00000000 00:00 0 
792220000000-792221677000 rw-p 00000000 00:00 0 
792221677000-792224000000 ---p 00000000 00:00 0 
792224000000-792224021000 rw-p 00000000 00:00 0 
792224021000-792228000000 ---p 00000000 00:00 0 
792228000000-792229dcc000 rw-p 00000000 00:00 0 
792229dcc000-79222c000000 ---p 00000000 00:00 0 
79222c000000-79222d47a000 rw-p 00000000 00:00 0 
79222d47a000-792230000000 ---p 00000000 00:00 0 
792230000000-792230021000 rw-p 00000000 00:00 0 
792230021000-792234000000 ---p 00000000 00:00 0 
792234000000-7922345ba000 rw-p 00000000 00:00 0 
7922345ba000-792238000000 ---p 00000000 00:00 0 
792238000000-7922387ba000 rw-p 00000000 00:00 0 
7922387ba000-79223c000000 ---p 00000000 00:00 0 
79223c000000-79223c8ab000 rw-p 00000000 00:00 0 
79223c8ab000-792240000000 ---p 00000000 00:00 0 
792240000000-792240fd6000 rw-p 00000000 00:00 0 
792240fd6000-792244000000 ---p 00000000 00:00 0 
792244000000-79224461e000 rw-p 00000000 00:00 0 
79224461e000-792248000000 ---p 00000000 00:00 0 
792248000000-79224a1b4000 rw-p 00000000 00:00 0 
79224a1b4000-79224c000000 ---p 00000000 00:00 0 
79224c000000-79224c021000 rw-p 00000000 00:00 0 
79224c021000-792250000000 ---p 00000000 00:00 0 
792250000000-79225075c000 rw-p 00000000 00:00 0 
79225075c000-792254000000 ---p 00000000 00:00 0 
792254000000-792254021000 rw-p 00000000 00:00 0 
792254021000-792258000000 ---p 00000000 00:00 0 
792258000000-792258021000 rw-p 00000000 00:00 0 
792258021000-79225c000000 ---p 00000000 00:00 0 
79225c000000-79225c07b000 rw-p 00000000 00:00 0 
79225c07b000-792260000000 ---p 00000000 00:00 0 
7922600e8000-7922602ea000 rw-p 00000000 00:00 0 
7922602ea000-7922602ee000 ---p 00000000 00:00 0 
7922602ee000-7922603ea000 rw-p 00000000 00:00 0 
7922603ea000-7922603ee000 ---p 00000000 00:00 0 
7922603ee000-7922604ea000 rw-p 00000000 00:00 0 
7922604ea000-7922604ee000 ---p 00000000 00:00 0 
7922604ee000-7922605ea000 rw-p 00000000 00:00 0 
7922605ea000-7922605ee000 ---p 00000000 00:00 0 
7922605ee000-7922606ea000 rw-p 00000000 00:00 0 
7922606ea000-7922606ee000 ---p 00000000 00:00 0 
7922606ee000-7922607ea000 rw-p 00000000 00:00 0 
7922607ea000-7922607ee000 ---p 00000000 00:00 0 
7922607ee000-7922608ea000 rw-p 00000000 00:00 0 
7922608ea000-7922608ee000 ---p 00000000 00:00 0 
7922608ee000-792262000000 rw-p 00000000 00:00 0 
792262000000-792262004000 ---p 00000000 00:00 0 
792262004000-792262100000 rw-p 00000000 00:00 0 
792262100000-792262104000 ---p 00000000 00:00 0 
792262104000-792262200000 rw-p 00000000 00:00 0 
792262200000-792262204000 ---p 00000000 00:00 0 
792262204000-792262300000 rw-p 00000000 00:00 0 
792262300000-792262304000 ---p 00000000 00:00 0 
792262304000-792262400000 rw-p 00000000 00:00 0 
792262400000-792262404000 ---p 00000000 00:00 0 
792262404000-792262500000 rw-p 00000000 00:00 0 
792262500000-792262504000 ---p 00000000 00:00 0 
792262504000-792262600000 rw-p 00000000 00:00 0 
792262600000-792262605000 r-xp 00000000 103:05 59266312                  /home/achille/.gradle/native/1def1411415f61bf3af743bc5b6707747c0891f09f0c88961ee8f79bc544acac/linux-amd64/libnative-platform.so
792262605000-792262805000 ---p 00005000 103:05 59266312                  /home/achille/.gradle/native/1def1411415f61bf3af743bc5b6707747c0891f09f0c88961ee8f79bc544acac/linux-amd64/libnative-platform.so
792262805000-792262806000 r--p 00005000 103:05 59266312                  /home/achille/.gradle/native/1def1411415f61bf3af743bc5b6707747c0891f09f0c88961ee8f79bc544acac/linux-amd64/libnative-platform.so
792262806000-792262807000 rw-p 00006000 103:05 59266312                  /home/achille/.gradle/native/1def1411415f61bf3af743bc5b6707747c0891f09f0c88961ee8f79bc544acac/linux-amd64/libnative-platform.so
792262900000-792262904000 ---p 00000000 00:00 0 
792262904000-792262a00000 rw-p 00000000 00:00 0 
792262a00000-792262a04000 ---p 00000000 00:00 0 
792262a04000-792262b00000 rw-p 00000000 00:00 0 
792262b00000-792262b04000 ---p 00000000 00:00 0 
792262b04000-792262c00000 rw-p 00000000 00:00 0 
792262c00000-792262c04000 ---p 00000000 00:00 0 
792262c04000-792262d00000 rw-p 00000000 00:00 0 
792262d00000-792262d04000 ---p 00000000 00:00 0 
792262d04000-792262e00000 rw-p 00000000 00:00 0 
792262e00000-792262e04000 ---p 00000000 00:00 0 
792262e04000-792262f00000 rw-p 00000000 00:00 0 
792262f00000-792262f04000 ---p 00000000 00:00 0 
792262f04000-792263000000 rw-p 00000000 00:00 0 
792263000000-792263400000 rw-p 00000000 00:00 0 
792263400000-7922637c0000 rw-p 00000000 00:00 0 
7922637c0000-792263800000 rw-p 00000000 00:00 0 
792263800000-792263900000 rw-p 00000000 00:00 0 
792263900000-792263a00000 rw-p 00000000 00:00 0 
792263a00000-792263f80000 rw-p 00000000 00:00 0 
792263f80000-792264000000 rw-p 00000000 00:00 0 
792264000000-792264900000 rw-p 00000000 00:00 0 
792264900000-792264a00000 rw-p 00000000 00:00 0 
792264a00000-792264d80000 rw-p 00000000 00:00 0 
792264d80000-792264e00000 rw-p 00000000 00:00 0 
792264e00000-792265d00000 rw-p 00000000 00:00 0 
792265d00000-792265e00000 rw-p 00000000 00:00 0 
792265e00000-7922665c0000 rw-p 00000000 00:00 0 
7922665c0000-792266600000 rw-p 00000000 00:00 0 
792266600000-792266700000 rw-p 00000000 00:00 0 
792266700000-792266900000 rw-p 00000000 00:00 0 
792266900000-792266a00000 rw-p 00000000 00:00 0 
792266a00000-792266f00000 rw-p 00000000 00:00 0 
792266f00000-792267000000 rw-p 00000000 00:00 0 
792267000000-792267c9b000 rw-p 00001000 103:05 59378668                  /home/achille/.jdks/jdk-21.0.11+10/lib/server/classes.jsa
792267c9b000-792268000000 ---p 00000000 00:00 0 
792268000000-792268040000 rw-p 00000000 00:00 0 
792268040000-792268080000 rw-p 00000000 00:00 0 
792268080000-792268140000 rw-p 00000000 00:00 0 
792268140000-792268180000 rw-p 00000000 00:00 0 
792268180000-792268460000 rw-p 00000000 00:00 0 
792268460000-7922684c0000 rw-p 00000000 00:00 0 
7922684c0000-792268500000 rw-p 00000000 00:00 0 
792268500000-7922689e0000 rw-p 00000000 00:00 0 
7922689e0000-792268b00000 rw-p 00000000 00:00 0 
792268b00000-792268ee0000 rw-p 00000000 00:00 0 
792268ee0000-792268f00000 rw-p 00000000 00:00 0 
792268f00000-7922690c0000 rw-p 00000000 00:00 0 
7922690c0000-792269100000 rw-p 00000000 00:00 0 
792269100000-792269540000 rw-p 00000000 00:00 0 
792269540000-792269680000 rw-p 00000000 00:00 0 
792269680000-792269790000 rw-p 00000000 00:00 0 
792269790000-7922a8000000 ---p 00000000 00:00 0 
7922a8000000-7922a8021000 rw-p 00000000 00:00 0 
7922a8021000-7922ac000000 ---p 00000000 00:00 0 
7922ac000000-7922ac021000 rw-p 00000000 00:00 0 
7922ac021000-7922b0000000 ---p 00000000 00:00 0 
7922b0000000-7922b0021000 rw-p 00000000 00:00 0 
7922b0021000-7922b4004000 ---p 00000000 00:00 0 
7922b4004000-7922b4100000 rw-p 00000000 00:00 0 
7922b4100000-7922b4104000 ---p 00000000 00:00 0 
7922b4104000-7922b4200000 rw-p 00000000 00:00 0 
7922b4200000-7922b4204000 ---p 00000000 00:00 0 
7922b4204000-7922b4300000 rw-p 00000000 00:00 0 
7922b4300000-7922b4304000 ---p 00000000 00:00 0 
7922b4304000-7922b4400000 rw-p 00000000 00:00 0 
7922b4400000-7922b4404000 ---p 00000000 00:00 0 
7922b4404000-7922b4500000 rw-p 00000000 00:00 0 
7922b4500000-7922b4504000 ---p 00000000 00:00 0 
7922b4504000-7922b4600000 rw-p 00000000 00:00 0 
7922b4600000-7922b4604000 ---p 00000000 00:00 0 
7922b4604000-7922b4700000 rw-p 00000000 00:00 0 
7922b4700000-7922b4704000 ---p 00000000 00:00 0 
7922b4704000-7922b4800000 rw-p 00000000 00:00 0 
7922b4800000-7922b4804000 ---p 00000000 00:00 0 
7922b4804000-7922b4900000 rw-p 00000000 00:00 0 
7922b4900000-7922b4904000 ---p 00000000 00:00 0 
7922b4904000-7922b4a00000 rw-p 00000000 00:00 0 
7922b4a00000-7922b4f77000 r--p 00000000 103:05 22021589                  /usr/lib/locale/locale-archive
7922b4ff1000-7922b4ff5000 ---p 00000000 00:00 0 
7922b4ff5000-7922b54f5000 rw-p 00000000 00:00 0 
7922b54f5000-7922b9980000 rw-p 00000000 00:00 0 
7922b9980000-7922bc000000 ---p 00000000 00:00 0 
7922bc000000-7922bc18b000 rw-p 00000000 00:00 0 
7922bc18b000-7922c0000000 ---p 00000000 00:00 0 
7922c0000000-7922c19c6000 rw-p 00000000 00:00 0 
7922c19c6000-7922c4000000 ---p 00000000 00:00 0 
7922c4021000-7922c40ef000 r-xp 00000000 103:05 59378634                  /home/achille/.jdks/jdk-21.0.11+10/lib/libjsvml.so
7922c40ef000-7922c40f0000 r--p 000cd000 103:05 59378634                  /home/achille/.jdks/jdk-21.0.11+10/lib/libjsvml.so
7922c40f0000-7922c40f1000 rw-p 000ce000 103:05 59378634                  /home/achille/.jdks/jdk-21.0.11+10/lib/libjsvml.so
7922c40f1000-7922c4cfd000 rw-p 00000000 00:00 0 
7922c4cfd000-7922c5000000 rw-p 00000000 00:00 0 
7922c5000000-7922c6678000 rw-p 00000000 00:00 0 
7922c6678000-7922c6e98000 ---p 00000000 00:00 0 
7922c6e98000-7922c6f5c000 rw-p 00000000 00:00 0 
7922c6f5c000-7922c6f60000 ---p 00000000 00:00 0 
7922c6f60000-7922c6f64000 rw-p 00000000 00:00 0 
7922c6f64000-7922c6f70000 rw-p 00000000 00:00 0 
7922c6f70000-7922c6f7c000 ---p 00000000 00:00 0 
7922c6f7c000-7922c72cf000 rw-p 00000000 00:00 0 
7922c72cf000-7922c73d3000 ---p 00000000 00:00 0 
7922c73d3000-7922c73ed000 rw-p 00000000 00:00 0 
7922c73ed000-7922c73ee000 rw-p 00000000 00:00 0 
7922c73ee000-7922c73ef000 ---p 00000000 00:00 0 
7922c73ef000-7922c76cf000 rw-p 00000000 00:00 0 
7922c76cf000-7922c77d3000 ---p 00000000 00:00 0 
7922c77d3000-7922c77ed000 rw-p 00000000 00:00 0 
7922c77ed000-7922c77ee000 rw-p 00000000 00:00 0 
7922c77ee000-7922c77ef000 ---p 00000000 00:00 0 
7922c77ef000-7922c7800000 rw-p 00000000 00:00 0 
7922c781c000-7922c7858000 r--p 00000000 103:05 59266327                  /home/achille/.gradle/native/0.2.7/x86_64-linux-gnu/libgradle-fileevents.so
7922c7858000-7922c78a0000 r-xp 0003b000 103:05 59266327                  /home/achille/.gradle/native/0.2.7/x86_64-linux-gnu/libgradle-fileevents.so
7922c78a0000-7922c78a9000 r--p 00082000 103:05 59266327                  /home/achille/.gradle/native/0.2.7/x86_64-linux-gnu/libgradle-fileevents.so
7922c78a9000-7922c78aa000 rw-p 0008a000 103:05 59266327                  /home/achille/.gradle/native/0.2.7/x86_64-linux-gnu/libgradle-fileevents.so
7922c78aa000-7922c8800000 rw-p 00000000 00:00 0 
7922c8800000-7922cb280000 rwxp 00000000 00:00 0 
7922cb280000-7922cfc17000 ---p 00000000 00:00 0 
7922cfc17000-7922d00d7000 rwxp 00000000 00:00 0 
7922d00d7000-7922d03e8000 ---p 00000000 00:00 0 
7922d03e8000-7922d2288000 rwxp 00000000 00:00 0 
7922d2288000-7922d7800000 ---p 00000000 00:00 0 
7922d7800000-7922dffa8000 r--s 00000000 103:05 59378653                  /home/achille/.jdks/jdk-21.0.11+10/lib/modules
7922dffb0000-7922dffb4000 ---p 00000000 00:00 0 
7922dffb4000-7922dffd2000 rw-p 00000000 00:00 0 
7922dffd2000-7922dffd8000 r-xp 00000000 103:05 59378641                  /home/achille/.jdks/jdk-21.0.11+10/lib/libmanagement_ext.so
7922dffd8000-7922dffd9000 r--p 00005000 103:05 59378641                  /home/achille/.jdks/jdk-21.0.11+10/lib/libmanagement_ext.so
7922dffd9000-7922dffda000 rw-p 00006000 103:05 59378641                  /home/achille/.jdks/jdk-21.0.11+10/lib/libmanagement_ext.so
7922dffda000-7922dffe7000 r-xp 00000000 103:05 59378662                  /home/achille/.jdks/jdk-21.0.11+10/lib/libverify.so
7922dffe7000-7922dffe9000 r--p 0000c000 103:05 59378662                  /home/achille/.jdks/jdk-21.0.11+10/lib/libverify.so
7922dffe9000-7922dffea000 rw-p 0000e000 103:05 59378662                  /home/achille/.jdks/jdk-21.0.11+10/lib/libverify.so
7922dffea000-7922dfffe000 r-xp 00000000 103:05 59378650                  /home/achille/.jdks/jdk-21.0.11+10/lib/libnio.so
7922dfffe000-7922dffff000 r--p 00013000 103:05 59378650                  /home/achille/.jdks/jdk-21.0.11+10/lib/libnio.so
7922dffff000-7922e0000000 rw-p 00014000 103:05 59378650                  /home/achille/.jdks/jdk-21.0.11+10/lib/libnio.so
7922e0000000-7922e3036000 rw-p 00000000 00:00 0 
7922e3036000-7922e4000000 ---p 00000000 00:00 0 
7922e4000000-7922e4004000 r-xp 00000000 103:05 59378665                  /home/achille/.jdks/jdk-21.0.11+10/lib/libmanagement.so
7922e4004000-7922e4005000 r--p 00003000 103:05 59378665                  /home/achille/.jdks/jdk-21.0.11+10/lib/libmanagement.so
7922e4005000-7922e4006000 rw-p 00004000 103:05 59378665                  /home/achille/.jdks/jdk-21.0.11+10/lib/libmanagement.so
7922e4006000-7922e4021000 r-xp 00000000 103:05 59378673                  /home/achille/.jdks/jdk-21.0.11+10/lib/libzip.so
7922e4021000-7922e4022000 r--p 0001a000 103:05 59378673                  /home/achille/.jdks/jdk-21.0.11+10/lib/libzip.so
7922e4022000-7922e4023000 rw-p 0001b000 103:05 59378673                  /home/achille/.jdks/jdk-21.0.11+10/lib/libzip.so
7922e4023000-7922e407e000 r--p 00000000 103:05 22022200                  /usr/lib/locale/C.utf8/LC_CTYPE
7922e407e000-7922e4a46000 rw-p 00000000 00:00 0 
7922e4a46000-7922e4af1000 ---p 00000000 00:00 0 
7922e4af1000-7922e4b46000 rw-p 00000000 00:00 0 
7922e4b46000-7922e4bda000 ---p 00000000 00:00 0 
7922e4bda000-7922e4bde000 ---p 00000000 00:00 0 
7922e4bde000-7922e4cda000 rw-p 00000000 00:00 0 
7922e4cda000-7922e4cec000 r--p 00000000 103:05 22029930                  /usr/lib/x86_64-linux-gnu/libm.so.6
7922e4cec000-7922e4d8c000 r-xp 00012000 103:05 22029930                  /usr/lib/x86_64-linux-gnu/libm.so.6
7922e4d8c000-7922e4dfe000 r--p 000b2000 103:05 22029930                  /usr/lib/x86_64-linux-gnu/libm.so.6
7922e4dfe000-7922e4dff000 r--p 00123000 103:05 22029930                  /usr/lib/x86_64-linux-gnu/libm.so.6
7922e4dff000-7922e4e00000 rw-p 00124000 103:05 22029930                  /usr/lib/x86_64-linux-gnu/libm.so.6
7922e4e00000-7922e6235000 r-xp 00000000 103:05 59378670                  /home/achille/.jdks/jdk-21.0.11+10/lib/server/libjvm.so
7922e6235000-7922e630a000 r--p 01434000 103:05 59378670                  /home/achille/.jdks/jdk-21.0.11+10/lib/server/libjvm.so
7922e630a000-7922e633a000 rw-p 01509000 103:05 59378670                  /home/achille/.jdks/jdk-21.0.11+10/lib/server/libjvm.so
7922e633a000-7922e63a0000 rw-p 00000000 00:00 0 
7922e63a1000-7922e63a3000 r-xp 00000000 103:05 59378654                  /home/achille/.jdks/jdk-21.0.11+10/lib/libextnet.so
7922e63a3000-7922e63a4000 r--p 00001000 103:05 59378654                  /home/achille/.jdks/jdk-21.0.11+10/lib/libextnet.so
7922e63a4000-7922e63a5000 rw-p 00002000 103:05 59378654                  /home/achille/.jdks/jdk-21.0.11+10/lib/libextnet.so
7922e63a5000-7922e6400000 rw-p 00000000 00:00 0 
7922e6400000-7922e6428000 r--p 00000000 103:05 22029927                  /usr/lib/x86_64-linux-gnu/libc.so.6
7922e6428000-7922e65c0000 r-xp 00028000 103:05 22029927                  /usr/lib/x86_64-linux-gnu/libc.so.6
7922e65c0000-7922e660e000 r--p 001c0000 103:05 22029927                  /usr/lib/x86_64-linux-gnu/libc.so.6
7922e660e000-7922e6612000 r--p 0020d000 103:05 22029927                  /usr/lib/x86_64-linux-gnu/libc.so.6
7922e6612000-7922e6614000 rw-p 00211000 103:05 22029927                  /usr/lib/x86_64-linux-gnu/libc.so.6
7922e6614000-7922e6621000 rw-p 00000000 00:00 0 
7922e6621000-7922e662d000 r-xp 00000000 103:05 59378636                  /home/achille/.jdks/jdk-21.0.11+10/lib/libnet.so
7922e662d000-7922e662e000 r--p 0000b000 103:05 59378636                  /home/achille/.jdks/jdk-21.0.11+10/lib/libnet.so
7922e662e000-7922e662f000 rw-p 0000c000 103:05 59378636                  /home/achille/.jdks/jdk-21.0.11+10/lib/libnet.so
7922e662f000-7922e6630000 r--p 00000000 103:05 22022209                  /usr/lib/locale/C.utf8/LC_NUMERIC
7922e6630000-7922e6631000 r--p 00000000 103:05 22029945                  /usr/lib/locale/C.utf8/LC_TIME
7922e6631000-7922e6632000 r--p 00000000 103:05 22022198                  /usr/lib/locale/C.utf8/LC_COLLATE
7922e6632000-7922e6633000 r--p 00000000 103:05 22022204                  /usr/lib/locale/C.utf8/LC_MONETARY
7922e6633000-7922e6634000 r--p 00000000 103:05 22022203                  /usr/lib/locale/C.utf8/LC_MESSAGES/SYS_LC_MESSAGES
7922e6634000-7922e6635000 r--p 00000000 103:05 22022210                  /usr/lib/locale/C.utf8/LC_PAPER
7922e6635000-7922e6636000 r--p 00000000 103:05 22022205                  /usr/lib/locale/C.utf8/LC_NAME
7922e6636000-7922e6637000 r--p 00000000 103:05 22022195                  /usr/lib/locale/C.utf8/LC_ADDRESS
7922e6637000-7922e6638000 r--p 00000000 103:05 22022211                  /usr/lib/locale/C.utf8/LC_TELEPHONE
7922e6638000-7922e6639000 r--p 00000000 103:05 22022202                  /usr/lib/locale/C.utf8/LC_MEASUREMENT
7922e6639000-7922e6640000 r--s 00000000 103:05 22029923                  /usr/lib/x86_64-linux-gnu/gconv/gconv-modules.cache
7922e6640000-7922e6644000 ---p 00000000 00:00 0 
7922e6644000-7922e6662000 rw-p 00000000 00:00 0 
7922e6662000-7922e6663000 r--p 00000000 103:05 22044087                  /usr/lib/x86_64-linux-gnu/libnss_mdns4_minimal.so.2
7922e6663000-7922e6665000 r-xp 00001000 103:05 22044087                  /usr/lib/x86_64-linux-gnu/libnss_mdns4_minimal.so.2
7922e6665000-7922e6666000 r--p 00003000 103:05 22044087                  /usr/lib/x86_64-linux-gnu/libnss_mdns4_minimal.so.2
7922e6666000-7922e6667000 r--p 00003000 103:05 22044087                  /usr/lib/x86_64-linux-gnu/libnss_mdns4_minimal.so.2
7922e6667000-7922e6668000 rw-p 00004000 103:05 22044087                  /usr/lib/x86_64-linux-gnu/libnss_mdns4_minimal.so.2
7922e667e000-7922e667f000 r-xp 00000000 103:05 59378680                  /home/achille/.jdks/jdk-21.0.11+10/lib/librmi.so
7922e667f000-7922e6680000 r--p 00000000 103:05 59378680                  /home/achille/.jdks/jdk-21.0.11+10/lib/librmi.so
7922e6680000-7922e6681000 rw-p 00001000 103:05 59378680                  /home/achille/.jdks/jdk-21.0.11+10/lib/librmi.so
7922e6681000-7922e668b000 rw-p 00000000 00:00 0 
7922e668b000-7922e6691000 ---p 00000000 00:00 0 
7922e6691000-7922e66b2000 r-xp 00000000 103:05 59378677                  /home/achille/.jdks/jdk-21.0.11+10/lib/libjava.so
7922e66b2000-7922e66b3000 r--p 00020000 103:05 59378677                  /home/achille/.jdks/jdk-21.0.11+10/lib/libjava.so
7922e66b3000-7922e66b4000 rw-p 00021000 103:05 59378677                  /home/achille/.jdks/jdk-21.0.11+10/lib/libjava.so
7922e66b4000-7922e66b5000 rw-p 00000000 00:00 0 
7922e66b5000-7922e66d0000 r-xp 00000000 103:05 59378645                  /home/achille/.jdks/jdk-21.0.11+10/lib/libjimage.so
7922e66d0000-7922e66d1000 ---p 0001b000 103:05 59378645                  /home/achille/.jdks/jdk-21.0.11+10/lib/libjimage.so
7922e66d1000-7922e66d3000 r--p 0001b000 103:05 59378645                  /home/achille/.jdks/jdk-21.0.11+10/lib/libjimage.so
7922e66d3000-7922e66d4000 rw-p 0001d000 103:05 59378645                  /home/achille/.jdks/jdk-21.0.11+10/lib/libjimage.so
7922e66d4000-7922e66d5000 r--p 00000000 103:05 22029941                  /usr/lib/x86_64-linux-gnu/librt.so.1
7922e66d5000-7922e66d6000 r-xp 00001000 103:05 22029941                  /usr/lib/x86_64-linux-gnu/librt.so.1
7922e66d6000-7922e66d7000 r--p 00002000 103:05 22029941                  /usr/lib/x86_64-linux-gnu/librt.so.1
7922e66d7000-7922e66d8000 r--p 00002000 103:05 22029941                  /usr/lib/x86_64-linux-gnu/librt.so.1
7922e66d8000-7922e66d9000 rw-p 00003000 103:05 22029941                  /usr/lib/x86_64-linux-gnu/librt.so.1
7922e66d9000-7922e66db000 rw-p 00000000 00:00 0 
7922e66db000-7922e66dc000 r--p 00000000 103:05 22029929                  /usr/lib/x86_64-linux-gnu/libdl.so.2
7922e66dc000-7922e66dd000 r-xp 00001000 103:05 22029929                  /usr/lib/x86_64-linux-gnu/libdl.so.2
7922e66dd000-7922e66de000 r--p 00002000 103:05 22029929                  /usr/lib/x86_64-linux-gnu/libdl.so.2
7922e66de000-7922e66df000 r--p 00002000 103:05 22029929                  /usr/lib/x86_64-linux-gnu/libdl.so.2
7922e66df000-7922e66e0000 rw-p 00003000 103:05 22029929                  /usr/lib/x86_64-linux-gnu/libdl.so.2
7922e66e0000-7922e66e1000 r--p 00000000 103:05 22029939                  /usr/lib/x86_64-linux-gnu/libpthread.so.0
7922e66e1000-7922e66e2000 r-xp 00001000 103:05 22029939                  /usr/lib/x86_64-linux-gnu/libpthread.so.0
7922e66e2000-7922e66e3000 r--p 00002000 103:05 22029939                  /usr/lib/x86_64-linux-gnu/libpthread.so.0
7922e66e3000-7922e66e4000 r--p 00002000 103:05 22029939                  /usr/lib/x86_64-linux-gnu/libpthread.so.0
7922e66e4000-7922e66e5000 rw-p 00003000 103:05 22029939                  /usr/lib/x86_64-linux-gnu/libpthread.so.0
7922e66e5000-7922e66e6000 r--p 00000000 103:05 22022201                  /usr/lib/locale/C.utf8/LC_IDENTIFICATION
7922e66e6000-7922e66ee000 rw-s 00000000 00:2f 4062                       /tmp/hsperfdata_achille/27718
7922e66ee000-7922e66f8000 r-xp 00000000 103:05 59378651                  /home/achille/.jdks/jdk-21.0.11+10/lib/libinstrument.so
7922e66f8000-7922e66f9000 ---p 0000a000 103:05 59378651                  /home/achille/.jdks/jdk-21.0.11+10/lib/libinstrument.so
7922e66f9000-7922e66fa000 r--p 0000a000 103:05 59378651                  /home/achille/.jdks/jdk-21.0.11+10/lib/libinstrument.so
7922e66fa000-7922e66fb000 rw-p 0000b000 103:05 59378651                  /home/achille/.jdks/jdk-21.0.11+10/lib/libinstrument.so
7922e66fb000-7922e66fc000 ---p 00000000 00:00 0 
7922e66fc000-7922e66fd000 r--p 00000000 00:00 0 
7922e66fd000-7922e66fe000 ---p 00000000 00:00 0 
7922e66fe000-7922e6717000 r-xp 00000000 103:05 59378644                  /home/achille/.jdks/jdk-21.0.11+10/lib/libjli.so
7922e6717000-7922e6718000 r--p 00018000 103:05 59378644                  /home/achille/.jdks/jdk-21.0.11+10/lib/libjli.so
7922e6718000-7922e6719000 rw-p 00019000 103:05 59378644                  /home/achille/.jdks/jdk-21.0.11+10/lib/libjli.so
7922e6719000-7922e671b000 rw-p 00000000 00:00 0 
7922e671b000-7922e671f000 r--p 00000000 00:00 0                          [vvar]
7922e671f000-7922e6721000 r--p 00000000 00:00 0                          [vvar_vclock]
7922e6721000-7922e6723000 r-xp 00000000 00:00 0                          [vdso]
7922e6723000-7922e6724000 r--p 00000000 103:05 22029924                  /usr/lib/x86_64-linux-gnu/ld-linux-x86-64.so.2
7922e6724000-7922e6753000 r-xp 00001000 103:05 22029924                  /usr/lib/x86_64-linux-gnu/ld-linux-x86-64.so.2
7922e6753000-7922e675e000 r--p 00030000 103:05 22029924                  /usr/lib/x86_64-linux-gnu/ld-linux-x86-64.so.2
7922e675e000-7922e6760000 r--p 0003b000 103:05 22029924                  /usr/lib/x86_64-linux-gnu/ld-linux-x86-64.so.2
7922e6760000-7922e6761000 rw-p 0003d000 103:05 22029924                  /usr/lib/x86_64-linux-gnu/ld-linux-x86-64.so.2
7922e6761000-7922e6762000 rw-p 00000000 00:00 0 
7ffd588dc000-7ffd588fe000 rw-p 00000000 00:00 0                          [stack]
ffffffffff600000-ffffffffff601000 --xp 00000000 00:00 0                  [vsyscall]
Total number of mappings: 1577

JVMTI agents:
/home/achille/.gradle/wrapper/dists/gradle-8.13-bin/5xuhj0ry160q40clulazy9h7d/gradle-8.13/lib/agents/gradle-instrumentation-agent-8.13.jar path:none, loaded, initialized, instrumentlib options:none


VM Arguments:
jvm_args: --add-opens=java.base/java.lang=ALL-UNNAMED --add-opens=java.base/java.lang.invoke=ALL-UNNAMED --add-opens=java.base/java.util=ALL-UNNAMED --add-opens=java.prefs/java.util.prefs=ALL-UNNAMED --add-exports=jdk.compiler/com.sun.tools.javac.api=ALL-UNNAMED --add-exports=jdk.compiler/com.sun.tools.javac.util=ALL-UNNAMED --add-opens=java.base/java.util=ALL-UNNAMED --add-opens=java.prefs/java.util.prefs=ALL-UNNAMED --add-opens=java.base/java.nio.charset=ALL-UNNAMED --add-opens=java.base/java.net=ALL-UNNAMED --add-opens=java.base/java.util.concurrent.atomic=ALL-UNNAMED --add-opens=java.xml/javax.xml.namespace=ALL-UNNAMED -Xmx2048m -Dfile.encoding=UTF-8 -Duser.country -Duser.language=en -Duser.variant -javaagent:/home/achille/.gradle/wrapper/dists/gradle-8.13-bin/5xuhj0ry160q40clulazy9h7d/gradle-8.13/lib/agents/gradle-instrumentation-agent-8.13.jar 
java_command: org.gradle.launcher.daemon.bootstrap.GradleDaemon 8.13
java_class_path (initial): /home/achille/.gradle/wrapper/dists/gradle-8.13-bin/5xuhj0ry160q40clulazy9h7d/gradle-8.13/lib/gradle-daemon-main-8.13.jar
Launcher Type: SUN_STANDARD

[Global flags]
     intx CICompilerCount                          = 15                                        {product} {ergonomic}
     uint ConcGCThreads                            = 6                                         {product} {ergonomic}
     uint G1ConcRefinementThreads                  = 23                                        {product} {ergonomic}
   size_t G1HeapRegionSize                         = 1048576                                   {product} {ergonomic}
    uintx GCDrainStackTargetSize                   = 64                                        {product} {ergonomic}
   size_t InitialHeapSize                          = 2105540608                                {product} {ergonomic}
   size_t MarkStackSize                            = 4194304                                   {product} {ergonomic}
   size_t MaxHeapSize                              = 2147483648                                {product} {command line}
   size_t MaxNewSize                               = 1287651328                                {product} {ergonomic}
   size_t MinHeapDeltaBytes                        = 1048576                                   {product} {ergonomic}
   size_t MinHeapSize                              = 8388608                                   {product} {ergonomic}
    uintx NonNMethodCodeHeapSize                   = 8192380                                {pd product} {ergonomic}
    uintx NonProfiledCodeHeapSize                  = 121732930                              {pd product} {ergonomic}
    uintx ProfiledCodeHeapSize                     = 121732930                              {pd product} {ergonomic}
    uintx ReservedCodeCacheSize                    = 251658240                              {pd product} {ergonomic}
     bool SegmentedCodeCache                       = true                                      {product} {ergonomic}
   size_t SoftMaxHeapSize                          = 2147483648                             {manageable} {ergonomic}
     bool UseCompressedOops                        = true                           {product lp64_product} {ergonomic}
     bool UseG1GC                                  = true                                      {product} {ergonomic}

Logging:
Log output configuration:
 #0: stdout all=warning uptime,level,tags foldmultilines=false
 #1: stderr all=off uptime,level,tags foldmultilines=false

Release file:
IMPLEMENTOR="Eclipse Adoptium"
IMPLEMENTOR_VERSION="Temurin-21.0.11+10"
JAVA_RUNTIME_VERSION="21.0.11+10-LTS"
JAVA_VERSION="21.0.11"
JAVA_VERSION_DATE="2026-04-21"
LIBC="gnu"
MODULES="java.base java.compiler java.datatransfer java.xml java.prefs java.desktop java.instrument java.logging java.management java.security.sasl java.naming java.rmi java.management.rmi java.net.http java.scripting java.security.jgss java.transaction.xa java.sql java.sql.rowset java.xml.crypto java.se java.smartcardio jdk.accessibility jdk.internal.jvmstat jdk.attach jdk.charsets jdk.internal.opt jdk.zipfs jdk.compiler jdk.crypto.ec jdk.crypto.cryptoki jdk.dynalink jdk.internal.ed jdk.editpad jdk.hotspot.agent jdk.httpserver jdk.incubator.vector jdk.internal.le jdk.internal.vm.ci jdk.internal.vm.compiler jdk.internal.vm.compiler.management jdk.jartool jdk.javadoc jdk.jcmd jdk.management jdk.management.agent jdk.jconsole jdk.jdeps jdk.jdwp.agent jdk.jdi jdk.jfr jdk.jlink jdk.jpackage jdk.jshell jdk.jsobject jdk.jstatd jdk.localedata jdk.management.jfr jdk.naming.dns jdk.naming.rmi jdk.net jdk.nio.mapmode jdk.random jdk.sctp jdk.security.auth jdk.security.jgss jdk.unsupported jdk.unsupported.desktop jdk.xml.dom"
OS_ARCH="x86_64"
OS_NAME="Linux"
SOURCE=".:git:254494ad7d75"
BUILD_SOURCE="git:a612825ee82a20ac872d60958c349854c1f29a8e"
BUILD_SOURCE_REPO="https://github.com/adoptium/temurin-build.git"
SOURCE_REPO="https://github.com/adoptium/jdk21u.git"
FULL_VERSION="21.0.11+10-LTS"
SEMANTIC_VERSION="21.0.11+10"
BUILD_INFO="OS: Linux Version: 6.8.0-1051-azure"
JVM_VARIANT="Hotspot"
JVM_VERSION="21.0.11+10-LTS"
IMAGE_TYPE="JDK"

Environment Variables:
JAVA_HOME=
PATH=/home/achille/.local/bin:/home/achille/.codex/tmp/arg0/codex-arg0A0riAs:/home/achille/.nvm/versions/node/v24.14.1/lib/node_modules/@openai/codex/node_modules/@openai/codex-linux-x64/vendor/x86_64-unknown-linux-musl/path:/home/achille/.nvm/versions/node/v24.14.1/bin:/home/achille/.local/bin:/usr/local/sbin:/usr/local/bin:/usr/sbin:/usr/bin:/sbin:/bin:/usr/games:/usr/local/games:/snap/bin:/snap/bin
USERNAME=achille
SHELL=/bin/bash
DISPLAY=:0
WAYLAND_DISPLAY=wayland-0
LANG=C.UTF-8
LC_ALL=C.UTF-8
LC_CTYPE=C.UTF-8
TERM=dumb

Active Locale:
LC_ALL=C.UTF-8
LC_COLLATE=C.UTF-8
LC_CTYPE=C.UTF-8
LC_MESSAGES=C.UTF-8
LC_MONETARY=C.UTF-8
LC_NUMERIC=C.UTF-8
LC_TIME=C.UTF-8

Signal Handlers:
   SIGSEGV: crash_handler in libjvm.so, mask=11100100010111111101111111111110, flags=SA_RESTART|SA_SIGINFO, unblocked
    SIGBUS: crash_handler in libjvm.so, mask=11100100010111111101111111111110, flags=SA_RESTART|SA_SIGINFO, unblocked
    SIGFPE: crash_handler in libjvm.so, mask=11100100010111111101111111111110, flags=SA_RESTART|SA_SIGINFO, unblocked
   SIGPIPE: javaSignalHandler in libjvm.so, mask=11100100010111111101111111111110, flags=SA_RESTART|SA_SIGINFO, blocked
   SIGXFSZ: javaSignalHandler in libjvm.so, mask=11100100010111111101111111111110, flags=SA_RESTART|SA_SIGINFO, blocked
    SIGILL: crash_handler in libjvm.so, mask=11100100010111111101111111111110, flags=SA_RESTART|SA_SIGINFO, unblocked
   SIGUSR2: SR_handler in libjvm.so, mask=00000000000000000000000000000000, flags=SA_RESTART|SA_SIGINFO, blocked
    SIGHUP: UserHandler in libjvm.so, mask=11100100010111111101111111111110, flags=SA_RESTART|SA_SIGINFO, blocked
    SIGINT: UserHandler in libjvm.so, mask=11100100010111111101111111111110, flags=SA_RESTART|SA_SIGINFO, blocked
   SIGTERM: UserHandler in libjvm.so, mask=11100100010111111101111111111110, flags=SA_RESTART|SA_SIGINFO, blocked
   SIGQUIT: UserHandler in libjvm.so, mask=11100100010111111101111111111110, flags=SA_RESTART|SA_SIGINFO, blocked
   SIGTRAP: crash_handler in libjvm.so, mask=11100100010111111101111111111110, flags=SA_RESTART|SA_SIGINFO, unblocked


Periodic native trim disabled

---------------  S Y S T E M  ---------------

OS:
DISTRIB_ID=Ubuntu
DISTRIB_RELEASE=26.04
DISTRIB_CODENAME=resolute
DISTRIB_DESCRIPTION="Ubuntu 26.04 LTS"
uname: Linux 7.0.0-15-generic #15-Ubuntu SMP PREEMPT_DYNAMIC Wed Apr 22 16:06:43 UTC 2026 x86_64
OS uptime: 0 days 0:29 hours
libc: glibc 2.43 NPTL 2.43 
rlimit (soft/hard): STACK 8192k/infinity , CORE 0k/infinity , NPROC 478016/478016 , NOFILE 524288/524288 , AS infinity/infinity , CPU infinity/infinity , DATA infinity/infinity , FSIZE infinity/infinity , MEMLOCK 8192k/8192k
load average: 2.44 2.09 1.35

/proc/meminfo:
MemTotal:       131568944 kB
MemFree:        103572584 kB
MemAvailable:   115130804 kB
Buffers:          372032 kB
Cached:         11953272 kB
SwapCached:            0 kB
Active:         16526124 kB
Inactive:        9376428 kB
Active(anon):   13668064 kB
Inactive(anon):        0 kB
Active(file):    2858060 kB
Inactive(file):  9376428 kB
Unevictable:         528 kB
Mlocked:             528 kB
SwapTotal:       8388604 kB
SwapFree:        8388604 kB
Zswap:                 0 kB
Zswapped:              0 kB
Dirty:              6304 kB
Writeback:             0 kB
AnonPages:      13579092 kB
Mapped:          2152960 kB
Shmem:             91532 kB
KReclaimable:     542860 kB
Slab:             958940 kB
SReclaimable:     542860 kB
SUnreclaim:       416080 kB
KernelStack:       41440 kB
PageTables:        97444 kB
SecPageTables:      4128 kB
NFS_Unstable:          0 kB
Bounce:                0 kB
WritebackTmp:          0 kB
CommitLimit:    74173076 kB
Committed_AS:   27656304 kB
VmallocTotal:   34359738367 kB
VmallocUsed:      146824 kB
VmallocChunk:          0 kB
Percpu:            43392 kB
HardwareCorrupted:     0 kB
AnonHugePages:         0 kB
ShmemHugePages:        0 kB
ShmemPmdMapped:        0 kB
FileHugePages:    106496 kB
FilePmdMapped:         0 kB
CmaTotal:              0 kB
CmaFree:         9150464 kB
Unaccepted:            0 kB
Balloon:               0 kB
HugePages_Total:       0
HugePages_Free:        0
HugePages_Rsvd:        0
HugePages_Surp:        0
Hugepagesize:       2048 kB
Hugetlb:               0 kB
DirectMap4k:     1223212 kB
DirectMap2M:    20471808 kB
DirectMap1G:    112197632 kB

/sys/kernel/mm/transparent_hugepage/enabled: always [madvise] never
/sys/kernel/mm/transparent_hugepage/hpage_pmd_size: 2097152
/sys/kernel/mm/transparent_hugepage/defrag (defrag/compaction efforts parameter): always defer defer+madvise [madvise] never

Process Memory:
Virtual Size: 21119200K (peak: 21215968K)
Resident Set Size: 2846592K (peak: 2846592K) (anon: 2819476K, file: 27084K, shmem: 32K)
Swapped out: 0K
C-Heap outstanding allocations: 268237K, retained: 809158K
glibc malloc tunables: (default)

/proc/sys/kernel/threads-max (system-wide limit on the number of threads): 956033
/proc/sys/vm/max_map_count (maximum number of memory map areas a process may have): 1048576
/proc/sys/vm/swappiness (control to define how aggressively the kernel swaps out anonymous memory): 60
/proc/sys/kernel/pid_max (system-wide limit on number of process identifiers): 4194304

container information not found.
Steal ticks since vm start: 0
Steal ticks percentage since vm start:  0.000

CPU: total 32 (initial active 32) (32 cores per cpu, 1 threads per core) family 6 model 183 stepping 1 microcode 0x133, cx8, cmov, fxsr, mmx, 3dnowpref, sse, sse2, sse3, ssse3, sse4.1, sse4.2, popcnt, lzcnt, tsc, tscinvbit, avx, avx2, aes, erms, clmul, bmi1, bmi2, adx, sha, fma, vzeroupper, clflush, clflushopt, clwb, serialize, rdtscp, rdpid, fsrm, f16c, pku, ospke, cet_ibt, cet_ss
CPU Model and flags from /proc/cpuinfo:
model name	: 13th Gen Intel(R) Core(TM) i9-13900KS
flags		: fpu vme de pse tsc msr pae mce cx8 apic sep mtrr pge mca cmov pat pse36 clflush dts acpi mmx fxsr sse sse2 ss ht tm pbe syscall nx pdpe1gb rdtscp lm constant_tsc art arch_perfmon pebs bts rep_good nopl xtopology nonstop_tsc cpuid aperfmperf tsc_known_freq pni pclmulqdq dtes64 monitor ds_cpl vmx smx est tm2 ssse3 sdbg fma cx16 xtpr pdcm pcid sse4_1 sse4_2 x2apic movbe popcnt tsc_deadline_timer aes xsave avx f16c rdrand lahf_lm abm 3dnowprefetch cpuid_fault epb ssbd ibrs ibpb stibp ibrs_enhanced tpr_shadow flexpriority ept vpid ept_ad fsgsbase tsc_adjust bmi1 avx2 smep bmi2 erms invpcid rdseed adx smap clflushopt clwb intel_pt sha_ni xsaveopt xsavec xgetbv1 xsaves split_lock_detect user_shstk avx_vnni dtherm ida arat pln pts hwp hwp_notify hwp_act_window hwp_epp hwp_pkg_req hfi vnmi umip pku ospke waitpkg gfni vaes vpclmulqdq rdpid movdiri movdir64b fsrm md_clear serialize pconfig arch_lbr ibt flush_l1d arch_capabilities

Online cpus: 0-31
Offline cpus: 
BIOS frequency limitation: <Not Available>
Frequency switch latency (ns): 0
Available cpu frequencies: <Not Available>
Current governor: powersave
Core performance/turbo boost: <Not Available>

Memory: 4k page, physical 131568944k(115130804k free), swap 8388604k(8388604k free)
Page Sizes: 4k

vm_info: OpenJDK 64-Bit Server VM (21.0.11+10-LTS) for linux-amd64 JRE (21.0.11+10-LTS), built on 2026-04-21T00:00:00Z by "admin" with gcc 11.3.0

END.
